2026-02-25 19:26:18,037 [INFO] === START ===
2026-02-25 19:26:18,037 [INFO] [playlist:https://www.youtube.com/@SMii7Yplays] Attempt 1/5
2026-02-25 19:26:18,037 [INFO] RUN playlist:https://www.youtube.com/@SMii7Yplays: C:\Tools\yt-dlp\yt-dlp.exe --flat-playlist --dump-json https://www.youtube.com/@SMii7Yplays/videos
2026-02-25 19:26:22,535 [INFO] [info:mc8jZGkIUTM] Attempt 1/5
2026-02-25 19:26:22,535 [INFO] RUN info:mc8jZGkIUTM: C:\Tools\yt-dlp\yt-dlp.exe --dump-json https://www.youtube.com/watch?v=mc8jZGkIUTM
2026-02-25 19:26:26,842 [INFO] [info:VOBuZWJ8sLw] Attempt 1/5
2026-02-25 19:26:26,842 [INFO] RUN info:VOBuZWJ8sLw: C:\Tools\yt-dlp\yt-dlp.exe --dump-json https://www.youtube.com/watch?v=VOBuZWJ8sLw
2026-02-25 19:26:31,372 [INFO] [info:ev8_AsY--BA] Attempt 1/5
2026-02-25 19:26:31,373 [INFO] RUN info:ev8_AsY--BA: C:\Tools\yt-dlp\yt-dlp.exe --dump-json https://www.youtube.com/watch?v=ev8_AsY--BA
2026-02-25 19:26:35,942 [INFO] [info:0IHRw2dlUQk] Attempt 1/5
2026-02-25 19:26:35,942 [INFO] RUN info:0IHRw2dlUQk: C:\Tools\yt-dlp\yt-dlp.exe --dump-json https://www.youtube.com/watch?v=0IHRw2dlUQk
2026-02-25 19:26:40,441 [INFO] [info:_GrkaJPlEGg] Attempt 1/5
2026-02-25 19:26:40,441 [INFO] RUN info:_GrkaJPlEGg: C:\Tools\yt-dlp\yt-dlp.exe --dump-json https://www.youtube.com/watch?v=_GrkaJPlEGg
2026-02-25 19:26:44,888 [INFO] Channel https://www.youtube.com/@SMii7Yplays -> 5 videos
2026-02-25 19:26:44,888 [INFO] [playlist:https://www.youtube.com/@SMii7Yplus] Attempt 1/5
2026-02-25 19:26:44,888 [INFO] RUN playlist:https://www.youtube.com/@SMii7Yplus: C:\Tools\yt-dlp\yt-dlp.exe --flat-playlist --dump-json https://www.youtube.com/@SMii7Yplus/videos
2026-02-25 19:26:55,630 [INFO] [info:h1d1FrVmW1M] Attempt 1/5
2026-02-25 19:26:55,630 [INFO] RUN info:h1d1FrVmW1M: C:\Tools\yt-dlp\yt-dlp.exe --dump-json https://www.youtube.com/watch?v=h1d1FrVmW1M
2026-02-25 19:27:00,419 [INFO] [info:f-aAPIyuvgQ] Attempt 1/5
2026-02-25 19:27:00,419 [INFO] RUN info:f-aAPIyuvgQ: C:\Tools\yt-dlp\yt-dlp.exe --dump-json https://www.youtube.com/watch?v=f-aAPIyuvgQ
2026-02-25 19:27:04,898 [INFO] [info:_RjyzK5yVz4] Attempt 1/5
2026-02-25 19:27:04,898 [INFO] RUN info:_RjyzK5yVz4: C:\Tools\yt-dlp\yt-dlp.exe --dump-json https://www.youtube.com/watch?v=_RjyzK5yVz4
2026-02-25 19:27:09,349 [INFO] [info:Iasj6B3TscI] Attempt 1/5
2026-02-25 19:27:09,349 [INFO] RUN info:Iasj6B3TscI: C:\Tools\yt-dlp\yt-dlp.exe --dump-json https://www.youtube.com/watch?v=Iasj6B3TscI
2026-02-25 19:27:14,002 [INFO] [info:CjNownqJq6c] Attempt 1/5
2026-02-25 19:27:14,003 [INFO] RUN info:CjNownqJq6c: C:\Tools\yt-dlp\yt-dlp.exe --dump-json https://www.youtube.com/watch?v=CjNownqJq6c
2026-02-25 19:27:18,381 [INFO] Channel https://www.youtube.com/@SMii7Yplus -> 5 videos
2026-02-25 19:27:18,381 [INFO] [playlist:https://www.youtube.com/@SMii7Y] Attempt 1/5
2026-02-25 19:27:18,381 [INFO] RUN playlist:https://www.youtube.com/@SMii7Y: C:\Tools\yt-dlp\yt-dlp.exe --flat-playlist --dump-json https://www.youtube.com/@SMii7Y/videos
2026-02-25 19:27:47,825 [INFO] [info:RXFy3z5AUuo] Attempt 1/5
2026-02-25 19:27:47,825 [INFO] RUN info:RXFy3z5AUuo: C:\Tools\yt-dlp\yt-dlp.exe --dump-json https://www.youtube.com/watch?v=RXFy3z5AUuo
2026-02-25 19:27:52,404 [INFO] [info:wrV70wmLHvU] Attempt 1/5
2026-02-25 19:27:52,404 [INFO] RUN info:wrV70wmLHvU: C:\Tools\yt-dlp\yt-dlp.exe --dump-json https://www.youtube.com/watch?v=wrV70wmLHvU
2026-02-25 19:27:56,891 [INFO] [info:bxntgxuXkoY] Attempt 1/5
2026-02-25 19:27:56,891 [INFO] RUN info:bxntgxuXkoY: C:\Tools\yt-dlp\yt-dlp.exe --dump-json https://www.youtube.com/watch?v=bxntgxuXkoY
2026-02-25 19:28:01,488 [INFO] [info:JZm2gwn5dBQ] Attempt 1/5
2026-02-25 19:28:01,488 [INFO] RUN info:JZm2gwn5dBQ: C:\Tools\yt-dlp\yt-dlp.exe --dump-json https://www.youtube.com/watch?v=JZm2gwn5dBQ
2026-02-25 19:28:06,094 [INFO] [info:AMA6AkkexzE] Attempt 1/5
2026-02-25 19:28:06,094 [INFO] RUN info:AMA6AkkexzE: C:\Tools\yt-dlp\yt-dlp.exe --dump-json https://www.youtube.com/watch?v=AMA6AkkexzE
2026-02-25 19:28:10,718 [INFO] Channel https://www.youtube.com/@SMii7Y -> 5 videos
2026-02-25 19:28:10,718 [INFO] [playlist:https://www.youtube.com/@dougdougdoug] Attempt 1/5
2026-02-25 19:28:10,718 [INFO] RUN playlist:https://www.youtube.com/@dougdougdoug: C:\Tools\yt-dlp\yt-dlp.exe --flat-playlist --dump-json https://www.youtube.com/@dougdougdoug/videos
2026-02-25 19:28:15,990 [INFO] [info:ikhclgBZ818] Attempt 1/5
2026-02-25 19:28:15,990 [INFO] RUN info:ikhclgBZ818: C:\Tools\yt-dlp\yt-dlp.exe --dump-json https://www.youtube.com/watch?v=ikhclgBZ818
2026-02-25 19:28:20,202 [INFO] [info:OYf6n-tlLC0] Attempt 1/5
2026-02-25 19:28:20,202 [INFO] RUN info:OYf6n-tlLC0: C:\Tools\yt-dlp\yt-dlp.exe --dump-json https://www.youtube.com/watch?v=OYf6n-tlLC0
2026-02-25 19:28:24,893 [INFO] [info:JK03aFeiDEs] Attempt 1/5
2026-02-25 19:28:24,893 [INFO] RUN info:JK03aFeiDEs: C:\Tools\yt-dlp\yt-dlp.exe --dump-json https://www.youtube.com/watch?v=JK03aFeiDEs
2026-02-25 19:28:29,807 [INFO] [info:t-4_y299yx4] Attempt 1/5
2026-02-25 19:28:29,807 [INFO] RUN info:t-4_y299yx4: C:\Tools\yt-dlp\yt-dlp.exe --dump-json https://www.youtube.com/watch?v=t-4_y299yx4
2026-02-25 19:28:34,327 [INFO] [info:kGa-fPqe9Fc] Attempt 1/5
2026-02-25 19:28:34,327 [INFO] RUN info:kGa-fPqe9Fc: C:\Tools\yt-dlp\yt-dlp.exe --dump-json https://www.youtube.com/watch?v=kGa-fPqe9Fc
2026-02-25 19:28:39,391 [INFO] Channel https://www.youtube.com/@dougdougdoug -> 5 videos
2026-02-25 19:28:39,391 [INFO] [playlist:https://www.youtube.com/@failboat] Attempt 1/5
2026-02-25 19:28:39,391 [INFO] RUN playlist:https://www.youtube.com/@failboat: C:\Tools\yt-dlp\yt-dlp.exe --flat-playlist --dump-json https://www.youtube.com/@failboat/videos
2026-02-25 19:29:18,033 [INFO] [info:b6HOenJn0Es] Attempt 1/5
2026-02-25 19:29:18,033 [INFO] RUN info:b6HOenJn0Es: C:\Tools\yt-dlp\yt-dlp.exe --dump-json https://www.youtube.com/watch?v=b6HOenJn0Es
2026-02-25 19:29:22,594 [INFO] [info:3bLAmPTpE2E] Attempt 1/5
2026-02-25 19:29:22,595 [INFO] RUN info:3bLAmPTpE2E: C:\Tools\yt-dlp\yt-dlp.exe --dump-json https://www.youtube.com/watch?v=3bLAmPTpE2E
2026-02-25 19:32:03,964 [INFO] === START ===
2026-02-25 19:32:03,964 [INFO] [playlist:https://www.youtube.com/@SMii7Yplays] Attempt 1/5
2026-02-25 19:32:03,964 [INFO] RUN playlist:https://www.youtube.com/@SMii7Yplays: C:\Tools\yt-dlp\yt-dlp.exe --dump-json --flat-playlist --extractor-args youtube:skip=dash https://www.youtube.com/@SMii7Yplays/videos
2026-02-25 19:32:09,246 [INFO] Channel https://www.youtube.com/@SMii7Yplays -> 5 videos
2026-02-25 19:32:09,247 [INFO] [playlist:https://www.youtube.com/@SMii7Yplus] Attempt 1/5
2026-02-25 19:32:09,247 [INFO] RUN playlist:https://www.youtube.com/@SMii7Yplus: C:\Tools\yt-dlp\yt-dlp.exe --dump-json --flat-playlist --extractor-args youtube:skip=dash https://www.youtube.com/@SMii7Yplus/videos
2026-02-25 19:32:20,293 [INFO] Channel https://www.youtube.com/@SMii7Yplus -> 5 videos
2026-02-25 19:32:20,294 [INFO] [playlist:https://www.youtube.com/@SMii7Y] Attempt 1/5
2026-02-25 19:32:20,294 [INFO] RUN playlist:https://www.youtube.com/@SMii7Y: C:\Tools\yt-dlp\yt-dlp.exe --dump-json --flat-playlist --extractor-args youtube:skip=dash https://www.youtube.com/@SMii7Y/videos
2026-02-25 19:32:52,178 [INFO] Channel https://www.youtube.com/@SMii7Y -> 5 videos
2026-02-25 19:32:52,178 [INFO] [playlist:https://www.youtube.com/@dougdougdoug] Attempt 1/5
2026-02-25 19:32:52,178 [INFO] RUN playlist:https://www.youtube.com/@dougdougdoug: C:\Tools\yt-dlp\yt-dlp.exe --dump-json --flat-playlist --extractor-args youtube:skip=dash https://www.youtube.com/@dougdougdoug/videos
2026-02-25 19:32:57,347 [INFO] Channel https://www.youtube.com/@dougdougdoug -> 5 videos
2026-02-25 19:32:57,347 [INFO] [playlist:https://www.youtube.com/@failboat] Attempt 1/5
2026-02-25 19:32:57,348 [INFO] RUN playlist:https://www.youtube.com/@failboat: C:\Tools\yt-dlp\yt-dlp.exe --dump-json --flat-playlist --extractor-args youtube:skip=dash https://www.youtube.com/@failboat/videos
2026-02-25 19:33:29,371 [INFO] Channel https://www.youtube.com/@failboat -> 5 videos
2026-02-25 19:33:29,371 [INFO] [playlist:https://www.youtube.com/@LetsGameItOut] Attempt 1/5
2026-02-25 19:33:29,371 [INFO] RUN playlist:https://www.youtube.com/@LetsGameItOut: C:\Tools\yt-dlp\yt-dlp.exe --dump-json --flat-playlist --extractor-args youtube:skip=dash https://www.youtube.com/@LetsGameItOut/videos
2026-02-25 19:33:47,170 [INFO] Channel https://www.youtube.com/@LetsGameItOut -> 5 videos
2026-02-25 19:33:47,170 [INFO] Queue size: 30
2026-02-25 19:33:47,171 [INFO] Processing video mc8jZGkIUTM (I Got A Totally Normal Office Job) from channel None
2026-02-25 19:33:47,171 [INFO] Starting download for mc8jZGkIUTM (I Got A Totally Normal Office Job)
2026-02-25 19:33:47,173 [INFO] Download attempt 1/5 for mc8jZGkIUTM
2026-02-25 19:33:47,173 [INFO] [urls:mc8jZGkIUTM:134+140] Attempt 1/5
2026-02-25 19:33:47,173 [INFO] RUN urls:mc8jZGkIUTM:134+140: C:\Tools\yt-dlp\yt-dlp.exe -g -f 134+140 https://www.youtube.com/watch?v=mc8jZGkIUTM
2026-02-25 19:33:51,757 [INFO] Got URLs for mc8jZGkIUTM with format 134+140
2026-02-25 19:33:51,757 [INFO] Starting ffmpeg for mc8jZGkIUTM: ffmpeg -y -loglevel error -progress pipe:2 -i https://rr2---sn-uxanug5-2xgd.googlevideo.com/videoplayback?expire=1772040835&ei=I96eaZflA9zQg8UPovq4-AE&ip=58.160.79.35&id=o-ACKdinjKvDhawJG-lZR8SoXkuq9KZoZlvEUXkusZfw1d&itag=134&source=youtube&requiressl=yes&xpc=EgVo2aDSNQ%3D%3D&cps=461&met=1772019235%2C&mh=TA&mm=31%2C29&mn=sn-uxanug5-2xgd%2Csn-hxa76n7s&ms=au%2Crdu&mv=m&mvi=2&pl=18&rms=au%2Cau&initcwndbps=2250000&bui=AVNa5-wuPUITn8xKjBThprhYLwxrFKmo_G3gJ49IQPhA3BB1Yj1E7RVOvn3rxImTWjTT8da7O0OZIzL5&spc=6dlaFBz5wbXV&vprv=1&svpuc=1&mime=video%2Fmp4&rqh=1&gir=yes&clen=69658367&dur=2611.233&lmt=1771558065203198&mt=1772018697&fvip=1&keepalive=yes&fexp=51552689%2C51565116%2C51565682%2C51580968&c=ANDROID_VR&txp=4535534&sparams=expire%2Cei%2Cip%2Cid%2Citag%2Csource%2Crequiressl%2Cxpc%2Cbui%2Cspc%2Cvprv%2Csvpuc%2Cmime%2Crqh%2Cgir%2Cclen%2Cdur%2Clmt&sig=AJEij0EwRQIhAKyuQjla93l3ZqPVuOD7SmAHrWg301Fkf4UcQ61U4SGdAiBhn-miKAeAD9RO6dhSJQFqjfJGNWR6jS48MCEtB6MkTQ%3D%3D&lsparams=cps%2Cmet%2Cmh%2Cmm%2Cmn%2Cms%2Cmv%2Cmvi%2Cpl%2Crms%2Cinitcwndbps&lsig=APaTxxMwRQIgIdfD8A3loMwQMzAhZexUudbP4WHZs_vbzkAJuM2mdfgCIQChdwitSrB9sSmR2mkNpndQmTcEWKQhz0_3zzPqZke7cA%3D%3D -i https://rr2---sn-uxanug5-2xgd.googlevideo.com/videoplayback?expire=1772040835&ei=I96eaZflA9zQg8UPovq4-AE&ip=58.160.79.35&id=o-ACKdinjKvDhawJG-lZR8SoXkuq9KZoZlvEUXkusZfw1d&itag=140&source=youtube&requiressl=yes&xpc=EgVo2aDSNQ%3D%3D&cps=461&met=1772019235%2C&mh=TA&mm=31%2C29&mn=sn-uxanug5-2xgd%2Csn-hxa76n7s&ms=au%2Crdu&mv=m&mvi=2&pl=18&rms=au%2Cau&initcwndbps=2250000&bui=AVNa5-wuPUITn8xKjBThprhYLwxrFKmo_G3gJ49IQPhA3BB1Yj1E7RVOvn3rxImTWjTT8da7O0OZIzL5&spc=6dlaFBz5wbXV&vprv=1&svpuc=1&mime=audio%2Fmp4&rqh=1&gir=yes&clen=42262078&dur=2611.315&lmt=1771551932841347&mt=1772018697&fvip=1&keepalive=yes&fexp=51552689%2C51565116%2C51565682%2C51580968&c=ANDROID_VR&txp=4532534&sparams=expire%2Cei%2Cip%2Cid%2Citag%2Csource%2Crequiressl%2Cxpc%2Cbui%2Cspc%2Cvprv%2Csvpuc%2Cmime%2Crqh%2Cgir%2Cclen%2Cdur%2Clmt&sig=AJEij0EwRQIhANfj6ni5_zN3HJ1p6Le88OB_LBr91SQH8UzrjOARGJuvAiA5xMMmt0o5fkVDOnLOJB1igW2byhbcPKjGIUZIK9ArKw%3D%3D&lsparams=cps%2Cmet%2Cmh%2Cmm%2Cmn%2Cms%2Cmv%2Cmvi%2Cpl%2Crms%2Cinitcwndbps&lsig=APaTxxMwRQIgIdfD8A3loMwQMzAhZexUudbP4WHZs_vbzkAJuM2mdfgCIQChdwitSrB9sSmR2mkNpndQmTcEWKQhz0_3zzPqZke7cA%3D%3D -c copy mc8jZGkIUTM.mp4
2026-02-25 19:40:28,745 [INFO] ffmpeg finished for mc8jZGkIUTM with code 0
2026-02-25 19:40:28,746 [INFO] [ffprobe:mc8jZGkIUTM.mp4] Attempt 1/5
2026-02-25 19:40:28,746 [INFO] RUN ffprobe:mc8jZGkIUTM.mp4: ffprobe -v error -show_entries format=duration -of default=noprint_wrappers=1:nokey=1 mc8jZGkIUTM.mp4
2026-02-25 19:43:55,376 [INFO] === START ===
2026-02-25 19:43:55,376 [INFO] Found leftover file C:\hacking\mc8jZGkIUTM.mp4 (id=mc8jZGkIUTM), validating...
2026-02-25 19:43:55,376 [INFO] [ffprobe:mc8jZGkIUTM.mp4] Attempt 1/5
2026-02-25 19:43:55,376 [INFO] RUN ffprobe:mc8jZGkIUTM.mp4: ffprobe -v error -show_entries format=duration -of default=noprint_wrappers=1:nokey=1 C:\hacking\mc8jZGkIUTM.mp4
2026-02-25 19:43:55,416 [INFO] Validation OK for C:\hacking\mc8jZGkIUTM.mp4 (size=31403784, duration=720.14)
2026-02-25 19:43:55,417 [INFO] Leftover file C:\hacking\mc8jZGkIUTM.mp4 seems valid but unknown; leaving in place.
2026-02-25 19:44:04,628 [INFO] === START ===
2026-02-25 19:44:04,628 [INFO] Found leftover file C:\hacking\mc8jZGkIUTM.mp4 (id=mc8jZGkIUTM), validating...
2026-02-25 19:44:04,628 [INFO] [ffprobe:mc8jZGkIUTM.mp4] Attempt 1/5
2026-02-25 19:44:04,628 [INFO] RUN ffprobe:mc8jZGkIUTM.mp4: ffprobe -v error -show_entries format=duration -of default=noprint_wrappers=1:nokey=1 C:\hacking\mc8jZGkIUTM.mp4
2026-02-25 19:44:04,664 [INFO] Validation OK for C:\hacking\mc8jZGkIUTM.mp4 (size=31403784, duration=720.14)
2026-02-25 19:44:04,665 [INFO] Leftover file C:\hacking\mc8jZGkIUTM.mp4 seems valid but unknown; leaving in place.
2026-02-25 19:44:26,918 [INFO] === START ===
2026-02-25 19:44:26,918 [INFO] Found leftover file C:\hacking\mc8jZGkIUTM.mp4 (id=mc8jZGkIUTM), validating...
2026-02-25 19:44:26,918 [INFO] [ffprobe:mc8jZGkIUTM.mp4] Attempt 1/5
2026-02-25 19:44:26,918 [INFO] RUN ffprobe:mc8jZGkIUTM.mp4: ffprobe -v error -show_entries format=duration -of default=noprint_wrappers=1:nokey=1 C:\hacking\mc8jZGkIUTM.mp4
2026-02-25 19:44:26,956 [INFO] Validation OK for C:\hacking\mc8jZGkIUTM.mp4 (size=31403784, duration=720.14)
2026-02-25 19:44:26,956 [INFO] Leftover file C:\hacking\mc8jZGkIUTM.mp4 seems valid but unknown; leaving in place.
2026-02-25 19:44:26,956 [INFO] [playlist:https://www.youtube.com/@SMii7Yplays] Attempt 1/5
2026-02-25 19:44:26,957 [INFO] RUN playlist:https://www.youtube.com/@SMii7Yplays: C:\Tools\yt-dlp\yt-dlp.exe --dump-json --flat-playlist --extractor-args youtube:skip=dash https://www.youtube.com/@SMii7Yplays/videos
2026-02-25 19:44:31,257 [INFO] Channel https://www.youtube.com/@SMii7Yplays -> 2 videos
2026-02-25 19:44:31,257 [INFO] [playlist:https://www.youtube.com/@SMii7Yplus] Attempt 1/5
2026-02-25 19:44:31,257 [INFO] RUN playlist:https://www.youtube.com/@SMii7Yplus: C:\Tools\yt-dlp\yt-dlp.exe --dump-json --flat-playlist --extractor-args youtube:skip=dash https://www.youtube.com/@SMii7Yplus/videos
2026-02-25 19:44:42,417 [INFO] Channel https://www.youtube.com/@SMii7Yplus -> 2 videos
2026-02-25 19:44:42,417 [INFO] [playlist:https://www.youtube.com/@SMii7Y] Attempt 1/5
2026-02-25 19:44:42,417 [INFO] RUN playlist:https://www.youtube.com/@SMii7Y: C:\Tools\yt-dlp\yt-dlp.exe --dump-json --flat-playlist --extractor-args youtube:skip=dash https://www.youtube.com/@SMii7Y/videos
2026-02-25 19:45:13,550 [INFO] Channel https://www.youtube.com/@SMii7Y -> 2 videos
2026-02-25 19:45:13,550 [INFO] [playlist:https://www.youtube.com/@dougdougdoug] Attempt 1/5
2026-02-25 19:45:13,550 [INFO] RUN playlist:https://www.youtube.com/@dougdougdoug: C:\Tools\yt-dlp\yt-dlp.exe --dump-json --flat-playlist --extractor-args youtube:skip=dash https://www.youtube.com/@dougdougdoug/videos
2026-02-25 19:45:18,937 [INFO] Channel https://www.youtube.com/@dougdougdoug -> 2 videos
2026-02-25 19:45:18,937 [INFO] [playlist:https://www.youtube.com/@failboat] Attempt 1/5
2026-02-25 19:45:18,937 [INFO] RUN playlist:https://www.youtube.com/@failboat: C:\Tools\yt-dlp\yt-dlp.exe --dump-json --flat-playlist --extractor-args youtube:skip=dash https://www.youtube.com/@failboat/videos
2026-02-25 19:45:53,725 [INFO] Channel https://www.youtube.com/@failboat -> 2 videos
2026-02-25 19:45:53,725 [INFO] [playlist:https://www.youtube.com/@LetsGameItOut] Attempt 1/5
2026-02-25 19:45:53,725 [INFO] RUN playlist:https://www.youtube.com/@LetsGameItOut: C:\Tools\yt-dlp\yt-dlp.exe --dump-json --flat-playlist --extractor-args youtube:skip=dash https://www.youtube.com/@LetsGameItOut/videos
2026-02-25 19:46:13,368 [INFO] Channel https://www.youtube.com/@LetsGameItOut -> 2 videos
2026-02-25 19:46:13,368 [INFO] Queue size: 12
2026-02-25 19:46:13,368 [INFO] Processing video mc8jZGkIUTM (I Got A Totally Normal Office Job) from channel None
2026-02-25 19:46:13,369 [INFO] Starting download for mc8jZGkIUTM (I Got A Totally Normal Office Job)
2026-02-25 19:46:13,369 [INFO] Removing stale temp file mc8jZGkIUTM.mp4
2026-02-25 19:46:13,373 [INFO] Download attempt 1/5 for mc8jZGkIUTM
2026-02-25 19:46:13,373 [INFO] [urls:mc8jZGkIUTM:134+140] Attempt 1/5
2026-02-25 19:46:13,373 [INFO] RUN urls:mc8jZGkIUTM:134+140: C:\Tools\yt-dlp\yt-dlp.exe -g -f 134+140 https://www.youtube.com/watch?v=mc8jZGkIUTM
2026-02-25 19:46:18,385 [INFO] Got URLs for mc8jZGkIUTM with format 134+140
2026-02-25 19:46:18,385 [INFO] Starting ffmpeg for mc8jZGkIUTM: ffmpeg -y -loglevel error -progress pipe:2 -i https://rr2---sn-uxanug5-2xgd.googlevideo.com/videoplayback?expire=1772041581&ei=DeGeaemXKq3HssUP5o7r-Q4&ip=58.160.79.35&id=o-AH3j53bgVqD8UEgPZeOwIQJ4Rrp3r_NxrKqqFkMZo84Q&itag=134&source=youtube&requiressl=yes&xpc=EgVo2aDSNQ%3D%3D&cps=219&met=1772019981%2C&mh=TA&mm=31%2C29&mn=sn-uxanug5-2xgd%2Csn-hxa76n7s&ms=au%2Crdu&mv=m&mvi=2&pl=18&rms=au%2Cau&initcwndbps=2210000&bui=AVNa5-z6J9MdTvXa-wa0a0uOAempX3NYwcWXmA_mEUnBxW6u5VsE9jH2x1w6LaV4LF1br3E63QnicHnh&spc=6dlaFGJMzzBw&vprv=1&svpuc=1&mime=video%2Fmp4&rqh=1&gir=yes&clen=69658367&dur=2611.233&lmt=1771558065203198&mt=1772019666&fvip=1&keepalive=yes&fexp=51552689%2C51565115%2C51565681%2C51580968&c=ANDROID_VR&txp=4535534&sparams=expire%2Cei%2Cip%2Cid%2Citag%2Csource%2Crequiressl%2Cxpc%2Cbui%2Cspc%2Cvprv%2Csvpuc%2Cmime%2Crqh%2Cgir%2Cclen%2Cdur%2Clmt&sig=AJEij0EwQwIgEzZBqYBzY1O5apep29KPaoJy35Dw6oTOEsGQAWtmIp8CHzZtK508TeHZGrHPOTE3RZGcu8FkKOxM7jmxe7tPDfg%3D&lsparams=cps%2Cmet%2Cmh%2Cmm%2Cmn%2Cms%2Cmv%2Cmvi%2Cpl%2Crms%2Cinitcwndbps&lsig=APaTxxMwRgIhAPuS9cGCLfc4OXXw-vFSjucTdSc2tNDEVzRLRmXUPCXzAiEApWozmlOTVeducnk5zGusWI8m7FmNlXZ1zTmwPBexz2c%3D -i https://rr2---sn-uxanug5-2xgd.googlevideo.com/videoplayback?expire=1772041581&ei=DeGeaemXKq3HssUP5o7r-Q4&ip=58.160.79.35&id=o-AH3j53bgVqD8UEgPZeOwIQJ4Rrp3r_NxrKqqFkMZo84Q&itag=140&source=youtube&requiressl=yes&xpc=EgVo2aDSNQ%3D%3D&cps=219&met=1772019981%2C&mh=TA&mm=31%2C29&mn=sn-uxanug5-2xgd%2Csn-hxa76n7s&ms=au%2Crdu&mv=m&mvi=2&pl=18&rms=au%2Cau&initcwndbps=2210000&bui=AVNa5-z6J9MdTvXa-wa0a0uOAempX3NYwcWXmA_mEUnBxW6u5VsE9jH2x1w6LaV4LF1br3E63QnicHnh&spc=6dlaFGJMzzBw&vprv=1&svpuc=1&mime=audio%2Fmp4&rqh=1&gir=yes&clen=42262078&dur=2611.315&lmt=1771551932841347&mt=1772019666&fvip=1&keepalive=yes&fexp=51552689%2C51565115%2C51565681%2C51580968&c=ANDROID_VR&txp=4532534&sparams=expire%2Cei%2Cip%2Cid%2Citag%2Csource%2Crequiressl%2Cxpc%2Cbui%2Cspc%2Cvprv%2Csvpuc%2Cmime%2Crqh%2Cgir%2Cclen%2Cdur%2Clmt&sig=AJEij0EwRgIhAKyKyGMDlgvRqNkKKdkJ2F6JsQFlMc5o7gpOYwXVe9LHAiEAm96fxt_gP6Au5s2nMn1lC0fEK9qPbp2KQ4c-ZhjkSSI%3D&lsparams=cps%2Cmet%2Cmh%2Cmm%2Cmn%2Cms%2Cmv%2Cmvi%2Cpl%2Crms%2Cinitcwndbps&lsig=APaTxxMwRgIhAPuS9cGCLfc4OXXw-vFSjucTdSc2tNDEVzRLRmXUPCXzAiEApWozmlOTVeducnk5zGusWI8m7FmNlXZ1zTmwPBexz2c%3D -c copy mc8jZGkIUTM.mp4
2026-02-25 20:10:54,182 [INFO] ffmpeg finished for mc8jZGkIUTM with code 0
2026-02-25 20:10:54,183 [INFO] [ffprobe:mc8jZGkIUTM.mp4] Attempt 1/5
2026-02-25 20:10:54,183 [INFO] RUN ffprobe:mc8jZGkIUTM.mp4: ffprobe -v error -show_entries format=duration -of default=noprint_wrappers=1:nokey=1 mc8jZGkIUTM.mp4
2026-02-25 20:10:54,245 [INFO] Validation OK for mc8jZGkIUTM.mp4 (size=112281113, duration=2611.32)
2026-02-25 20:45:06,117 [INFO] === START ===
2026-02-25 20:45:06,117 [INFO] Found leftover file C:\hacking\mc8jZGkIUTM.mp4 (id=mc8jZGkIUTM), validating...
2026-02-25 20:45:06,117 [INFO] [ffprobe:mc8jZGkIUTM.mp4] Attempt 1/5
2026-02-25 20:45:06,117 [INFO] RUN ffprobe:mc8jZGkIUTM.mp4: ffprobe -v error -show_entries format=duration -of default=noprint_wrappers=1:nokey=1 C:\hacking\mc8jZGkIUTM.mp4
2026-02-25 20:45:06,165 [INFO] Validation OK for C:\hacking\mc8jZGkIUTM.mp4 (size=112281113, duration=2611.32)
2026-02-25 20:45:06,166 [INFO] Leftover file C:\hacking\mc8jZGkIUTM.mp4 seems valid but unknown; leaving in place.
2026-02-25 20:45:06,166 [INFO] [playlist:https://www.youtube.com/@SMii7Yplays] Attempt 1/5
2026-02-25 20:45:06,166 [INFO] RUN playlist:https://www.youtube.com/@SMii7Yplays: C:\Tools\yt-dlp\yt-dlp.exe --dump-json --flat-playlist --extractor-args youtube:skip=dash https://www.youtube.com/@SMii7Yplays/videos
2026-02-25 20:45:09,860 [INFO] Channel https://www.youtube.com/@SMii7Yplays -> 2 videos
2026-02-25 20:45:09,860 [INFO] [playlist:https://www.youtube.com/@SMii7Yplus] Attempt 1/5
2026-02-25 20:45:09,860 [INFO] RUN playlist:https://www.youtube.com/@SMii7Yplus: C:\Tools\yt-dlp\yt-dlp.exe --dump-json --flat-playlist --extractor-args youtube:skip=dash https://www.youtube.com/@SMii7Yplus/videos
2026-02-25 20:45:19,519 [INFO] Channel https://www.youtube.com/@SMii7Yplus -> 2 videos
2026-02-25 20:45:19,519 [INFO] [playlist:https://www.youtube.com/@SMii7Y] Attempt 1/5
2026-02-25 20:45:19,519 [INFO] RUN playlist:https://www.youtube.com/@SMii7Y: C:\Tools\yt-dlp\yt-dlp.exe --dump-json --flat-playlist --extractor-args youtube:skip=dash https://www.youtube.com/@SMii7Y/videos
2026-02-25 20:45:48,085 [INFO] Channel https://www.youtube.com/@SMii7Y -> 2 videos
2026-02-25 20:45:48,085 [INFO] [playlist:https://www.youtube.com/@dougdougdoug] Attempt 1/5
2026-02-25 20:45:48,085 [INFO] RUN playlist:https://www.youtube.com/@dougdougdoug: C:\Tools\yt-dlp\yt-dlp.exe --dump-json --flat-playlist --extractor-args youtube:skip=dash https://www.youtube.com/@dougdougdoug/videos
2026-02-25 20:45:52,363 [INFO] Channel https://www.youtube.com/@dougdougdoug -> 2 videos
2026-02-25 20:45:52,363 [INFO] [playlist:https://www.youtube.com/@failboat] Attempt 1/5
2026-02-25 20:45:52,363 [INFO] RUN playlist:https://www.youtube.com/@failboat: C:\Tools\yt-dlp\yt-dlp.exe --dump-json --flat-playlist --extractor-args youtube:skip=dash https://www.youtube.com/@failboat/videos
2026-02-25 20:46:19,150 [INFO] Channel https://www.youtube.com/@failboat -> 2 videos
2026-02-25 20:46:19,151 [INFO] [playlist:https://www.youtube.com/@LetsGameItOut] Attempt 1/5
2026-02-25 20:46:19,151 [INFO] RUN playlist:https://www.youtube.com/@LetsGameItOut: C:\Tools\yt-dlp\yt-dlp.exe --dump-json --flat-playlist --extractor-args youtube:skip=dash https://www.youtube.com/@LetsGameItOut/videos
2026-02-25 20:46:54,676 [INFO] Channel https://www.youtube.com/@LetsGameItOut -> 2 videos
2026-02-25 20:46:54,676 [INFO] Queue size: 12
2026-02-25 20:46:54,676 [INFO] Processing video mc8jZGkIUTM (I Got A Totally Normal Office Job) from channel None
2026-02-25 20:46:54,676 [INFO] Starting download for mc8jZGkIUTM (I Got A Totally Normal Office Job)
2026-02-25 20:46:54,676 [INFO] Removing stale temp file mc8jZGkIUTM.mp4
2026-02-25 20:46:54,680 [INFO] Download attempt 1/5 for mc8jZGkIUTM
2026-02-25 20:46:54,680 [INFO] [urls:mc8jZGkIUTM:134+140] Attempt 1/5
2026-02-25 20:46:54,680 [INFO] RUN urls:mc8jZGkIUTM:134+140: C:\Tools\yt-dlp\yt-dlp.exe -g -f 134+140 https://www.youtube.com/watch?v=mc8jZGkIUTM
2026-02-25 20:46:59,766 [INFO] === START ===
2026-02-25 20:46:59,766 [INFO] Clearing in_progress (mc8jZGkIUTM) because temp file missing.
2026-02-25 20:46:59,768 [INFO] [playlist:https://www.youtube.com/@SMii7Yplays] Attempt 1/5
2026-02-25 20:46:59,768 [INFO] RUN playlist:https://www.youtube.com/@SMii7Yplays: C:\Tools\yt-dlp\yt-dlp.exe --dump-json --flat-playlist --extractor-args youtube:skip=dash https://www.youtube.com/@SMii7Yplays/videos
2026-02-25 20:47:03,387 [INFO] Channel https://www.youtube.com/@SMii7Yplays -> 2 videos
2026-02-25 20:47:03,387 [INFO] [playlist:https://www.youtube.com/@SMii7Yplus] Attempt 1/5
2026-02-25 20:47:03,387 [INFO] RUN playlist:https://www.youtube.com/@SMii7Yplus: C:\Tools\yt-dlp\yt-dlp.exe --dump-json --flat-playlist --extractor-args youtube:skip=dash https://www.youtube.com/@SMii7Yplus/videos
2026-02-25 20:47:14,442 [INFO] Channel https://www.youtube.com/@SMii7Yplus -> 2 videos
2026-02-25 20:47:14,442 [INFO] [playlist:https://www.youtube.com/@SMii7Y] Attempt 1/5
2026-02-25 20:47:14,442 [INFO] RUN playlist:https://www.youtube.com/@SMii7Y: C:\Tools\yt-dlp\yt-dlp.exe --dump-json --flat-playlist --extractor-args youtube:skip=dash https://www.youtube.com/@SMii7Y/videos
2026-02-25 20:47:40,128 [INFO] Channel https://www.youtube.com/@SMii7Y -> 2 videos
2026-02-25 20:47:40,128 [INFO] [playlist:https://www.youtube.com/@dougdougdoug] Attempt 1/5
2026-02-25 20:47:40,128 [INFO] RUN playlist:https://www.youtube.com/@dougdougdoug: C:\Tools\yt-dlp\yt-dlp.exe --dump-json --flat-playlist --extractor-args youtube:skip=dash https://www.youtube.com/@dougdougdoug/videos
2026-02-25 20:47:44,186 [INFO] Channel https://www.youtube.com/@dougdougdoug -> 2 videos
2026-02-25 20:47:44,186 [INFO] [playlist:https://www.youtube.com/@failboat] Attempt 1/5
2026-02-25 20:47:44,186 [INFO] RUN playlist:https://www.youtube.com/@failboat: C:\Tools\yt-dlp\yt-dlp.exe --dump-json --flat-playlist --extractor-args youtube:skip=dash https://www.youtube.com/@failboat/videos
2026-02-25 20:48:09,744 [INFO] Channel https://www.youtube.com/@failboat -> 2 videos
2026-02-25 20:48:09,744 [INFO] [playlist:https://www.youtube.com/@LetsGameItOut] Attempt 1/5
2026-02-25 20:48:09,744 [INFO] RUN playlist:https://www.youtube.com/@LetsGameItOut: C:\Tools\yt-dlp\yt-dlp.exe --dump-json --flat-playlist --extractor-args youtube:skip=dash https://www.youtube.com/@LetsGameItOut/videos
2026-02-25 20:48:25,897 [INFO] Channel https://www.youtube.com/@LetsGameItOut -> 2 videos
2026-02-25 20:48:25,897 [INFO] Queue size: 12
2026-02-25 20:48:25,897 [INFO] Processing video mc8jZGkIUTM (I Got A Totally Normal Office Job) from channel UnknownChannel
2026-02-25 20:48:25,898 [INFO] Starting download for mc8jZGkIUTM (I Got A Totally Normal Office Job)
2026-02-25 20:48:25,899 [INFO] Download attempt 1/5 for mc8jZGkIUTM
2026-02-25 20:48:25,899 [INFO] [urls:mc8jZGkIUTM:134+140] Attempt 1/5
2026-02-25 20:48:25,899 [INFO] RUN urls:mc8jZGkIUTM:134+140: C:\Tools\yt-dlp\yt-dlp.exe -g -f 134+140 https://www.youtube.com/watch?v=mc8jZGkIUTM
2026-02-25 20:48:30,297 [INFO] Got URLs for mc8jZGkIUTM with format 134+140
2026-02-25 20:48:30,297 [INFO] Starting ffmpeg for mc8jZGkIUTM: ffmpeg -y -loglevel error -progress pipe:2 -i https://rr2---sn-uxanug5-2xgd.googlevideo.com/videoplayback?expire=1772045309&ei=ne-eaf3xJc3essUP7bPP4Ag&ip=58.160.79.35&id=o-ALCE6xLdkKsG5dGXvOS3sFnpFGgk4cp1Ntc8W-55iF-H&itag=134&source=youtube&requiressl=yes&xpc=EgVo2aDSNQ%3D%3D&cps=419&met=1772023709%2C&mh=TA&mm=31%2C29&mn=sn-uxanug5-2xgd%2Csn-hxa76n7s&ms=au%2Crdu&mv=m&mvi=2&pl=18&rms=au%2Cau&initcwndbps=2190000&bui=AVNa5-yXf6FBshtTLs5EM87E6vDKIXUo8uKLWm_yLyVg9bed4yrXhwj9bEBnkaWFolNcOUDRf3SA8wP7&spc=6dlaFKxHYPF2&vprv=1&svpuc=1&mime=video%2Fmp4&rqh=1&gir=yes&clen=69658367&dur=2611.233&lmt=1771558065203198&mt=1772023269&fvip=1&keepalive=yes&fexp=51552689%2C51565115%2C51565681%2C51580968&c=ANDROID_VR&txp=4535534&sparams=expire%2Cei%2Cip%2Cid%2Citag%2Csource%2Crequiressl%2Cxpc%2Cbui%2Cspc%2Cvprv%2Csvpuc%2Cmime%2Crqh%2Cgir%2Cclen%2Cdur%2Clmt&sig=AJEij0EwRAIgcsCMG5THnc1Kjt1fo1mymfe2Rkl684TnN4H0S497QegCIE-h3j73RVhm3EQBLlHdIVVA8RL_DFzj5Pv6R6Dbl582&lsparams=cps%2Cmet%2Cmh%2Cmm%2Cmn%2Cms%2Cmv%2Cmvi%2Cpl%2Crms%2Cinitcwndbps&lsig=APaTxxMwRQIhAN0w_Ze1HsMP7VZe2mTnc_Qr2XP5ifICfmuN7Uo53iyAAiA0CiHROMz6Zb8zamdrXHfRpr8QTDhLonrT5bNgEbHYDw%3D%3D -i https://rr2---sn-uxanug5-2xgd.googlevideo.com/videoplayback?expire=1772045309&ei=ne-eaf3xJc3essUP7bPP4Ag&ip=58.160.79.35&id=o-ALCE6xLdkKsG5dGXvOS3sFnpFGgk4cp1Ntc8W-55iF-H&itag=140&source=youtube&requiressl=yes&xpc=EgVo2aDSNQ%3D%3D&cps=419&met=1772023709%2C&mh=TA&mm=31%2C29&mn=sn-uxanug5-2xgd%2Csn-hxa76n7s&ms=au%2Crdu&mv=m&mvi=2&pl=18&rms=au%2Cau&initcwndbps=2190000&bui=AVNa5-yXf6FBshtTLs5EM87E6vDKIXUo8uKLWm_yLyVg9bed4yrXhwj9bEBnkaWFolNcOUDRf3SA8wP7&spc=6dlaFKxHYPF2&vprv=1&svpuc=1&mime=audio%2Fmp4&rqh=1&gir=yes&clen=42262078&dur=2611.315&lmt=1771551932841347&mt=1772023269&fvip=1&keepalive=yes&fexp=51552689%2C51565115%2C51565681%2C51580968&c=ANDROID_VR&txp=4532534&sparams=expire%2Cei%2Cip%2Cid%2Citag%2Csource%2Crequiressl%2Cxpc%2Cbui%2Cspc%2Cvprv%2Csvpuc%2Cmime%2Crqh%2Cgir%2Cclen%2Cdur%2Clmt&sig=AJEij0EwRQIgJCiRUtRox1cFgVrhz4UROh46ZmV79gL1dAi5BmMkgEUCIQC8a0adcflE3P5BaC7E52CBG3LF0VBz0GRmSJll4f1PSQ%3D%3D&lsparams=cps%2Cmet%2Cmh%2Cmm%2Cmn%2Cms%2Cmv%2Cmvi%2Cpl%2Crms%2Cinitcwndbps&lsig=APaTxxMwRQIhAN0w_Ze1HsMP7VZe2mTnc_Qr2XP5ifICfmuN7Uo53iyAAiA0CiHROMz6Zb8zamdrXHfRpr8QTDhLonrT5bNgEbHYDw%3D%3D -c copy mc8jZGkIUTM.mp4
2026-02-25 20:59:46,768 [INFO] === START ===
2026-02-25 20:59:46,769 [INFO] Found leftover file C:\hacking\mc8jZGkIUTM.mp4 (id=mc8jZGkIUTM), validating...
2026-02-25 20:59:46,769 [INFO] [ffprobe:mc8jZGkIUTM.mp4] Attempt 1/5
2026-02-25 20:59:46,769 [INFO] RUN ffprobe:mc8jZGkIUTM.mp4: ffprobe -v error -show_entries format=duration -of default=noprint_wrappers=1:nokey=1 C:\hacking\mc8jZGkIUTM.mp4
2026-02-25 20:59:46,803 [INFO] Validation OK for C:\hacking\mc8jZGkIUTM.mp4 (size=5837164, duration=145.63)
2026-02-25 20:59:46,803 [INFO] Leftover file C:\hacking\mc8jZGkIUTM.mp4 seems valid but unknown; leaving in place.
2026-02-25 20:59:46,803 [INFO] [playlist:https://www.youtube.com/@SMii7Yplays] Attempt 1/5
2026-02-25 20:59:46,803 [INFO] RUN playlist:https://www.youtube.com/@SMii7Yplays: C:\Tools\yt-dlp\yt-dlp.exe --dump-json --flat-playlist --extractor-args youtube:skip=dash https://www.youtube.com/@SMii7Yplays/videos
2026-02-25 20:59:50,359 [INFO] Channel https://www.youtube.com/@SMii7Yplays -> 2 videos
2026-02-25 20:59:50,359 [INFO] [playlist:https://www.youtube.com/@SMii7Yplus] Attempt 1/5
2026-02-25 20:59:50,359 [INFO] RUN playlist:https://www.youtube.com/@SMii7Yplus: C:\Tools\yt-dlp\yt-dlp.exe --dump-json --flat-playlist --extractor-args youtube:skip=dash https://www.youtube.com/@SMii7Yplus/videos
2026-02-25 20:59:54,122 [WARNING] Ctrl+C detected — graceful shutdown requested.
2026-02-25 20:59:54,122 [WARNING] [playlist:https://www.youtube.com/@SMii7Yplus] Failed (code 1).
2026-02-25 20:59:54,123 [INFO] [playlist:https://www.youtube.com/@SMii7Yplus] Retrying in 5 seconds...
2026-02-25 20:59:59,124 [WARNING] [playlist:https://www.youtube.com/@SMii7Yplus] Aborting retries due to interrupt.
2026-02-25 20:59:59,124 [INFO] Channel https://www.youtube.com/@SMii7Yplus -> 0 videos
2026-02-25 20:59:59,124 [WARNING] [playlist:https://www.youtube.com/@SMii7Y] Aborting retries due to interrupt.
2026-02-25 20:59:59,124 [INFO] Channel https://www.youtube.com/@SMii7Y -> 0 videos
2026-02-25 20:59:59,125 [WARNING] [playlist:https://www.youtube.com/@dougdougdoug] Aborting retries due to interrupt.
2026-02-25 20:59:59,125 [INFO] Channel https://www.youtube.com/@dougdougdoug -> 0 videos
2026-02-25 20:59:59,125 [WARNING] [playlist:https://www.youtube.com/@failboat] Aborting retries due to interrupt.
2026-02-25 20:59:59,125 [INFO] Channel https://www.youtube.com/@failboat -> 0 videos
2026-02-25 20:59:59,125 [WARNING] [playlist:https://www.youtube.com/@LetsGameItOut] Aborting retries due to interrupt.
2026-02-25 20:59:59,125 [INFO] Channel https://www.youtube.com/@LetsGameItOut -> 0 videos
2026-02-25 20:59:59,125 [INFO] Queue size: 2
2026-02-25 20:59:59,125 [INFO] Graceful exit requested before next video.
2026-02-25 20:59:59,125 [INFO] === EXIT ===
2026-02-25 21:00:03,869 [INFO] === START ===
2026-02-25 21:00:03,870 [INFO] Found leftover file C:\hacking\mc8jZGkIUTM.mp4 (id=mc8jZGkIUTM), validating...
2026-02-25 21:00:03,870 [INFO] [ffprobe:mc8jZGkIUTM.mp4] Attempt 1/5
2026-02-25 21:00:03,870 [INFO] RUN ffprobe:mc8jZGkIUTM.mp4: ffprobe -v error -show_entries format=duration -of default=noprint_wrappers=1:nokey=1 C:\hacking\mc8jZGkIUTM.mp4
2026-02-25 21:00:03,903 [INFO] Validation OK for C:\hacking\mc8jZGkIUTM.mp4 (size=5837164, duration=145.63)
2026-02-25 21:00:03,903 [INFO] Leftover file C:\hacking\mc8jZGkIUTM.mp4 seems valid but unknown; leaving in place.
2026-02-25 21:00:03,904 [INFO] [playlist:https://www.youtube.com/@SMii7Yplays] Attempt 1/5
2026-02-25 21:00:03,904 [INFO] RUN playlist:https://www.youtube.com/@SMii7Yplays: C:\Tools\yt-dlp\yt-dlp.exe --dump-json --flat-playlist --extractor-args youtube:skip=dash https://www.youtube.com/@SMii7Yplays/videos
2026-02-25 21:00:07,975 [INFO] Channel https://www.youtube.com/@SMii7Yplays -> 2 videos
2026-02-25 21:00:07,975 [INFO] [playlist:https://www.youtube.com/@SMii7Yplus] Attempt 1/5
2026-02-25 21:00:07,975 [INFO] RUN playlist:https://www.youtube.com/@SMii7Yplus: C:\Tools\yt-dlp\yt-dlp.exe --dump-json --flat-playlist --extractor-args youtube:skip=dash https://www.youtube.com/@SMii7Yplus/videos
2026-02-25 21:00:17,200 [INFO] Channel https://www.youtube.com/@SMii7Yplus -> 2 videos
2026-02-25 21:00:17,200 [INFO] [playlist:https://www.youtube.com/@SMii7Y] Attempt 1/5
2026-02-25 21:00:17,200 [INFO] RUN playlist:https://www.youtube.com/@SMii7Y: C:\Tools\yt-dlp\yt-dlp.exe --dump-json --flat-playlist --extractor-args youtube:skip=dash https://www.youtube.com/@SMii7Y/videos
2026-02-25 21:00:42,030 [INFO] Channel https://www.youtube.com/@SMii7Y -> 2 videos
2026-02-25 21:00:42,031 [INFO] [playlist:https://www.youtube.com/@dougdougdoug] Attempt 1/5
2026-02-25 21:00:42,031 [INFO] RUN playlist:https://www.youtube.com/@dougdougdoug: C:\Tools\yt-dlp\yt-dlp.exe --dump-json --flat-playlist --extractor-args youtube:skip=dash https://www.youtube.com/@dougdougdoug/videos
2026-02-25 21:00:46,288 [INFO] Channel https://www.youtube.com/@dougdougdoug -> 2 videos
2026-02-25 21:00:46,288 [INFO] [playlist:https://www.youtube.com/@failboat] Attempt 1/5
2026-02-25 21:00:46,289 [INFO] RUN playlist:https://www.youtube.com/@failboat: C:\Tools\yt-dlp\yt-dlp.exe --dump-json --flat-playlist --extractor-args youtube:skip=dash https://www.youtube.com/@failboat/videos
2026-02-25 21:01:13,044 [INFO] Channel https://www.youtube.com/@failboat -> 2 videos
2026-02-25 21:01:13,045 [INFO] [playlist:https://www.youtube.com/@LetsGameItOut] Attempt 1/5
2026-02-25 21:01:13,045 [INFO] RUN playlist:https://www.youtube.com/@LetsGameItOut: C:\Tools\yt-dlp\yt-dlp.exe --dump-json --flat-playlist --extractor-args youtube:skip=dash https://www.youtube.com/@LetsGameItOut/videos
2026-02-25 21:01:27,189 [INFO] Channel https://www.youtube.com/@LetsGameItOut -> 2 videos
2026-02-25 21:01:27,189 [INFO] Queue size: 12
2026-02-25 21:01:27,189 [INFO] Processing video mc8jZGkIUTM (I Got A Totally Normal Office Job) from channel UnknownChannel
2026-02-25 21:01:27,189 [INFO] Starting download for mc8jZGkIUTM (I Got A Totally Normal Office Job)
2026-02-25 21:01:27,190 [INFO] Removing stale temp file mc8jZGkIUTM.mp4
2026-02-25 21:01:27,191 [INFO] Download attempt 1/5 for mc8jZGkIUTM
2026-02-25 21:01:27,191 [INFO] [urls:mc8jZGkIUTM:134+140] Attempt 1/5
2026-02-25 21:01:27,192 [INFO] RUN urls:mc8jZGkIUTM:134+140: C:\Tools\yt-dlp\yt-dlp.exe -g -f 134+140 https://www.youtube.com/watch?v=mc8jZGkIUTM
2026-02-25 21:01:31,106 [INFO] Got URLs for mc8jZGkIUTM with format 134+140
2026-02-25 21:01:31,106 [INFO] Starting ffmpeg for mc8jZGkIUTM: ffmpeg -y -loglevel error -progress pipe:2 -i https://rr2---sn-uxanug5-2xgd.googlevideo.com/videoplayback?expire=1772046090&ei=qvKeaeLDHa3HssUPwp3o6Qg&ip=58.160.79.35&id=o-AAj3o02Ku7g-SkSS4Hpe3o-Ri4wv395NMKlcN3FB87iI&itag=134&source=youtube&requiressl=yes&xpc=EgVo2aDSNQ%3D%3D&cps=463&met=1772024490%2C&mh=TA&mm=31%2C29&mn=sn-uxanug5-2xgd%2Csn-hxa7zn7z&ms=au%2Crdu&mv=m&mvi=2&pcm2cms=yes&pl=18&rms=au%2Cau&initcwndbps=2180000&bui=AVNa5-wYgdSzmCXD1KEvcd_pFdFXqhshi4b0shi_Qas18fAdeZvQZrqMz1NguWqCdYrNZ2voG2Kznf2T&spc=6dlaFCJD2tyh&vprv=1&svpuc=1&mime=video%2Fmp4&rqh=1&gir=yes&clen=69658367&dur=2611.233&lmt=1771558065203198&mt=1772023753&fvip=2&keepalive=yes&fexp=51552689%2C51565116%2C51565682%2C51580968%2C51791334&c=ANDROID_VR&txp=4535534&sparams=expire%2Cei%2Cip%2Cid%2Citag%2Csource%2Crequiressl%2Cxpc%2Cbui%2Cspc%2Cvprv%2Csvpuc%2Cmime%2Crqh%2Cgir%2Cclen%2Cdur%2Clmt&sig=AJEij0EwRAIgdZ13TNjFYfbzV4dnGZKiJGZcwRGJRZBZjJuoOHaw74UCIE4BfAU1rBSFSaTJwn1BFpQGodNiMqi2LTrMV1j9EUWb&lsparams=cps%2Cmet%2Cmh%2Cmm%2Cmn%2Cms%2Cmv%2Cmvi%2Cpcm2cms%2Cpl%2Crms%2Cinitcwndbps&lsig=APaTxxMwRgIhAN7uVKbYnkKILpJ9aRzlKU8Y2-vwtsC50XoVHWgm8fr2AiEA-GlC2vAoQdPewmosJ2nSxi9V_4d_-dLwlpbjlX3p92k%3D -i https://rr2---sn-uxanug5-2xgd.googlevideo.com/videoplayback?expire=1772046090&ei=qvKeaeLDHa3HssUPwp3o6Qg&ip=58.160.79.35&id=o-AAj3o02Ku7g-SkSS4Hpe3o-Ri4wv395NMKlcN3FB87iI&itag=140&source=youtube&requiressl=yes&xpc=EgVo2aDSNQ%3D%3D&cps=463&met=1772024490%2C&mh=TA&mm=31%2C29&mn=sn-uxanug5-2xgd%2Csn-hxa7zn7z&ms=au%2Crdu&mv=m&mvi=2&pcm2cms=yes&pl=18&rms=au%2Cau&initcwndbps=2180000&bui=AVNa5-wYgdSzmCXD1KEvcd_pFdFXqhshi4b0shi_Qas18fAdeZvQZrqMz1NguWqCdYrNZ2voG2Kznf2T&spc=6dlaFCJD2tyh&vprv=1&svpuc=1&mime=audio%2Fmp4&rqh=1&gir=yes&clen=42262078&dur=2611.315&lmt=1771551932841347&mt=1772023753&fvip=2&keepalive=yes&fexp=51552689%2C51565116%2C51565682%2C51580968%2C51791334&c=ANDROID_VR&txp=4532534&sparams=expire%2Cei%2Cip%2Cid%2Citag%2Csource%2Crequiressl%2Cxpc%2Cbui%2Cspc%2Cvprv%2Csvpuc%2Cmime%2Crqh%2Cgir%2Cclen%2Cdur%2Clmt&sig=AJEij0EwRQIgM2ISZX5E_tNSNsZjcgwz0N-wM7CsiRxbLx4GB7MBs8wCIQCWXHFZySMtFXprC1Aj6QcdH-dVr5PSfHiy71Mr-sV6BQ%3D%3D&lsparams=cps%2Cmet%2Cmh%2Cmm%2Cmn%2Cms%2Cmv%2Cmvi%2Cpcm2cms%2Cpl%2Crms%2Cinitcwndbps&lsig=APaTxxMwRgIhAN7uVKbYnkKILpJ9aRzlKU8Y2-vwtsC50XoVHWgm8fr2AiEA-GlC2vAoQdPewmosJ2nSxi9V_4d_-dLwlpbjlX3p92k%3D -c copy mc8jZGkIUTM.mp4
2026-02-25 21:43:12,881 [WARNING] Ctrl+C detected — graceful shutdown requested.
2026-02-25 21:43:12,882 [WARNING] Terminated ffmpeg for mc8jZGkIUTM due to Ctrl+C.
2026-02-25 21:43:12,882 [ERROR] ffmpeg failed for mc8jZGkIUTM on attempt 1
2026-02-25 21:43:12,883 [WARNING] Moving corrupted file mc8jZGkIUTM.mp4 -> corrupted\mc8jZGkIUTM.mp4
2026-02-25 21:43:17,884 [WARNING] Interrupted during download of mc8jZGkIUTM — aborting safely.
2026-02-25 21:43:17,885 [INFO] Graceful exit requested before next video.
2026-02-25 21:43:17,885 [INFO] === EXIT ===
2026-02-25 21:43:20,067 [INFO] === START ===
2026-02-25 21:43:20,067 [INFO] Clearing in_progress (mc8jZGkIUTM) because temp file missing.
2026-02-25 21:43:20,069 [INFO] [playlist:https://www.youtube.com/@SMii7Yplays] Attempt 1/5
2026-02-25 21:43:20,069 [INFO] RUN playlist:https://www.youtube.com/@SMii7Yplays: C:\Tools\yt-dlp\yt-dlp.exe --dump-json --flat-playlist --extractor-args youtube:skip=dash https://www.youtube.com/@SMii7Yplays/videos
2026-02-25 21:44:21,930 [WARNING] Ctrl+C detected — graceful shutdown requested.
2026-02-25 21:44:21,931 [WARNING] [playlist:https://www.youtube.com/@SMii7Yplays] Failed (code 1).
2026-02-25 21:44:21,931 [INFO] [playlist:https://www.youtube.com/@SMii7Yplays] Retrying in 5 seconds...
2026-02-25 21:44:26,932 [WARNING] [playlist:https://www.youtube.com/@SMii7Yplays] Aborting retries due to interrupt.
2026-02-25 21:44:26,932 [INFO] Channel https://www.youtube.com/@SMii7Yplays -> 0 videos
2026-02-25 21:44:26,932 [WARNING] [playlist:https://www.youtube.com/@SMii7Yplus] Aborting retries due to interrupt.
2026-02-25 21:44:26,932 [INFO] Channel https://www.youtube.com/@SMii7Yplus -> 0 videos
2026-02-25 21:44:26,932 [WARNING] [playlist:https://www.youtube.com/@SMii7Y] Aborting retries due to interrupt.
2026-02-25 21:44:26,932 [INFO] Channel https://www.youtube.com/@SMii7Y -> 0 videos
2026-02-25 21:44:26,932 [WARNING] [playlist:https://www.youtube.com/@dougdougdoug] Aborting retries due to interrupt.
2026-02-25 21:44:26,933 [INFO] Channel https://www.youtube.com/@dougdougdoug -> 0 videos
2026-02-25 21:44:26,933 [WARNING] [playlist:https://www.youtube.com/@failboat] Aborting retries due to interrupt.
2026-02-25 21:44:26,933 [INFO] Channel https://www.youtube.com/@failboat -> 0 videos
2026-02-25 21:44:26,933 [WARNING] [playlist:https://www.youtube.com/@LetsGameItOut] Aborting retries due to interrupt.
2026-02-25 21:44:26,933 [INFO] Channel https://www.youtube.com/@LetsGameItOut -> 0 videos
2026-02-25 21:44:26,933 [INFO] Queue size: 0
2026-02-25 21:44:26,933 [INFO] === EXIT ===
2026-02-25 21:44:48,107 [INFO] === START ===
2026-02-25 21:44:48,108 [INFO] [playlist:https://www.youtube.com/@SMii7Yplays] Attempt 1/5
2026-02-25 21:44:48,108 [INFO] RUN playlist:https://www.youtube.com/@SMii7Yplays: C:\Tools\yt-dlp\yt-dlp.exe --dump-json --flat-playlist --extractor-args youtube:skip=dash https://www.youtube.com/@SMii7Yplays/videos
2026-02-25 21:45:16,652 [WARNING] Ctrl+C detected — graceful shutdown requested.
2026-02-25 21:45:16,655 [WARNING] [playlist:https://www.youtube.com/@SMii7Yplays] Failed (code 1073807364).
2026-02-25 21:45:16,655 [INFO] [playlist:https://www.youtube.com/@SMii7Yplays] Retrying in 5 seconds...
2026-02-25 21:45:21,656 [WARNING] [playlist:https://www.youtube.com/@SMii7Yplays] Aborting retries due to interrupt.
2026-02-25 21:45:21,656 [INFO] Channel https://www.youtube.com/@SMii7Yplays -> 0 videos
2026-02-25 21:45:21,656 [WARNING] [playlist:https://www.youtube.com/@SMii7Yplus] Aborting retries due to interrupt.
2026-02-25 21:45:21,656 [INFO] Channel https://www.youtube.com/@SMii7Yplus -> 0 videos
2026-02-25 21:45:21,656 [WARNING] [playlist:https://www.youtube.com/@SMii7Y] Aborting retries due to interrupt.
2026-02-25 21:45:21,656 [INFO] Channel https://www.youtube.com/@SMii7Y -> 0 videos
2026-02-25 21:45:21,656 [WARNING] [playlist:https://www.youtube.com/@dougdougdoug] Aborting retries due to interrupt.
2026-02-25 21:45:21,656 [INFO] Channel https://www.youtube.com/@dougdougdoug -> 0 videos
2026-02-25 21:45:21,656 [WARNING] [playlist:https://www.youtube.com/@failboat] Aborting retries due to interrupt.
2026-02-25 21:45:21,656 [INFO] Channel https://www.youtube.com/@failboat -> 0 videos
2026-02-25 21:45:21,656 [WARNING] [playlist:https://www.youtube.com/@LetsGameItOut] Aborting retries due to interrupt.
2026-02-25 21:45:21,656 [INFO] Channel https://www.youtube.com/@LetsGameItOut -> 0 videos
2026-02-25 21:45:21,656 [INFO] Queue size: 0
2026-02-25 21:45:21,656 [INFO] === EXIT ===
2026-03-12 20:06:58,721 [INFO] === START ===
2026-03-12 20:06:58,721 [INFO] [playlist:https://www.youtube.com/@SMii7Yplays] Attempt 1/5
2026-03-12 20:06:58,721 [INFO] RUN playlist:https://www.youtube.com/@SMii7Yplays: C:\Tools\yt-dlp\yt-dlp.exe --dump-json --flat-playlist --extractor-args youtube:skip=dash https://www.youtube.com/@SMii7Yplays/videos
2026-03-12 20:13:07,857 [INFO] === START ===
2026-03-12 20:13:09,447 [INFO] yt-dlp.exe verified OK (size=18408128 bytes)
2026-03-12 20:13:09,448 [INFO] [playlist:https://www.youtube.com/@SMii7Yplays] Attempt 1/5
2026-03-12 20:13:09,448 [INFO] RUN playlist:https://www.youtube.com/@SMii7Yplays: C:\Tools\yt-dlp\yt-dlp.exe --dump-json --flat-playlist --extractor-args youtube:skip=dash https://www.youtube.com/@SMii7Yplays/videos
2026-03-12 20:13:13,932 [INFO] Channel https://www.youtube.com/@SMii7Yplays -> 2 videos
2026-03-12 20:13:13,932 [INFO] [playlist:https://www.youtube.com/@SMii7Yplus] Attempt 1/5
2026-03-12 20:13:13,932 [INFO] RUN playlist:https://www.youtube.com/@SMii7Yplus: C:\Tools\yt-dlp\yt-dlp.exe --dump-json --flat-playlist --extractor-args youtube:skip=dash https://www.youtube.com/@SMii7Yplus/videos
2026-03-12 20:13:23,188 [INFO] Channel https://www.youtube.com/@SMii7Yplus -> 2 videos
2026-03-12 20:13:23,188 [INFO] [playlist:https://www.youtube.com/@SMii7Y] Attempt 1/5
2026-03-12 20:13:23,188 [INFO] RUN playlist:https://www.youtube.com/@SMii7Y: C:\Tools\yt-dlp\yt-dlp.exe --dump-json --flat-playlist --extractor-args youtube:skip=dash https://www.youtube.com/@SMii7Y/videos
2026-03-12 20:13:49,015 [INFO] Channel https://www.youtube.com/@SMii7Y -> 2 videos
2026-03-12 20:13:49,015 [INFO] [playlist:https://www.youtube.com/@dougdougdoug] Attempt 1/5
2026-03-12 20:13:49,015 [INFO] RUN playlist:https://www.youtube.com/@dougdougdoug: C:\Tools\yt-dlp\yt-dlp.exe --dump-json --flat-playlist --extractor-args youtube:skip=dash https://www.youtube.com/@dougdougdoug/videos
2026-03-12 20:13:53,726 [INFO] Channel https://www.youtube.com/@dougdougdoug -> 2 videos
2026-03-12 20:13:53,726 [INFO] [playlist:https://www.youtube.com/@failboat] Attempt 1/5
2026-03-12 20:13:53,727 [INFO] RUN playlist:https://www.youtube.com/@failboat: C:\Tools\yt-dlp\yt-dlp.exe --dump-json --flat-playlist --extractor-args youtube:skip=dash https://www.youtube.com/@failboat/videos
2026-03-12 20:14:20,795 [INFO] Channel https://www.youtube.com/@failboat -> 2 videos
2026-03-12 20:14:20,795 [INFO] [playlist:https://www.youtube.com/@LetsGameItOut] Attempt 1/5
2026-03-12 20:14:20,795 [INFO] RUN playlist:https://www.youtube.com/@LetsGameItOut: C:\Tools\yt-dlp\yt-dlp.exe --dump-json --flat-playlist --extractor-args youtube:skip=dash https://www.youtube.com/@LetsGameItOut/videos
2026-03-12 20:14:35,288 [INFO] Channel https://www.youtube.com/@LetsGameItOut -> 2 videos
2026-03-12 20:14:35,288 [INFO] Queue size: 12
2026-03-12 20:14:35,288 [INFO] Processing video muwsJ5kowNg (Feeding Slop to Creatures of the Night) from channel UnknownChannel
2026-03-12 20:14:35,288 [INFO] Starting download for muwsJ5kowNg (Feeding Slop to Creatures of the Night)
2026-03-12 20:14:35,290 [INFO] Download attempt 1/5 for muwsJ5kowNg
2026-03-12 20:14:35,290 [INFO] [urls:muwsJ5kowNg:134+140] Attempt 1/5
2026-03-12 20:14:35,290 [INFO] RUN urls:muwsJ5kowNg:134+140: C:\Tools\yt-dlp\yt-dlp.exe -g -f 134+140 https://www.youtube.com/watch?v=muwsJ5kowNg
2026-03-12 20:14:39,092 [INFO] Got URLs for muwsJ5kowNg with format 134+140
2026-03-12 20:14:39,093 [INFO] Starting ffmpeg for muwsJ5kowNg: ffmpeg -y -loglevel error -progress pipe:2 -i https://rr4---sn-ntqe6nee.googlevideo.com/videoplayback?expire=1773339278&ei=Lq6yafGEIImEjuMPpcbDgQY&ip=1.159.219.162&id=o-APGHKSQw7ARHobp65JO3u5h6rBpQxswJzYjK94uLlKX1&itag=134&source=youtube&requiressl=yes&xpc=EgVo2aDSNQ%3D%3D&cps=589&met=1773317678%2C&mh=Bk&mm=31&mn=sn-ntqe6nee&ms=au&mv=m&mvi=4&pl=17&rms=au%2Cau&initcwndbps=2091250&bui=AVNa5-yW6d3P1AYrgAJNEwka9Izlyt8HxzRpYdCWlrcWCzL9ZfqlyI5F5lEFJLZpq0wh5BuJf_oLG-BZ&spc=6dlaFCZnd163DicKTXAN7FLRPhhsUfm8-4W1xFjooFRXjQJO&vprv=1&svpuc=1&mime=video%2Fmp4&rqh=1&gir=yes&clen=365872356&dur=7247.266&lmt=1772740281077351&mt=1773317138&keepalive=yes&fexp=51565115%2C51565681%2C51791334&c=ANDROID_VR&txp=3309224&sparams=expire%2Cei%2Cip%2Cid%2Citag%2Csource%2Crequiressl%2Cxpc%2Cbui%2Cspc%2Cvprv%2Csvpuc%2Cmime%2Crqh%2Cgir%2Cclen%2Cdur%2Clmt&sig=AHEqNM4wRQIgR63AzmWwlr5jkh0xDvBhTpgIYmKyjjoK9U6xYlCvrU0CIQC7q6cN2nquDIsaVFJMCNJNWvThh7B--xrALBV4BLhlsQ%3D%3D&lsparams=cps%2Cmet%2Cmh%2Cmm%2Cmn%2Cms%2Cmv%2Cmvi%2Cpl%2Crms%2Cinitcwndbps&lsig=APaTxxMwRQIgGjNOJLHnxPTgzObDq6jU99AYu_ckIqe5gZiVyvjp3_MCIQDA-F1U6hQQoVXiQ1nFHWOa1vYSEtytptU9OAzaqWTgPQ%3D%3D -i https://rr4---sn-ntqe6nee.googlevideo.com/videoplayback?expire=1773339278&ei=Lq6yafGEIImEjuMPpcbDgQY&ip=1.159.219.162&id=o-APGHKSQw7ARHobp65JO3u5h6rBpQxswJzYjK94uLlKX1&itag=140&source=youtube&requiressl=yes&xpc=EgVo2aDSNQ%3D%3D&cps=589&met=1773317678%2C&mh=Bk&mm=31&mn=sn-ntqe6nee&ms=au&mv=m&mvi=4&pl=17&rms=au%2Cau&initcwndbps=2091250&bui=AVNa5-yW6d3P1AYrgAJNEwka9Izlyt8HxzRpYdCWlrcWCzL9ZfqlyI5F5lEFJLZpq0wh5BuJf_oLG-BZ&spc=6dlaFCZnd163DicKTXAN7FLRPhhsUfm8-4W1xFjooFRXjQJO&vprv=1&svpuc=1&mime=audio%2Fmp4&rqh=1&gir=yes&clen=117290350&dur=7247.295&lmt=1772740344760173&mt=1773317138&keepalive=yes&fexp=51565115%2C51565681%2C51791334&c=ANDROID_VR&txp=3308224&sparams=expire%2Cei%2Cip%2Cid%2Citag%2Csource%2Crequiressl%2Cxpc%2Cbui%2Cspc%2Cvprv%2Csvpuc%2Cmime%2Crqh%2Cgir%2Cclen%2Cdur%2Clmt&sig=AHEqNM4wRgIhAJdcnJ81eHcrLn864OppH6fChMlpsLqBE6Laa8AradJnAiEAzDnlZ9c9KYFfupol5RE0sTr_wyhhyhatfmpYc0sPpwI%3D&lsparams=cps%2Cmet%2Cmh%2Cmm%2Cmn%2Cms%2Cmv%2Cmvi%2Cpl%2Crms%2Cinitcwndbps&lsig=APaTxxMwRQIgGjNOJLHnxPTgzObDq6jU99AYu_ckIqe5gZiVyvjp3_MCIQDA-F1U6hQQoVXiQ1nFHWOa1vYSEtytptU9OAzaqWTgPQ%3D%3D -c copy muwsJ5kowNg.mp4
2026-03-12 21:19:57,595 [INFO] ffmpeg finished for muwsJ5kowNg with code 0
2026-03-12 21:19:57,595 [INFO] [ffprobe:muwsJ5kowNg.mp4] Attempt 1/5
2026-03-12 21:19:57,595 [INFO] RUN ffprobe:muwsJ5kowNg.mp4: ffprobe -v error -show_entries format=duration -of default=noprint_wrappers=1:nokey=1 muwsJ5kowNg.mp4
2026-03-12 21:19:59,333 [ERROR] Validation failed: duration mismatch (expected 7248.0, got 7222.032834, diff 25.96716600000036) for muwsJ5kowNg.mp4
2026-03-12 21:19:59,333 [WARNING] Moving corrupted file muwsJ5kowNg.mp4 -> corrupted\muwsJ5kowNg.mp4
2026-03-12 21:20:04,335 [INFO] Download attempt 2/5 for muwsJ5kowNg
2026-03-12 21:20:04,335 [INFO] [urls:muwsJ5kowNg:134+140] Attempt 1/5
2026-03-12 21:20:04,335 [INFO] RUN urls:muwsJ5kowNg:134+140: C:\Tools\yt-dlp\yt-dlp.exe -g -f 134+140 https://www.youtube.com/watch?v=muwsJ5kowNg
2026-03-12 21:20:09,954 [INFO] Got URLs for muwsJ5kowNg with format 134+140
2026-03-12 21:20:09,954 [INFO] Starting ffmpeg for muwsJ5kowNg: ffmpeg -y -loglevel error -progress pipe:2 -i https://rr2---sn-uxanug5-2xgd.googlevideo.com/videoplayback?expire=1773343209&ei=ib2yac2SGJjKssUPyM_mgQ0&ip=1.159.219.162&id=o-AMZK9r51-D4R3AZqGkyUuk1QfSx4iv4cWsM3Mz0uGZ7b&itag=134&source=youtube&requiressl=yes&xpc=EgVo2aDSNQ%3D%3D&cps=455&met=1773321609%2C&mh=Bk&mm=31%2C29&mn=sn-uxanug5-2xgd%2Csn-ntq7yney&ms=au%2Crdu&mv=m&mvi=2&pl=17&rms=au%2Cau&initcwndbps=2036250&bui=AVNa5-wWFuDLgd5YvDK0VAn-En7ohHPoTwG0A9rON18VqjW9wrfxXCyYRdSAAFM4oQr2zx8yvy1BMACV&spc=6dlaFARQrXgmVDc0bSSNPUAABySLEQnpk-HisMxwXRtbem63&vprv=1&svpuc=1&mime=video%2Fmp4&rqh=1&gir=yes&clen=365872356&dur=7247.266&lmt=1772740281077351&mt=1773321214&fvip=3&keepalive=yes&fexp=51565116%2C51565682%2C51791334&c=ANDROID_VR&txp=3309224&sparams=expire%2Cei%2Cip%2Cid%2Citag%2Csource%2Crequiressl%2Cxpc%2Cbui%2Cspc%2Cvprv%2Csvpuc%2Cmime%2Crqh%2Cgir%2Cclen%2Cdur%2Clmt&sig=AHEqNM4wRgIhANVCZqBRYkslHe8rk56XOOO-KhTV8O-XxNyqIYb9vd--AiEAqnR6w9ZHyjeD8WAqZVmcGSaxnF2vqlIi6ksPnckts1c%3D&lsparams=cps%2Cmet%2Cmh%2Cmm%2Cmn%2Cms%2Cmv%2Cmvi%2Cpl%2Crms%2Cinitcwndbps&lsig=APaTxxMwRQIgb9JVLemoyKHZTU0Xn4_QJc814XYjArx7GtFsT0jWUjoCIQDGHFjRFe_Fs2RGRbpVjW0bOiJ3ALKhOnxlGP0VtlxsWA%3D%3D -i https://rr2---sn-uxanug5-2xgd.googlevideo.com/videoplayback?expire=1773343209&ei=ib2yac2SGJjKssUPyM_mgQ0&ip=1.159.219.162&id=o-AMZK9r51-D4R3AZqGkyUuk1QfSx4iv4cWsM3Mz0uGZ7b&itag=140&source=youtube&requiressl=yes&xpc=EgVo2aDSNQ%3D%3D&cps=455&met=1773321609%2C&mh=Bk&mm=31%2C29&mn=sn-uxanug5-2xgd%2Csn-ntq7yney&ms=au%2Crdu&mv=m&mvi=2&pl=17&rms=au%2Cau&initcwndbps=2036250&bui=AVNa5-wWFuDLgd5YvDK0VAn-En7ohHPoTwG0A9rON18VqjW9wrfxXCyYRdSAAFM4oQr2zx8yvy1BMACV&spc=6dlaFARQrXgmVDc0bSSNPUAABySLEQnpk-HisMxwXRtbem63&vprv=1&svpuc=1&mime=audio%2Fmp4&rqh=1&gir=yes&clen=117290350&dur=7247.295&lmt=1772740344760173&mt=1773321214&fvip=3&keepalive=yes&fexp=51565116%2C51565682%2C51791334&c=ANDROID_VR&txp=3308224&sparams=expire%2Cei%2Cip%2Cid%2Citag%2Csource%2Crequiressl%2Cxpc%2Cbui%2Cspc%2Cvprv%2Csvpuc%2Cmime%2Crqh%2Cgir%2Cclen%2Cdur%2Clmt&sig=AHEqNM4wRQIhAPouwfEAYKZK9hL3sCz5RLXLjP2-r28wxeso62CorHhpAiAXh5w3TqNuCZVWz8ij2SnSI75wP6TZUs7VzCHE2FMOuw%3D%3D&lsparams=cps%2Cmet%2Cmh%2Cmm%2Cmn%2Cms%2Cmv%2Cmvi%2Cpl%2Crms%2Cinitcwndbps&lsig=APaTxxMwRQIgb9JVLemoyKHZTU0Xn4_QJc814XYjArx7GtFsT0jWUjoCIQDGHFjRFe_Fs2RGRbpVjW0bOiJ3ALKhOnxlGP0VtlxsWA%3D%3D -c copy muwsJ5kowNg.mp4
2026-03-12 21:23:25,025 [WARNING] Ctrl+C detected — graceful shutdown requested.
2026-03-12 21:23:25,025 [WARNING] Terminated ffmpeg for muwsJ5kowNg due to Ctrl+C.
2026-03-12 21:23:25,025 [ERROR] ffmpeg failed for muwsJ5kowNg on attempt 2
2026-03-12 21:23:25,026 [WARNING] Moving corrupted file muwsJ5kowNg.mp4 -> corrupted\muwsJ5kowNg.mp4
2026-03-12 21:23:30,062 [WARNING] Interrupted during download of muwsJ5kowNg — aborting safely.
2026-03-12 21:23:30,063 [INFO] Graceful exit requested before next video.
2026-03-12 21:23:30,063 [INFO] === EXIT ===
2026-03-12 21:26:10,816 [INFO] === START ===
2026-03-12 21:26:12,430 [INFO] yt-dlp.exe verified OK (size=18408128 bytes)
2026-03-12 21:26:12,431 [INFO] Clearing in_progress (muwsJ5kowNg) because temp file missing.
2026-03-12 21:26:12,432 [INFO] [playlist:https://www.youtube.com/@SMii7Yplays] Attempt 1/5
2026-03-12 21:26:12,433 [INFO] RUN playlist:https://www.youtube.com/@SMii7Yplays: C:\Tools\yt-dlp\yt-dlp.exe --dump-json --flat-playlist --extractor-args youtube:skip=dash https://www.youtube.com/@SMii7Yplays/videos
2026-03-12 21:26:16,361 [INFO] Channel https://www.youtube.com/@SMii7Yplays -> 2 videos
2026-03-12 21:26:16,361 [INFO] [playlist:https://www.youtube.com/@SMii7Yplus] Attempt 1/5
2026-03-12 21:26:16,361 [INFO] RUN playlist:https://www.youtube.com/@SMii7Yplus: C:\Tools\yt-dlp\yt-dlp.exe --dump-json --flat-playlist --extractor-args youtube:skip=dash https://www.youtube.com/@SMii7Yplus/videos
2026-03-12 21:26:27,602 [INFO] Channel https://www.youtube.com/@SMii7Yplus -> 2 videos
2026-03-12 21:26:27,602 [INFO] [playlist:https://www.youtube.com/@SMii7Y] Attempt 1/5
2026-03-12 21:26:27,602 [INFO] RUN playlist:https://www.youtube.com/@SMii7Y: C:\Tools\yt-dlp\yt-dlp.exe --dump-json --flat-playlist --extractor-args youtube:skip=dash https://www.youtube.com/@SMii7Y/videos
2026-03-12 21:27:01,373 [INFO] Channel https://www.youtube.com/@SMii7Y -> 2 videos
2026-03-12 21:27:01,373 [INFO] [playlist:https://www.youtube.com/@dougdougdoug] Attempt 1/5
2026-03-12 21:27:01,373 [INFO] RUN playlist:https://www.youtube.com/@dougdougdoug: C:\Tools\yt-dlp\yt-dlp.exe --dump-json --flat-playlist --extractor-args youtube:skip=dash https://www.youtube.com/@dougdougdoug/videos
2026-03-12 21:27:06,099 [INFO] Channel https://www.youtube.com/@dougdougdoug -> 2 videos
2026-03-12 21:27:06,099 [INFO] [playlist:https://www.youtube.com/@failboat] Attempt 1/5
2026-03-12 21:27:06,099 [INFO] RUN playlist:https://www.youtube.com/@failboat: C:\Tools\yt-dlp\yt-dlp.exe --dump-json --flat-playlist --extractor-args youtube:skip=dash https://www.youtube.com/@failboat/videos
2026-03-12 21:27:41,290 [INFO] Channel https://www.youtube.com/@failboat -> 2 videos
2026-03-12 21:27:41,290 [INFO] [playlist:https://www.youtube.com/@LetsGameItOut] Attempt 1/5
2026-03-12 21:27:41,291 [INFO] RUN playlist:https://www.youtube.com/@LetsGameItOut: C:\Tools\yt-dlp\yt-dlp.exe --dump-json --flat-playlist --extractor-args youtube:skip=dash https://www.youtube.com/@LetsGameItOut/videos
2026-03-12 21:27:59,177 [INFO] Channel https://www.youtube.com/@LetsGameItOut -> 2 videos
2026-03-12 21:27:59,178 [INFO] Queue size: 12
2026-03-12 21:27:59,178 [INFO] Processing video muwsJ5kowNg (Feeding Slop to Creatures of the Night) from channel UnknownChannel
2026-03-12 21:27:59,178 [INFO] Starting download for muwsJ5kowNg (Feeding Slop to Creatures of the Night)
2026-03-12 21:27:59,180 [INFO] Download attempt 1/5 for muwsJ5kowNg
2026-03-12 21:27:59,180 [INFO] [urls:muwsJ5kowNg:134+140] Attempt 1/5
2026-03-12 21:27:59,180 [INFO] RUN urls:muwsJ5kowNg:134+140: C:\Tools\yt-dlp\yt-dlp.exe -g -f 134+140 https://www.youtube.com/watch?v=muwsJ5kowNg
2026-03-12 21:28:04,050 [INFO] Got URLs for muwsJ5kowNg with format 134+140
2026-03-12 21:28:04,050 [INFO] Starting ffmpeg for muwsJ5kowNg: ffmpeg -y -loglevel error -progress pipe:2 -i https://rr2---sn-uxanug5-2xgd.googlevideo.com/videoplayback?expire=1773343683&ei=Y7-yadnJJee1juMPutfg2Qs&ip=1.159.219.162&id=o-AAYgX6NUOlBYFUjtExCqdye2dcjme_WKotW_bfeprG89&itag=134&source=youtube&requiressl=yes&xpc=EgVo2aDSNQ%3D%3D&cps=562&met=1773322083%2C&mh=Bk&mm=31%2C29&mn=sn-uxanug5-2xgd%2Csn-ntq7yney&ms=au%2Crdu&mv=m&mvi=2&pcm2cms=yes&pl=17&rms=au%2Cau&initcwndbps=2060000&bui=AVNa5-yy0s2ugMrdZn1bEDXqyAESvEbs4FzcCTeMEkqNML9gqtcInsR4j9T4yvw0y212kudS80R2kmE8&spc=6dlaFMed-jQG0hHfC2fiz4Y6Vvgn8qv7aZvY2Db42vdUWFer&vprv=1&svpuc=1&mime=video%2Fmp4&rqh=1&gir=yes&clen=365872356&dur=7247.266&lmt=1772740281077351&mt=1773321684&fvip=3&keepalive=yes&fexp=51565116%2C51565682%2C51791334&c=ANDROID_VR&txp=3309224&sparams=expire%2Cei%2Cip%2Cid%2Citag%2Csource%2Crequiressl%2Cxpc%2Cbui%2Cspc%2Cvprv%2Csvpuc%2Cmime%2Crqh%2Cgir%2Cclen%2Cdur%2Clmt&sig=AHEqNM4wRQIgS-CfPajNPUi_H5Y6DMQ4YZOabSL55X9K-fuuLGUnmTICIQDZwc-ssEs7dPPMFBNSckACA_mfKalQ4Kk_sH3xV5lGoA%3D%3D&lsparams=cps%2Cmet%2Cmh%2Cmm%2Cmn%2Cms%2Cmv%2Cmvi%2Cpcm2cms%2Cpl%2Crms%2Cinitcwndbps&lsig=APaTxxMwRQIhAPAcfu7fXiRwWGPOVHMEXCjFjLhz501wFx-G7LEq_PylAiBCsKjb0nWUik7-4Awquk1MzxM7UWekSblE-jzL-qy-WA%3D%3D -i https://rr2---sn-uxanug5-2xgd.googlevideo.com/videoplayback?expire=1773343683&ei=Y7-yadnJJee1juMPutfg2Qs&ip=1.159.219.162&id=o-AAYgX6NUOlBYFUjtExCqdye2dcjme_WKotW_bfeprG89&itag=140&source=youtube&requiressl=yes&xpc=EgVo2aDSNQ%3D%3D&cps=562&met=1773322083%2C&mh=Bk&mm=31%2C29&mn=sn-uxanug5-2xgd%2Csn-ntq7yney&ms=au%2Crdu&mv=m&mvi=2&pcm2cms=yes&pl=17&rms=au%2Cau&initcwndbps=2060000&bui=AVNa5-yy0s2ugMrdZn1bEDXqyAESvEbs4FzcCTeMEkqNML9gqtcInsR4j9T4yvw0y212kudS80R2kmE8&spc=6dlaFMed-jQG0hHfC2fiz4Y6Vvgn8qv7aZvY2Db42vdUWFer&vprv=1&svpuc=1&mime=audio%2Fmp4&rqh=1&gir=yes&clen=117290350&dur=7247.295&lmt=1772740344760173&mt=1773321684&fvip=3&keepalive=yes&fexp=51565116%2C51565682%2C51791334&c=ANDROID_VR&txp=3308224&sparams=expire%2Cei%2Cip%2Cid%2Citag%2Csource%2Crequiressl%2Cxpc%2Cbui%2Cspc%2Cvprv%2Csvpuc%2Cmime%2Crqh%2Cgir%2Cclen%2Cdur%2Clmt&sig=AHEqNM4wRAIgZX3s9vsy0mRR2RC2HwLMzl4kQGRXMHhXFOnpDS1qKe0CIEzX-FoXXR0aGnIfrLj90sX8VdRKo9JGNcRwl6eAncRB&lsparams=cps%2Cmet%2Cmh%2Cmm%2Cmn%2Cms%2Cmv%2Cmvi%2Cpcm2cms%2Cpl%2Crms%2Cinitcwndbps&lsig=APaTxxMwRQIhAPAcfu7fXiRwWGPOVHMEXCjFjLhz501wFx-G7LEq_PylAiBCsKjb0nWUik7-4Awquk1MzxM7UWekSblE-jzL-qy-WA%3D%3D -c copy muwsJ5kowNg.mp4
2026-03-12 21:29:41,115 [INFO] === START ===
2026-03-12 21:29:42,755 [INFO] yt-dlp.exe verified OK (size=18408128 bytes)
2026-03-12 21:29:42,755 [INFO] Found leftover file C:\hacking\muwsJ5kowNg.mp4 (id=muwsJ5kowNg), validating...
2026-03-12 21:29:42,755 [INFO] [ffprobe:muwsJ5kowNg.mp4] Attempt 1/5
2026-03-12 21:29:42,755 [INFO] RUN ffprobe:muwsJ5kowNg.mp4: ffprobe -v error -show_entries format=duration -of default=noprint_wrappers=1:nokey=1 C:\hacking\muwsJ5kowNg.mp4
2026-03-12 21:29:42,787 [WARNING] [ffprobe:muwsJ5kowNg.mp4] Failed (code 1).
2026-03-12 21:29:42,787 [INFO] [ffprobe:muwsJ5kowNg.mp4] Retrying in 5 seconds...
2026-03-12 21:29:47,788 [INFO] [ffprobe:muwsJ5kowNg.mp4] Attempt 2/5
2026-03-12 21:29:47,788 [INFO] RUN ffprobe:muwsJ5kowNg.mp4: ffprobe -v error -show_entries format=duration -of default=noprint_wrappers=1:nokey=1 C:\hacking\muwsJ5kowNg.mp4
2026-03-12 21:29:47,818 [WARNING] [ffprobe:muwsJ5kowNg.mp4] Failed (code 1).
2026-03-12 21:29:47,818 [INFO] [ffprobe:muwsJ5kowNg.mp4] Retrying in 5 seconds...
2026-03-12 21:29:52,819 [INFO] [ffprobe:muwsJ5kowNg.mp4] Attempt 3/5
2026-03-12 21:29:52,819 [INFO] RUN ffprobe:muwsJ5kowNg.mp4: ffprobe -v error -show_entries format=duration -of default=noprint_wrappers=1:nokey=1 C:\hacking\muwsJ5kowNg.mp4
2026-03-12 21:29:52,850 [WARNING] [ffprobe:muwsJ5kowNg.mp4] Failed (code 1).
2026-03-12 21:29:52,850 [INFO] [ffprobe:muwsJ5kowNg.mp4] Retrying in 5 seconds...
2026-03-12 21:29:57,851 [INFO] [ffprobe:muwsJ5kowNg.mp4] Attempt 4/5
2026-03-12 21:29:57,851 [INFO] RUN ffprobe:muwsJ5kowNg.mp4: ffprobe -v error -show_entries format=duration -of default=noprint_wrappers=1:nokey=1 C:\hacking\muwsJ5kowNg.mp4
2026-03-12 21:29:57,881 [WARNING] [ffprobe:muwsJ5kowNg.mp4] Failed (code 1).
2026-03-12 21:29:57,882 [INFO] [ffprobe:muwsJ5kowNg.mp4] Retrying in 5 seconds...
2026-03-12 21:30:02,882 [INFO] [ffprobe:muwsJ5kowNg.mp4] Attempt 5/5
2026-03-12 21:30:02,882 [INFO] RUN ffprobe:muwsJ5kowNg.mp4: ffprobe -v error -show_entries format=duration -of default=noprint_wrappers=1:nokey=1 C:\hacking\muwsJ5kowNg.mp4
2026-03-12 21:30:02,913 [WARNING] [ffprobe:muwsJ5kowNg.mp4] Failed (code 1).
2026-03-12 21:30:02,913 [ERROR] [ffprobe:muwsJ5kowNg.mp4] All 5 attempts failed.
2026-03-12 21:30:02,913 [ERROR] Validation failed: could not get duration for C:\hacking\muwsJ5kowNg.mp4
2026-03-12 21:30:02,913 [WARNING] Moving corrupted file C:\hacking\muwsJ5kowNg.mp4 -> corrupted\muwsJ5kowNg.mp4
2026-03-12 21:30:02,918 [ERROR] Failed to move corrupted file C:\hacking\muwsJ5kowNg.mp4: [WinError 32] The process cannot access the file because it is being used by another process: 'C:\\hacking\\muwsJ5kowNg.mp4'
2026-03-12 21:30:02,918 [INFO] [playlist:https://www.youtube.com/@SMii7Yplays] Attempt 1/5
2026-03-12 21:30:02,918 [INFO] RUN playlist:https://www.youtube.com/@SMii7Yplays: C:\Tools\yt-dlp\yt-dlp.exe --dump-json --flat-playlist --extractor-args youtube:skip=dash https://www.youtube.com/@SMii7Yplays/videos
2026-03-12 21:30:06,668 [INFO] Channel https://www.youtube.com/@SMii7Yplays -> 2 videos
2026-03-12 21:30:06,668 [INFO] [playlist:https://www.youtube.com/@SMii7Yplus] Attempt 1/5
2026-03-12 21:30:06,668 [INFO] RUN playlist:https://www.youtube.com/@SMii7Yplus: C:\Tools\yt-dlp\yt-dlp.exe --dump-json --flat-playlist --extractor-args youtube:skip=dash https://www.youtube.com/@SMii7Yplus/videos
2026-03-12 21:30:18,907 [INFO] Channel https://www.youtube.com/@SMii7Yplus -> 2 videos
2026-03-12 21:30:18,908 [INFO] [playlist:https://www.youtube.com/@SMii7Y] Attempt 1/5
2026-03-12 21:30:18,908 [INFO] RUN playlist:https://www.youtube.com/@SMii7Y: C:\Tools\yt-dlp\yt-dlp.exe --dump-json --flat-playlist --extractor-args youtube:skip=dash https://www.youtube.com/@SMii7Y/videos
2026-03-12 21:30:46,762 [INFO] Channel https://www.youtube.com/@SMii7Y -> 2 videos
2026-03-12 21:30:46,763 [INFO] [playlist:https://www.youtube.com/@dougdougdoug] Attempt 1/5
2026-03-12 21:30:46,763 [INFO] RUN playlist:https://www.youtube.com/@dougdougdoug: C:\Tools\yt-dlp\yt-dlp.exe --dump-json --flat-playlist --extractor-args youtube:skip=dash https://www.youtube.com/@dougdougdoug/videos
2026-03-12 21:30:51,265 [INFO] Channel https://www.youtube.com/@dougdougdoug -> 2 videos
2026-03-12 21:30:51,266 [INFO] [playlist:https://www.youtube.com/@failboat] Attempt 1/5
2026-03-12 21:30:51,266 [INFO] RUN playlist:https://www.youtube.com/@failboat: C:\Tools\yt-dlp\yt-dlp.exe --dump-json --flat-playlist --extractor-args youtube:skip=dash https://www.youtube.com/@failboat/videos
2026-03-12 21:31:22,369 [INFO] Channel https://www.youtube.com/@failboat -> 2 videos
2026-03-12 21:31:22,369 [INFO] [playlist:https://www.youtube.com/@LetsGameItOut] Attempt 1/5
2026-03-12 21:31:22,370 [INFO] RUN playlist:https://www.youtube.com/@LetsGameItOut: C:\Tools\yt-dlp\yt-dlp.exe --dump-json --flat-playlist --extractor-args youtube:skip=dash https://www.youtube.com/@LetsGameItOut/videos
2026-03-12 21:31:43,630 [INFO] Channel https://www.youtube.com/@LetsGameItOut -> 2 videos
2026-03-12 21:31:43,631 [INFO] Queue size: 12
2026-03-12 21:31:43,631 [INFO] Processing video muwsJ5kowNg (Feeding Slop to Creatures of the Night) from channel UnknownChannel
2026-03-12 21:31:43,631 [INFO] Starting download for muwsJ5kowNg (Feeding Slop to Creatures of the Night)
2026-03-12 21:31:43,631 [INFO] Removing stale temp file muwsJ5kowNg.mp4
2026-03-12 21:33:21,263 [INFO] === START ===
2026-03-12 21:33:22,902 [INFO] yt-dlp.exe verified OK (size=18408128 bytes)
2026-03-12 21:33:22,903 [INFO] Found leftover file C:\hacking\muwsJ5kowNg.mp4 (id=muwsJ5kowNg), validating...
2026-03-12 21:33:22,903 [INFO] [ffprobe:muwsJ5kowNg.mp4] Attempt 1/5
2026-03-12 21:33:22,903 [INFO] RUN ffprobe:muwsJ5kowNg.mp4: ffprobe -v error -show_entries format=duration -of default=noprint_wrappers=1:nokey=1 C:\hacking\muwsJ5kowNg.mp4
2026-03-12 21:33:22,935 [WARNING] [ffprobe:muwsJ5kowNg.mp4] Failed (code 1).
2026-03-12 21:33:22,935 [INFO] [ffprobe:muwsJ5kowNg.mp4] Retrying in 5 seconds...
2026-03-12 21:33:27,936 [INFO] [ffprobe:muwsJ5kowNg.mp4] Attempt 2/5
2026-03-12 21:33:27,936 [INFO] RUN ffprobe:muwsJ5kowNg.mp4: ffprobe -v error -show_entries format=duration -of default=noprint_wrappers=1:nokey=1 C:\hacking\muwsJ5kowNg.mp4
2026-03-12 21:33:27,966 [WARNING] [ffprobe:muwsJ5kowNg.mp4] Failed (code 1).
2026-03-12 21:33:27,966 [INFO] [ffprobe:muwsJ5kowNg.mp4] Retrying in 5 seconds...
2026-03-12 21:33:32,967 [INFO] [ffprobe:muwsJ5kowNg.mp4] Attempt 3/5
2026-03-12 21:33:32,967 [INFO] RUN ffprobe:muwsJ5kowNg.mp4: ffprobe -v error -show_entries format=duration -of default=noprint_wrappers=1:nokey=1 C:\hacking\muwsJ5kowNg.mp4
2026-03-12 21:33:32,996 [WARNING] [ffprobe:muwsJ5kowNg.mp4] Failed (code 1).
2026-03-12 21:33:32,996 [INFO] [ffprobe:muwsJ5kowNg.mp4] Retrying in 5 seconds...
2026-03-12 21:33:37,997 [INFO] [ffprobe:muwsJ5kowNg.mp4] Attempt 4/5
2026-03-12 21:33:37,997 [INFO] RUN ffprobe:muwsJ5kowNg.mp4: ffprobe -v error -show_entries format=duration -of default=noprint_wrappers=1:nokey=1 C:\hacking\muwsJ5kowNg.mp4
2026-03-12 21:33:38,027 [WARNING] [ffprobe:muwsJ5kowNg.mp4] Failed (code 1).
2026-03-12 21:33:38,027 [INFO] [ffprobe:muwsJ5kowNg.mp4] Retrying in 5 seconds...
2026-03-12 21:33:43,028 [INFO] [ffprobe:muwsJ5kowNg.mp4] Attempt 5/5
2026-03-12 21:33:43,028 [INFO] RUN ffprobe:muwsJ5kowNg.mp4: ffprobe -v error -show_entries format=duration -of default=noprint_wrappers=1:nokey=1 C:\hacking\muwsJ5kowNg.mp4
2026-03-12 21:33:43,058 [WARNING] [ffprobe:muwsJ5kowNg.mp4] Failed (code 1).
2026-03-12 21:33:43,058 [ERROR] [ffprobe:muwsJ5kowNg.mp4] All 5 attempts failed.
2026-03-12 21:33:43,058 [ERROR] Validation failed: could not get duration for C:\hacking\muwsJ5kowNg.mp4
2026-03-12 21:33:43,060 [WARNING] Moving corrupted file C:\hacking\muwsJ5kowNg.mp4 -> corrupted\muwsJ5kowNg.mp4
2026-03-12 21:33:43,074 [ERROR] Failed to move corrupted file C:\hacking\muwsJ5kowNg.mp4: [WinError 32] The process cannot access the file because it is being used by another process: 'C:\\hacking\\muwsJ5kowNg.mp4'
2026-03-12 21:33:43,074 [INFO] [playlist:https://www.youtube.com/@SMii7Yplays] Attempt 1/5
2026-03-12 21:33:43,074 [INFO] RUN playlist:https://www.youtube.com/@SMii7Yplays: C:\Tools\yt-dlp\yt-dlp.exe --dump-json --flat-playlist --extractor-args youtube:skip=dash https://www.youtube.com/@SMii7Yplays/videos
2026-03-12 21:33:54,886 [INFO] Channel https://www.youtube.com/@SMii7Yplays -> 2 videos
2026-03-12 21:33:54,886 [INFO] [playlist:https://www.youtube.com/@SMii7Yplus] Attempt 1/5
2026-03-12 21:33:54,887 [INFO] RUN playlist:https://www.youtube.com/@SMii7Yplus: C:\Tools\yt-dlp\yt-dlp.exe --dump-json --flat-playlist --extractor-args youtube:skip=dash https://www.youtube.com/@SMii7Yplus/videos
2026-03-12 21:33:58,730 [WARNING] Ctrl+C detected — graceful shutdown requested.
2026-03-12 21:33:58,731 [WARNING] [playlist:https://www.youtube.com/@SMii7Yplus] Failed (code 1).
2026-03-12 21:33:58,731 [INFO] [playlist:https://www.youtube.com/@SMii7Yplus] Retrying in 5 seconds...
2026-03-12 21:34:03,732 [WARNING] [playlist:https://www.youtube.com/@SMii7Yplus] Aborting retries due to interrupt.
2026-03-12 21:34:03,732 [INFO] Channel https://www.youtube.com/@SMii7Yplus -> 0 videos
2026-03-12 21:34:03,732 [WARNING] [playlist:https://www.youtube.com/@SMii7Y] Aborting retries due to interrupt.
2026-03-12 21:34:03,732 [INFO] Channel https://www.youtube.com/@SMii7Y -> 0 videos
2026-03-12 21:34:03,732 [WARNING] [playlist:https://www.youtube.com/@dougdougdoug] Aborting retries due to interrupt.
2026-03-12 21:34:03,732 [INFO] Channel https://www.youtube.com/@dougdougdoug -> 0 videos
2026-03-12 21:34:03,732 [WARNING] [playlist:https://www.youtube.com/@failboat] Aborting retries due to interrupt.
2026-03-12 21:34:03,733 [INFO] Channel https://www.youtube.com/@failboat -> 0 videos
2026-03-12 21:34:03,733 [WARNING] [playlist:https://www.youtube.com/@LetsGameItOut] Aborting retries due to interrupt.
2026-03-12 21:34:03,733 [INFO] Channel https://www.youtube.com/@LetsGameItOut -> 0 videos
2026-03-12 21:34:03,733 [INFO] Queue size: 2
2026-03-12 21:34:03,733 [INFO] Graceful exit requested before next video.
2026-03-12 21:34:03,733 [INFO] === EXIT ===
2026-03-12 21:34:34,007 [INFO] === START ===
2026-03-12 21:34:35,676 [INFO] yt-dlp.exe verified OK (size=18408128 bytes)
2026-03-12 21:34:35,677 [INFO] Clearing in_progress (muwsJ5kowNg) because temp file missing.
2026-03-12 21:34:35,678 [INFO] [playlist:https://www.youtube.com/@SMii7Yplays] Attempt 1/5
2026-03-12 21:34:35,678 [INFO] RUN playlist:https://www.youtube.com/@SMii7Yplays: C:\Tools\yt-dlp\yt-dlp.exe --dump-json --flat-playlist --extractor-args youtube:skip=dash https://www.youtube.com/@SMii7Yplays/videos
2026-03-12 21:34:39,762 [INFO] Channel https://www.youtube.com/@SMii7Yplays -> 2 videos
2026-03-12 21:34:39,762 [INFO] [playlist:https://www.youtube.com/@SMii7Yplus] Attempt 1/5
2026-03-12 21:34:39,762 [INFO] RUN playlist:https://www.youtube.com/@SMii7Yplus: C:\Tools\yt-dlp\yt-dlp.exe --dump-json --flat-playlist --extractor-args youtube:skip=dash https://www.youtube.com/@SMii7Yplus/videos
2026-03-12 21:34:50,090 [INFO] Channel https://www.youtube.com/@SMii7Yplus -> 2 videos
2026-03-12 21:34:50,091 [INFO] [playlist:https://www.youtube.com/@SMii7Y] Attempt 1/5
2026-03-12 21:34:50,091 [INFO] RUN playlist:https://www.youtube.com/@SMii7Y: C:\Tools\yt-dlp\yt-dlp.exe --dump-json --flat-playlist --extractor-args youtube:skip=dash https://www.youtube.com/@SMii7Y/videos
2026-03-12 21:35:23,030 [INFO] Channel https://www.youtube.com/@SMii7Y -> 2 videos
2026-03-12 21:35:23,030 [INFO] [playlist:https://www.youtube.com/@dougdougdoug] Attempt 1/5
2026-03-12 21:35:23,030 [INFO] RUN playlist:https://www.youtube.com/@dougdougdoug: C:\Tools\yt-dlp\yt-dlp.exe --dump-json --flat-playlist --extractor-args youtube:skip=dash https://www.youtube.com/@dougdougdoug/videos
2026-03-12 21:35:28,862 [INFO] Channel https://www.youtube.com/@dougdougdoug -> 2 videos
2026-03-12 21:35:28,862 [INFO] [playlist:https://www.youtube.com/@failboat] Attempt 1/5
2026-03-12 21:35:28,862 [INFO] RUN playlist:https://www.youtube.com/@failboat: C:\Tools\yt-dlp\yt-dlp.exe --dump-json --flat-playlist --extractor-args youtube:skip=dash https://www.youtube.com/@failboat/videos
2026-03-12 21:36:02,398 [INFO] Channel https://www.youtube.com/@failboat -> 2 videos
2026-03-12 21:36:02,399 [INFO] [playlist:https://www.youtube.com/@LetsGameItOut] Attempt 1/5
2026-03-12 21:36:02,399 [INFO] RUN playlist:https://www.youtube.com/@LetsGameItOut: C:\Tools\yt-dlp\yt-dlp.exe --dump-json --flat-playlist --extractor-args youtube:skip=dash https://www.youtube.com/@LetsGameItOut/videos
2026-03-12 21:36:19,458 [INFO] Channel https://www.youtube.com/@LetsGameItOut -> 2 videos
2026-03-12 21:36:19,459 [INFO] Queue size: 12
2026-03-12 21:36:19,459 [INFO] Processing video muwsJ5kowNg (Feeding Slop to Creatures of the Night) from channel UnknownChannel
2026-03-12 21:36:19,459 [INFO] Starting download for muwsJ5kowNg (Feeding Slop to Creatures of the Night)
2026-03-12 21:36:19,461 [INFO] Download attempt 1/5 for muwsJ5kowNg
2026-03-12 21:36:19,461 [INFO] [urls:muwsJ5kowNg:134+140] Attempt 1/5
2026-03-12 21:36:19,461 [INFO] RUN urls:muwsJ5kowNg:134+140: C:\Tools\yt-dlp\yt-dlp.exe -g -f 134+140 https://www.youtube.com/watch?v=muwsJ5kowNg
2026-03-12 21:36:23,322 [INFO] Got URLs for muwsJ5kowNg with format 134+140
2026-03-12 21:36:23,322 [INFO] Starting ffmpeg for muwsJ5kowNg: ffmpeg -y -loglevel error -progress pipe:2 -i https://rr2---sn-uxanug5-2xgd.googlevideo.com/videoplayback?expire=1773344182&ei=VsGyafXkOb6J1d8P8MTPCQ&ip=1.159.219.162&id=o-AAs6-Gq7LPq7i6TZEFZFmGiz8HNeIVqW06SrgyeLyfrE&itag=134&source=youtube&requiressl=yes&xpc=EgVo2aDSNQ%3D%3D&cps=378&met=1773322582%2C&mh=Bk&mm=31%2C29&mn=sn-uxanug5-2xgd%2Csn-ntqe6nee&ms=au%2Crdu&mv=m&mvi=2&pl=17&rms=au%2Cau&initcwndbps=2041250&bui=AVNa5-wyiwlvhvL_EfSAJh3S3MNOMk9XIGglJ9Mne4cwjkwtDQ6umOcM4xWnSdmQgTpyEze3k_dTJ5kO&spc=6dlaFItYlgusSqo3iGea5wQf0NOToIMKeey0oNwnSXyX2bsT&vprv=1&svpuc=1&mime=video%2Fmp4&rqh=1&gir=yes&clen=365872356&dur=7247.266&lmt=1772740281077351&mt=1773322190&fvip=4&keepalive=yes&fexp=51565116%2C51565681%2C51791334&c=ANDROID_VR&txp=3309224&sparams=expire%2Cei%2Cip%2Cid%2Citag%2Csource%2Crequiressl%2Cxpc%2Cbui%2Cspc%2Cvprv%2Csvpuc%2Cmime%2Crqh%2Cgir%2Cclen%2Cdur%2Clmt&sig=AHEqNM4wRQIgfbaCpTu-ZvgrVa9tcYg4pb696t_MA9IaFTNbugsoHM4CIQDTLlEbAV73s_V4JKiFXhM2WjFZQYjdkUGmfP-t2L0lag%3D%3D&lsparams=cps%2Cmet%2Cmh%2Cmm%2Cmn%2Cms%2Cmv%2Cmvi%2Cpl%2Crms%2Cinitcwndbps&lsig=APaTxxMwRAIgCubreGZsRuG_hStEMicUt85-WD4uoE4jIbIL9pvtkUgCIDZSio5IpmKdyThCMI9K3A7QxceAvvO3-lhXLjSPC94Q -i https://rr2---sn-uxanug5-2xgd.googlevideo.com/videoplayback?expire=1773344182&ei=VsGyafXkOb6J1d8P8MTPCQ&ip=1.159.219.162&id=o-AAs6-Gq7LPq7i6TZEFZFmGiz8HNeIVqW06SrgyeLyfrE&itag=140&source=youtube&requiressl=yes&xpc=EgVo2aDSNQ%3D%3D&cps=378&met=1773322582%2C&mh=Bk&mm=31%2C29&mn=sn-uxanug5-2xgd%2Csn-ntqe6nee&ms=au%2Crdu&mv=m&mvi=2&pl=17&rms=au%2Cau&initcwndbps=2041250&bui=AVNa5-wyiwlvhvL_EfSAJh3S3MNOMk9XIGglJ9Mne4cwjkwtDQ6umOcM4xWnSdmQgTpyEze3k_dTJ5kO&spc=6dlaFItYlgusSqo3iGea5wQf0NOToIMKeey0oNwnSXyX2bsT&vprv=1&svpuc=1&mime=audio%2Fmp4&rqh=1&gir=yes&clen=117290350&dur=7247.295&lmt=1772740344760173&mt=1773322190&fvip=4&keepalive=yes&fexp=51565116%2C51565681%2C51791334&c=ANDROID_VR&txp=3308224&sparams=expire%2Cei%2Cip%2Cid%2Citag%2Csource%2Crequiressl%2Cxpc%2Cbui%2Cspc%2Cvprv%2Csvpuc%2Cmime%2Crqh%2Cgir%2Cclen%2Cdur%2Clmt&sig=AHEqNM4wRQIgHLEN1ETFML1rDg80zYwK7hJI63ydI8WT5i7XN28ZzjwCIQC0T14NyJRVX20IwOXP0GfgLbcVzvmLxv260PvClFNRhA%3D%3D&lsparams=cps%2Cmet%2Cmh%2Cmm%2Cmn%2Cms%2Cmv%2Cmvi%2Cpl%2Crms%2Cinitcwndbps&lsig=APaTxxMwRAIgCubreGZsRuG_hStEMicUt85-WD4uoE4jIbIL9pvtkUgCIDZSio5IpmKdyThCMI9K3A7QxceAvvO3-lhXLjSPC94Q -c copy muwsJ5kowNg.mp4
2026-03-12 21:39:18,452 [WARNING] Ctrl+C detected — graceful shutdown requested.
2026-03-12 21:39:18,453 [WARNING] Terminated ffmpeg for muwsJ5kowNg due to Ctrl+C.
2026-03-12 21:39:18,453 [ERROR] ffmpeg failed for muwsJ5kowNg on attempt 1
2026-03-12 21:39:18,453 [WARNING] Moving corrupted file muwsJ5kowNg.mp4 -> corrupted\muwsJ5kowNg.mp4
2026-03-12 21:39:23,455 [WARNING] Interrupted during download of muwsJ5kowNg — aborting safely.
2026-03-12 21:39:23,457 [INFO] Graceful exit requested before next video.
2026-03-12 21:39:23,457 [INFO] === EXIT ===
2026-03-12 21:39:26,123 [INFO] === START ===
2026-03-12 21:39:27,754 [INFO] yt-dlp.exe verified OK (size=18408128 bytes)
2026-03-12 21:39:27,755 [INFO] Clearing in_progress (muwsJ5kowNg) because temp file missing.
2026-03-12 21:39:27,756 [INFO] [playlist:https://www.youtube.com/@SMii7Yplays] Attempt 1/5
2026-03-12 21:39:27,756 [INFO] RUN playlist:https://www.youtube.com/@SMii7Yplays: C:\Tools\yt-dlp\yt-dlp.exe --dump-json --flat-playlist --extractor-args youtube:skip=dash https://www.youtube.com/@SMii7Yplays/videos
2026-03-12 21:39:33,335 [INFO] Channel https://www.youtube.com/@SMii7Yplays -> 2 videos
2026-03-12 21:39:33,336 [INFO] [playlist:https://www.youtube.com/@SMii7Yplus] Attempt 1/5
2026-03-12 21:39:33,336 [INFO] RUN playlist:https://www.youtube.com/@SMii7Yplus: C:\Tools\yt-dlp\yt-dlp.exe --dump-json --flat-playlist --extractor-args youtube:skip=dash https://www.youtube.com/@SMii7Yplus/videos
2026-03-12 21:39:43,962 [INFO] Channel https://www.youtube.com/@SMii7Yplus -> 2 videos
2026-03-12 21:39:43,962 [INFO] [playlist:https://www.youtube.com/@SMii7Y] Attempt 1/5
2026-03-12 21:39:43,962 [INFO] RUN playlist:https://www.youtube.com/@SMii7Y: C:\Tools\yt-dlp\yt-dlp.exe --dump-json --flat-playlist --extractor-args youtube:skip=dash https://www.youtube.com/@SMii7Y/videos
2026-03-12 21:40:18,102 [INFO] Channel https://www.youtube.com/@SMii7Y -> 2 videos
2026-03-12 21:40:18,102 [INFO] [playlist:https://www.youtube.com/@dougdougdoug] Attempt 1/5
2026-03-12 21:40:18,103 [INFO] RUN playlist:https://www.youtube.com/@dougdougdoug: C:\Tools\yt-dlp\yt-dlp.exe --dump-json --flat-playlist --extractor-args youtube:skip=dash https://www.youtube.com/@dougdougdoug/videos
2026-03-12 21:40:22,563 [INFO] Channel https://www.youtube.com/@dougdougdoug -> 2 videos
2026-03-12 21:40:22,563 [INFO] [playlist:https://www.youtube.com/@failboat] Attempt 1/5
2026-03-12 21:40:22,563 [INFO] RUN playlist:https://www.youtube.com/@failboat: C:\Tools\yt-dlp\yt-dlp.exe --dump-json --flat-playlist --extractor-args youtube:skip=dash https://www.youtube.com/@failboat/videos
2026-03-12 21:40:55,469 [INFO] Channel https://www.youtube.com/@failboat -> 2 videos
2026-03-12 21:40:55,469 [INFO] [playlist:https://www.youtube.com/@LetsGameItOut] Attempt 1/5
2026-03-12 21:40:55,469 [INFO] RUN playlist:https://www.youtube.com/@LetsGameItOut: C:\Tools\yt-dlp\yt-dlp.exe --dump-json --flat-playlist --extractor-args youtube:skip=dash https://www.youtube.com/@LetsGameItOut/videos
2026-03-12 21:41:11,022 [INFO] Channel https://www.youtube.com/@LetsGameItOut -> 2 videos
2026-03-12 21:41:11,023 [INFO] Queue size: 12
2026-03-12 21:41:11,023 [INFO] Skipping video muwsJ5kowNg (Feeding Slop to Creatures of the Night) — listed in skip.txt
2026-03-12 21:41:11,024 [INFO] Processing video X3M-_xdfCaA (REANIMAL is INSANE) from channel UnknownChannel
2026-03-12 21:41:11,024 [INFO] Starting download for X3M-_xdfCaA (REANIMAL is INSANE)
2026-03-12 21:41:11,025 [INFO] Download attempt 1/5 for X3M-_xdfCaA
2026-03-12 21:41:11,025 [INFO] [urls:X3M-_xdfCaA:134+140] Attempt 1/5
2026-03-12 21:41:11,025 [INFO] RUN urls:X3M-_xdfCaA:134+140: C:\Tools\yt-dlp\yt-dlp.exe -g -f 134+140 https://www.youtube.com/watch?v=X3M-_xdfCaA
2026-03-12 21:41:14,781 [INFO] Got URLs for X3M-_xdfCaA with format 134+140
2026-03-12 21:41:14,781 [INFO] Starting ffmpeg for X3M-_xdfCaA: ffmpeg -y -loglevel error -progress pipe:2 -i https://rr3---sn-uxanug5-2xgd.googlevideo.com/videoplayback?expire=1773344474&ei=esKyaezLFcTQz7sP6MuqyQQ&ip=1.159.219.162&id=o-AHZwMnxZB-nkLFBMd_lnyXMiD1D52ivKaqJyhb4NffQ0&itag=134&source=youtube&requiressl=yes&xpc=EgVo2aDSNQ%3D%3D&cps=293&met=1773322874%2C&mh=Vp&mm=31%2C29&mn=sn-uxanug5-2xgd%2Csn-ntqe6nee&ms=au%2Crdu&mv=m&mvi=3&pl=17&rms=au%2Cau&initcwndbps=2108750&bui=AVNa5-wwg0iwRJgr0BzABfC2BzAVgghbRbfKzkxSXo3F-di12g3-TezxKkvqS5nzZvkgFwJalXBodD8j&spc=6dlaFG5hOvz10L7pkktq3MaCiNFdCYsyCL3Jw1_FiGh6ebeo&vprv=1&svpuc=1&mime=video%2Fmp4&rqh=1&gir=yes&clen=276721208&dur=12351.166&lmt=1772056220065357&mt=1773322639&fvip=1&keepalive=yes&fexp=51565116%2C51565681%2C51791334&c=ANDROID_VR&txp=3309224&sparams=expire%2Cei%2Cip%2Cid%2Citag%2Csource%2Crequiressl%2Cxpc%2Cbui%2Cspc%2Cvprv%2Csvpuc%2Cmime%2Crqh%2Cgir%2Cclen%2Cdur%2Clmt&sig=AHEqNM4wRgIhAMR-vVVsOp714EaJ9iTr3VwpumxCBM0gCI3MdWaUQDIwAiEAlUPidxYMjWScBZUuA-cy1X5kyvu71c13P9r-bJi0bzE%3D&lsparams=cps%2Cmet%2Cmh%2Cmm%2Cmn%2Cms%2Cmv%2Cmvi%2Cpl%2Crms%2Cinitcwndbps&lsig=APaTxxMwRgIhALwfg3yJyno5ReI4sRQmAsECgi8zjVqPJ_1wFDRWDBkXAiEAlKeFAztIg_N_8adeX8nV-4G3tcf8ZjAnSgspJSsbCG0%3D -i https://rr3---sn-uxanug5-2xgd.googlevideo.com/videoplayback?expire=1773344474&ei=esKyaezLFcTQz7sP6MuqyQQ&ip=1.159.219.162&id=o-AHZwMnxZB-nkLFBMd_lnyXMiD1D52ivKaqJyhb4NffQ0&itag=140&source=youtube&requiressl=yes&xpc=EgVo2aDSNQ%3D%3D&cps=293&met=1773322874%2C&mh=Vp&mm=31%2C29&mn=sn-uxanug5-2xgd%2Csn-ntqe6nee&ms=au%2Crdu&mv=m&mvi=3&pl=17&rms=au%2Cau&initcwndbps=2108750&bui=AVNa5-wwg0iwRJgr0BzABfC2BzAVgghbRbfKzkxSXo3F-di12g3-TezxKkvqS5nzZvkgFwJalXBodD8j&spc=6dlaFG5hOvz10L7pkktq3MaCiNFdCYsyCL3Jw1_FiGh6ebeo&vprv=1&svpuc=1&mime=audio%2Fmp4&rqh=1&gir=yes&clen=199891551&dur=12351.204&lmt=1772056338776975&mt=1773322639&fvip=1&keepalive=yes&fexp=51565116%2C51565681%2C51791334&c=ANDROID_VR&txp=3308224&sparams=expire%2Cei%2Cip%2Cid%2Citag%2Csource%2Crequiressl%2Cxpc%2Cbui%2Cspc%2Cvprv%2Csvpuc%2Cmime%2Crqh%2Cgir%2Cclen%2Cdur%2Clmt&sig=AHEqNM4wRQIgLco7DZMGGCHNifeFBabOcSYNdCCJeVgKhOjxwuKJCZICIQCqQ4UMHLpPahtXwe4m2vjihzQhxbbNYIlQQ7ErdPGdhQ%3D%3D&lsparams=cps%2Cmet%2Cmh%2Cmm%2Cmn%2Cms%2Cmv%2Cmvi%2Cpl%2Crms%2Cinitcwndbps&lsig=APaTxxMwRgIhALwfg3yJyno5ReI4sRQmAsECgi8zjVqPJ_1wFDRWDBkXAiEAlKeFAztIg_N_8adeX8nV-4G3tcf8ZjAnSgspJSsbCG0%3D -c copy X3M-_xdfCaA.mp4
2026-03-12 21:42:14,141 [INFO] === START ===
2026-03-12 21:42:15,815 [INFO] yt-dlp.exe verified OK (size=18408128 bytes)
2026-03-12 21:42:15,815 [INFO] Found leftover file C:\hacking\X3M-_xdfCaA.mp4 (id=X3M-_xdfCaA), validating...
2026-03-12 21:42:15,815 [INFO] [ffprobe:X3M-_xdfCaA.mp4] Attempt 1/5
2026-03-12 21:42:15,815 [INFO] RUN ffprobe:X3M-_xdfCaA.mp4: ffprobe -v error -show_entries format=duration -of default=noprint_wrappers=1:nokey=1 C:\hacking\X3M-_xdfCaA.mp4
2026-03-12 21:42:15,853 [INFO] Validation OK for C:\hacking\X3M-_xdfCaA.mp4 (size=2795282, duration=95.27)
2026-03-12 21:42:15,853 [INFO] Leftover file C:\hacking\X3M-_xdfCaA.mp4 seems valid but unknown; leaving in place.
2026-03-12 21:42:15,853 [INFO] [playlist:https://www.youtube.com/@SMii7Yplays] Attempt 1/5
2026-03-12 21:42:15,854 [INFO] RUN playlist:https://www.youtube.com/@SMii7Yplays: C:\Tools\yt-dlp\yt-dlp.exe --dump-json --flat-playlist --extractor-args youtube:skip=dash https://www.youtube.com/@SMii7Yplays/videos
2026-03-12 21:42:19,639 [INFO] Channel https://www.youtube.com/@SMii7Yplays -> 2 videos
2026-03-12 21:42:19,639 [INFO] [playlist:https://www.youtube.com/@SMii7Yplus] Attempt 1/5
2026-03-12 21:42:19,639 [INFO] RUN playlist:https://www.youtube.com/@SMii7Yplus: C:\Tools\yt-dlp\yt-dlp.exe --dump-json --flat-playlist --extractor-args youtube:skip=dash https://www.youtube.com/@SMii7Yplus/videos
2026-03-12 21:42:30,151 [INFO] Channel https://www.youtube.com/@SMii7Yplus -> 2 videos
2026-03-12 21:42:30,151 [INFO] [playlist:https://www.youtube.com/@SMii7Y] Attempt 1/5
2026-03-12 21:42:30,151 [INFO] RUN playlist:https://www.youtube.com/@SMii7Y: C:\Tools\yt-dlp\yt-dlp.exe --dump-json --flat-playlist --extractor-args youtube:skip=dash https://www.youtube.com/@SMii7Y/videos
2026-03-12 21:43:05,165 [INFO] Channel https://www.youtube.com/@SMii7Y -> 2 videos
2026-03-12 21:43:05,165 [INFO] [playlist:https://www.youtube.com/@dougdougdoug] Attempt 1/5
2026-03-12 21:43:05,165 [INFO] RUN playlist:https://www.youtube.com/@dougdougdoug: C:\Tools\yt-dlp\yt-dlp.exe --dump-json --flat-playlist --extractor-args youtube:skip=dash https://www.youtube.com/@dougdougdoug/videos
2026-03-12 21:43:10,278 [INFO] Channel https://www.youtube.com/@dougdougdoug -> 2 videos
2026-03-12 21:43:10,278 [INFO] [playlist:https://www.youtube.com/@failboat] Attempt 1/5
2026-03-12 21:43:10,278 [INFO] RUN playlist:https://www.youtube.com/@failboat: C:\Tools\yt-dlp\yt-dlp.exe --dump-json --flat-playlist --extractor-args youtube:skip=dash https://www.youtube.com/@failboat/videos
2026-03-12 21:43:46,257 [INFO] Channel https://www.youtube.com/@failboat -> 2 videos
2026-03-12 21:43:46,257 [INFO] [playlist:https://www.youtube.com/@LetsGameItOut] Attempt 1/5
2026-03-12 21:43:46,257 [INFO] RUN playlist:https://www.youtube.com/@LetsGameItOut: C:\Tools\yt-dlp\yt-dlp.exe --dump-json --flat-playlist --extractor-args youtube:skip=dash https://www.youtube.com/@LetsGameItOut/videos
2026-03-12 21:44:06,599 [INFO] Channel https://www.youtube.com/@LetsGameItOut -> 2 videos
2026-03-12 21:44:06,599 [INFO] Queue size: 12
2026-03-12 21:44:06,600 [INFO] Skipping video muwsJ5kowNg (Feeding Slop to Creatures of the Night) — listed in skip.txt
2026-03-12 21:44:06,600 [INFO] Skipping video X3M-_xdfCaA (REANIMAL is INSANE) — listed in skip.txt
2026-03-12 21:44:06,600 [INFO] Processing video Qnuxh0y1Yzg (DO NOT Play This Golf Game with Your Friends) from channel UnknownChannel
2026-03-12 21:44:06,601 [INFO] Starting download for Qnuxh0y1Yzg (DO NOT Play This Golf Game with Your Friends)
2026-03-12 21:44:06,602 [INFO] Download attempt 1/5 for Qnuxh0y1Yzg
2026-03-12 21:44:06,602 [INFO] [urls:Qnuxh0y1Yzg:134+140] Attempt 1/5
2026-03-12 21:44:06,602 [INFO] RUN urls:Qnuxh0y1Yzg:134+140: C:\Tools\yt-dlp\yt-dlp.exe -g -f 134+140 https://www.youtube.com/watch?v=Qnuxh0y1Yzg
2026-03-12 21:44:10,896 [INFO] Got URLs for Qnuxh0y1Yzg with format 134+140
2026-03-12 21:44:10,896 [INFO] Starting ffmpeg for Qnuxh0y1Yzg: ffmpeg -y -loglevel error -progress pipe:2 -i https://rr5---sn-uxanug5-2xgd.googlevideo.com/videoplayback?expire=1773344650&ei=KsOyadTtHYiOssUP3amQiQ0&ip=1.159.219.162&id=o-AFdpk1bCK95aJJ7zrdrc0nW9JkehT4Y29d9GeMsr2XlT&itag=134&source=youtube&requiressl=yes&xpc=EgVo2aDSNQ%3D%3D&cps=890&met=1773323050%2C&mh=ty&mm=31%2C29&mn=sn-uxanug5-2xgd%2Csn-ntq7ynle&ms=au%2Crdu&mv=m&mvi=5&pl=17&rms=au%2Cau&initcwndbps=2108750&bui=AVNa5-zKIFhK-swFZh72K6vtrQvbJYkh7ZRtWYlMNUF7LWUmjv_Cnlyh9YlIFEC0EgYMxTjw-pFIsitL&spc=6dlaFHWux9Nhaw6PFMtN0rViZPidLHqz_5SrGTn2QH_QLmoV&vprv=1&svpuc=1&mime=video%2Fmp4&rqh=1&gir=yes&clen=125989104&dur=2110.766&lmt=1773100961062899&mt=1773322639&fvip=4&keepalive=yes&fexp=51565115%2C51565681%2C51791334&c=ANDROID_VR&txp=3309224&sparams=expire%2Cei%2Cip%2Cid%2Citag%2Csource%2Crequiressl%2Cxpc%2Cbui%2Cspc%2Cvprv%2Csvpuc%2Cmime%2Crqh%2Cgir%2Cclen%2Cdur%2Clmt&sig=AHEqNM4wRQIgXa0Hm-FtFHhNZPtsWu3yIPG7kEJ0qssFAi0xVTv7QiMCIQD04piMooZnnIWbayc-pnOHZj5fGuwaJzeilmL7dY2-iw%3D%3D&lsparams=cps%2Cmet%2Cmh%2Cmm%2Cmn%2Cms%2Cmv%2Cmvi%2Cpl%2Crms%2Cinitcwndbps&lsig=APaTxxMwRQIgQPO2ENRTrEDhbM4Og1jyxBKYLQjvWqMMXlg7ecLHGAUCIQCYtXtqYa8XnTYcsmSe4-IWzc32Mc78X-OrMYS4Uqi6Pg%3D%3D -i https://rr5---sn-uxanug5-2xgd.googlevideo.com/videoplayback?expire=1773344650&ei=KsOyadTtHYiOssUP3amQiQ0&ip=1.159.219.162&id=o-AFdpk1bCK95aJJ7zrdrc0nW9JkehT4Y29d9GeMsr2XlT&itag=140&source=youtube&requiressl=yes&xpc=EgVo2aDSNQ%3D%3D&cps=890&met=1773323050%2C&mh=ty&mm=31%2C29&mn=sn-uxanug5-2xgd%2Csn-ntq7ynle&ms=au%2Crdu&mv=m&mvi=5&pl=17&rms=au%2Cau&initcwndbps=2108750&bui=AVNa5-zKIFhK-swFZh72K6vtrQvbJYkh7ZRtWYlMNUF7LWUmjv_Cnlyh9YlIFEC0EgYMxTjw-pFIsitL&spc=6dlaFHWux9Nhaw6PFMtN0rViZPidLHqz_5SrGTn2QH_QLmoV&vprv=1&svpuc=1&mime=audio%2Fmp4&rqh=1&gir=yes&clen=34162051&dur=2110.809&lmt=1773100947040831&mt=1773322639&fvip=4&keepalive=yes&fexp=51565115%2C51565681%2C51791334&c=ANDROID_VR&txp=3308224&sparams=expire%2Cei%2Cip%2Cid%2Citag%2Csource%2Crequiressl%2Cxpc%2Cbui%2Cspc%2Cvprv%2Csvpuc%2Cmime%2Crqh%2Cgir%2Cclen%2Cdur%2Clmt&sig=AHEqNM4wRgIhAL9MiSE_hp6DMrRalWjRggTSSmSUU1uRWaF0OY7q4XT3AiEAotm5mU5ftvcJDqltQgXQhhkr_z9YWiRigfhBgLfZJO4%3D&lsparams=cps%2Cmet%2Cmh%2Cmm%2Cmn%2Cms%2Cmv%2Cmvi%2Cpl%2Crms%2Cinitcwndbps&lsig=APaTxxMwRQIgQPO2ENRTrEDhbM4Og1jyxBKYLQjvWqMMXlg7ecLHGAUCIQCYtXtqYa8XnTYcsmSe4-IWzc32Mc78X-OrMYS4Uqi6Pg%3D%3D -c copy Qnuxh0y1Yzg.mp4
2026-03-12 22:00:15,143 [WARNING] Ctrl+C detected — graceful shutdown requested.
2026-03-12 22:00:15,143 [WARNING] Terminated ffmpeg for Qnuxh0y1Yzg due to Ctrl+C.
2026-03-12 22:00:15,144 [ERROR] ffmpeg failed for Qnuxh0y1Yzg on attempt 1
2026-03-12 22:00:15,144 [WARNING] Moving corrupted file Qnuxh0y1Yzg.mp4 -> corrupted\Qnuxh0y1Yzg.mp4
2026-03-12 22:00:20,226 [WARNING] Interrupted during download of Qnuxh0y1Yzg — aborting safely.
2026-03-12 22:00:20,228 [INFO] Graceful exit requested before next video.
2026-03-12 22:00:20,228 [INFO] === EXIT ===
2026-03-13 14:56:45,509 [INFO] === START ===
2026-03-13 14:56:47,308 [INFO] yt-dlp.exe verified OK (size=18408128 bytes)
2026-03-13 14:56:47,310 [INFO] Found leftover file C:\hacking\X3M-_xdfCaA.mp4 (id=X3M-_xdfCaA), validating...
2026-03-13 14:56:47,310 [INFO] [ffprobe:X3M-_xdfCaA.mp4] Attempt 1/5
2026-03-13 14:56:47,310 [INFO] RUN ffprobe:X3M-_xdfCaA.mp4: ffprobe -v error -show_entries format=duration -of default=noprint_wrappers=1:nokey=1 C:\hacking\X3M-_xdfCaA.mp4
2026-03-13 14:56:47,411 [INFO] Validation OK for C:\hacking\X3M-_xdfCaA.mp4 (size=2795282, duration=95.27)
2026-03-13 14:56:47,412 [INFO] Leftover file C:\hacking\X3M-_xdfCaA.mp4 seems valid but unknown; leaving in place.
2026-03-13 14:56:47,412 [INFO] Clearing in_progress (Qnuxh0y1Yzg) because temp file missing.
2026-03-13 14:56:47,414 [INFO] [playlist:https://www.youtube.com/@SMii7Yplays] Attempt 1/5
2026-03-13 14:56:47,414 [INFO] RUN playlist:https://www.youtube.com/@SMii7Yplays: C:\Tools\yt-dlp\yt-dlp.exe --dump-json --flat-playlist --extractor-args youtube:skip=dash https://www.youtube.com/@SMii7Yplays/videos
2026-03-13 14:56:51,437 [INFO] Channel https://www.youtube.com/@SMii7Yplays -> 2 videos
2026-03-13 14:56:51,437 [INFO] [playlist:https://www.youtube.com/@SMii7Yplus] Attempt 1/5
2026-03-13 14:56:51,437 [INFO] RUN playlist:https://www.youtube.com/@SMii7Yplus: C:\Tools\yt-dlp\yt-dlp.exe --dump-json --flat-playlist --extractor-args youtube:skip=dash https://www.youtube.com/@SMii7Yplus/videos
2026-03-13 14:57:00,424 [INFO] Channel https://www.youtube.com/@SMii7Yplus -> 2 videos
2026-03-13 14:57:00,424 [INFO] [playlist:https://www.youtube.com/@SMii7Y] Attempt 1/5
2026-03-13 14:57:00,428 [INFO] RUN playlist:https://www.youtube.com/@SMii7Y: C:\Tools\yt-dlp\yt-dlp.exe --dump-json --flat-playlist --extractor-args youtube:skip=dash https://www.youtube.com/@SMii7Y/videos
2026-03-13 14:57:26,130 [INFO] Channel https://www.youtube.com/@SMii7Y -> 2 videos
2026-03-13 14:57:26,130 [INFO] [playlist:https://www.youtube.com/@dougdougdoug] Attempt 1/5
2026-03-13 14:57:26,130 [INFO] RUN playlist:https://www.youtube.com/@dougdougdoug: C:\Tools\yt-dlp\yt-dlp.exe --dump-json --flat-playlist --extractor-args youtube:skip=dash https://www.youtube.com/@dougdougdoug/videos
2026-03-13 14:57:30,270 [INFO] Channel https://www.youtube.com/@dougdougdoug -> 2 videos
2026-03-13 14:57:30,274 [INFO] [playlist:https://www.youtube.com/@failboat] Attempt 1/5
2026-03-13 14:57:30,274 [INFO] RUN playlist:https://www.youtube.com/@failboat: C:\Tools\yt-dlp\yt-dlp.exe --dump-json --flat-playlist --extractor-args youtube:skip=dash https://www.youtube.com/@failboat/videos
2026-03-13 14:57:55,265 [INFO] Channel https://www.youtube.com/@failboat -> 2 videos
2026-03-13 14:57:55,265 [INFO] [playlist:https://www.youtube.com/@LetsGameItOut] Attempt 1/5
2026-03-13 14:57:55,265 [INFO] RUN playlist:https://www.youtube.com/@LetsGameItOut: C:\Tools\yt-dlp\yt-dlp.exe --dump-json --flat-playlist --extractor-args youtube:skip=dash https://www.youtube.com/@LetsGameItOut/videos
2026-03-13 14:58:08,779 [INFO] Channel https://www.youtube.com/@LetsGameItOut -> 2 videos
2026-03-13 14:58:08,779 [INFO] Queue size: 12
2026-03-13 14:58:08,779 [INFO] Processing video HYbbZkdb_W4 (Something is Wrong With This Bathroom) from channel UnknownChannel
2026-03-13 14:58:08,779 [INFO] Starting download for HYbbZkdb_W4 (Something is Wrong With This Bathroom)
2026-03-13 14:58:08,779 [INFO] Download attempt 1/5 for HYbbZkdb_W4
2026-03-13 14:58:08,779 [INFO] [urls:HYbbZkdb_W4:134+140] Attempt 1/5
2026-03-13 14:58:08,779 [INFO] RUN urls:HYbbZkdb_W4:134+140: C:\Tools\yt-dlp\yt-dlp.exe -g -f 134+140 https://www.youtube.com/watch?v=HYbbZkdb_W4
2026-03-13 14:58:12,352 [INFO] Got URLs for HYbbZkdb_W4 with format 134+140
2026-03-13 14:58:12,352 [INFO] Starting ffmpeg for HYbbZkdb_W4: ffmpeg -y -loglevel error -progress pipe:2 -i https://rr4---sn-uxanug5-2xg6.googlevideo.com/videoplayback?expire=1773406691&ei=g7WzabHPNtKJ3LUPk_SkiQs&ip=1.159.219.162&id=o-AIR4ajnF6mj_-K3wkLID2o3Z0rf_fAdqP48NP0628Bqy&itag=134&source=youtube&requiressl=yes&xpc=EgVo2aDSNQ%3D%3D&cps=727&met=1773385091%2C&mh=z0&mm=31%2C29&mn=sn-uxanug5-2xg6%2Csn-ntq7yns7&ms=au%2Crdu&mv=m&mvi=4&pl=17&rms=au%2Cau&initcwndbps=1902500&bui=AVNa5-yulH8m73ufMBKhpezW43QYlvYECvjs-bKbXTrcCfkEHtEJoipWF5a3F02soUQt5thDl5zWe2tf&spc=6dlaFHqNubzii3t1OjAhYnA4V1qQsFlR3aN-pnEeNcmV&vprv=1&svpuc=1&mime=video%2Fmp4&rqh=1&gir=yes&clen=122001924&dur=1852.666&lmt=1773344180260692&mt=1773384765&fvip=3&keepalive=yes&fexp=51565115%2C51565681%2C51791334&c=ANDROID_VR&txp=3309224&sparams=expire%2Cei%2Cip%2Cid%2Citag%2Csource%2Crequiressl%2Cxpc%2Cbui%2Cspc%2Cvprv%2Csvpuc%2Cmime%2Crqh%2Cgir%2Cclen%2Cdur%2Clmt&sig=AHEqNM4wRAIgUZRa1BdCY_GcuYkLnamKscEW-LcSIDuW52gVDQckCNACIFu0x7GbRtfO-TEA8-rSsYMNA-LmlAyT6eBRimsy0nO5&lsparams=cps%2Cmet%2Cmh%2Cmm%2Cmn%2Cms%2Cmv%2Cmvi%2Cpl%2Crms%2Cinitcwndbps&lsig=APaTxxMwQwIfTSX_845YDcyosUfywCpNzoW99xs85KHzo5o5x_QrMwIgZK8eXwTCo1LzQxBg5r1r3AoolI1PfhNa33_9j22k56c%3D -i https://rr4---sn-uxanug5-2xg6.googlevideo.com/videoplayback?expire=1773406691&ei=g7WzabHPNtKJ3LUPk_SkiQs&ip=1.159.219.162&id=o-AIR4ajnF6mj_-K3wkLID2o3Z0rf_fAdqP48NP0628Bqy&itag=140&source=youtube&requiressl=yes&xpc=EgVo2aDSNQ%3D%3D&cps=727&met=1773385091%2C&mh=z0&mm=31%2C29&mn=sn-uxanug5-2xg6%2Csn-ntq7yns7&ms=au%2Crdu&mv=m&mvi=4&pl=17&rms=au%2Cau&initcwndbps=1902500&bui=AVNa5-yulH8m73ufMBKhpezW43QYlvYECvjs-bKbXTrcCfkEHtEJoipWF5a3F02soUQt5thDl5zWe2tf&spc=6dlaFHqNubzii3t1OjAhYnA4V1qQsFlR3aN-pnEeNcmV&vprv=1&svpuc=1&mime=audio%2Fmp4&rqh=1&gir=yes&clen=29984994&dur=1852.696&lmt=1773344161310940&mt=1773384765&fvip=3&keepalive=yes&fexp=51565115%2C51565681%2C51791334&c=ANDROID_VR&txp=3308224&sparams=expire%2Cei%2Cip%2Cid%2Citag%2Csource%2Crequiressl%2Cxpc%2Cbui%2Cspc%2Cvprv%2Csvpuc%2Cmime%2Crqh%2Cgir%2Cclen%2Cdur%2Clmt&sig=AHEqNM4wRgIhAO4Dl1MtKcDp_sKV8duBS5fn4Eza3n0pssTJaLGo5LduAiEA_VUGQPVLKnQwOxOPSMxDTJNFSZKrqlOvo2dL6vqzAdY%3D&lsparams=cps%2Cmet%2Cmh%2Cmm%2Cmn%2Cms%2Cmv%2Cmvi%2Cpl%2Crms%2Cinitcwndbps&lsig=APaTxxMwQwIfTSX_845YDcyosUfywCpNzoW99xs85KHzo5o5x_QrMwIgZK8eXwTCo1LzQxBg5r1r3AoolI1PfhNa33_9j22k56c%3D -c copy HYbbZkdb_W4.mp4
2026-03-13 14:58:44,322 [INFO] ffmpeg finished for HYbbZkdb_W4 with code 1073807364
2026-03-13 14:58:44,326 [ERROR] ffmpeg failed for HYbbZkdb_W4 on attempt 1
2026-03-13 14:58:44,326 [WARNING] Moving corrupted file HYbbZkdb_W4.mp4 -> corrupted\HYbbZkdb_W4.mp4
2026-03-13 15:15:45,654 [INFO] === START ===
2026-03-13 15:15:47,391 [INFO] yt-dlp.exe verified OK (size=18408128 bytes)
2026-03-13 15:15:47,392 [INFO] Found leftover file C:\hacking\X3M-_xdfCaA.mp4 (id=X3M-_xdfCaA), validating...
2026-03-13 15:15:47,393 [INFO] [ffprobe:X3M-_xdfCaA.mp4] Attempt 1/5
2026-03-13 15:15:47,393 [INFO] RUN ffprobe:X3M-_xdfCaA.mp4: ffprobe -v error -show_entries format=duration -of default=noprint_wrappers=1:nokey=1 C:\hacking\X3M-_xdfCaA.mp4
2026-03-13 15:15:47,445 [INFO] Validation OK for C:\hacking\X3M-_xdfCaA.mp4 (size=2795282, duration=95.27)
2026-03-13 15:15:47,445 [INFO] Leftover file C:\hacking\X3M-_xdfCaA.mp4 seems valid but unknown; leaving in place.
2026-03-13 15:15:47,445 [INFO] Clearing in_progress (HYbbZkdb_W4) because temp file missing.
2026-03-13 15:15:47,447 [INFO] [playlist:https://www.youtube.com/@SMii7Yplays] Attempt 1/5
2026-03-13 15:15:47,447 [INFO] RUN playlist:https://www.youtube.com/@SMii7Yplays: C:\Tools\yt-dlp\yt-dlp.exe --dump-json --flat-playlist --extractor-args youtube:skip=dash https://www.youtube.com/@SMii7Yplays/videos
2026-03-13 15:15:51,021 [INFO] Channel https://www.youtube.com/@SMii7Yplays -> 2 videos
2026-03-13 15:15:51,021 [INFO] [playlist:https://www.youtube.com/@SMii7Yplus] Attempt 1/5
2026-03-13 15:15:51,021 [INFO] RUN playlist:https://www.youtube.com/@SMii7Yplus: C:\Tools\yt-dlp\yt-dlp.exe --dump-json --flat-playlist --extractor-args youtube:skip=dash https://www.youtube.com/@SMii7Yplus/videos
2026-03-13 15:16:05,047 [INFO] Channel https://www.youtube.com/@SMii7Yplus -> 2 videos
2026-03-13 15:16:05,047 [INFO] [playlist:https://www.youtube.com/@SMii7Y] Attempt 1/5
2026-03-13 15:16:05,047 [INFO] RUN playlist:https://www.youtube.com/@SMii7Y: C:\Tools\yt-dlp\yt-dlp.exe --dump-json --flat-playlist --extractor-args youtube:skip=dash https://www.youtube.com/@SMii7Y/videos
2026-03-13 15:16:29,841 [INFO] Channel https://www.youtube.com/@SMii7Y -> 2 videos
2026-03-13 15:16:29,842 [INFO] [playlist:https://www.youtube.com/@dougdougdoug] Attempt 1/5
2026-03-13 15:16:29,842 [INFO] RUN playlist:https://www.youtube.com/@dougdougdoug: C:\Tools\yt-dlp\yt-dlp.exe --dump-json --flat-playlist --extractor-args youtube:skip=dash https://www.youtube.com/@dougdougdoug/videos
2026-03-13 15:16:33,748 [INFO] Channel https://www.youtube.com/@dougdougdoug -> 2 videos
2026-03-13 15:16:33,748 [INFO] [playlist:https://www.youtube.com/@failboat] Attempt 1/5
2026-03-13 15:16:33,748 [INFO] RUN playlist:https://www.youtube.com/@failboat: C:\Tools\yt-dlp\yt-dlp.exe --dump-json --flat-playlist --extractor-args youtube:skip=dash https://www.youtube.com/@failboat/videos
2026-03-13 15:17:03,611 [INFO] Channel https://www.youtube.com/@failboat -> 2 videos
2026-03-13 15:17:03,611 [INFO] [playlist:https://www.youtube.com/@LetsGameItOut] Attempt 1/5
2026-03-13 15:17:03,611 [INFO] RUN playlist:https://www.youtube.com/@LetsGameItOut: C:\Tools\yt-dlp\yt-dlp.exe --dump-json --flat-playlist --extractor-args youtube:skip=dash https://www.youtube.com/@LetsGameItOut/videos
2026-03-13 15:17:17,831 [INFO] Channel https://www.youtube.com/@LetsGameItOut -> 2 videos
2026-03-13 15:17:17,831 [INFO] Queue size: 12
2026-03-13 15:17:17,831 [INFO] Processing video HYbbZkdb_W4 (Something is Wrong With This Bathroom) from channel UnknownChannel
2026-03-13 15:17:17,835 [INFO] Starting download for HYbbZkdb_W4 (Something is Wrong With This Bathroom)
2026-03-13 15:17:17,835 [INFO] Download attempt 1/5 for HYbbZkdb_W4
2026-03-13 15:17:17,835 [INFO] [urls:HYbbZkdb_W4:134+140] Attempt 1/5
2026-03-13 15:17:17,835 [INFO] RUN urls:HYbbZkdb_W4:134+140: C:\Tools\yt-dlp\yt-dlp.exe -g -f 134+140 https://www.youtube.com/watch?v=HYbbZkdb_W4
2026-03-13 15:17:21,811 [INFO] Got URLs for HYbbZkdb_W4 with format 134+140
2026-03-13 15:17:21,811 [INFO] Starting ffmpeg for HYbbZkdb_W4: ffmpeg -y -loglevel error -progress pipe:2 -i https://rr4---sn-uxanug5-2xg6.googlevideo.com/videoplayback?expire=1773407841&ei=Abqzab7WHfSQssUPxb6rmQU&ip=1.159.219.162&id=o-AJhWWIAh6Hjygcg79OytWf8QUhAaHOxWgPUHbUyoIo2R&itag=134&source=youtube&requiressl=yes&xpc=EgVo2aDSNQ%3D%3D&cps=715&met=1773386241%2C&mh=z0&mm=31%2C29&mn=sn-uxanug5-2xg6%2Csn-ntq7yns7&ms=au%2Crdu&mv=m&mvi=4&pcm2cms=yes&pl=17&rms=au%2Cau&initcwndbps=1893750&bui=AVNa5-x9eK-QZ68Odha65SPs1X2-DR6P6OmM_X2r2tK5EQnxGU6H9BjdoXw5htU3SL2XWlbmUjkWuSFu&spc=6dlaFOugS_HTXe84BurfzumgAijM_lbg9pUdkuD9Wrvy&vprv=1&svpuc=1&mime=video%2Fmp4&rqh=1&gir=yes&clen=122001924&dur=1852.666&lmt=1773344180260692&mt=1773385727&fvip=3&keepalive=yes&fexp=51565116%2C51565681%2C51791334&c=ANDROID_VR&txp=3309224&sparams=expire%2Cei%2Cip%2Cid%2Citag%2Csource%2Crequiressl%2Cxpc%2Cbui%2Cspc%2Cvprv%2Csvpuc%2Cmime%2Crqh%2Cgir%2Cclen%2Cdur%2Clmt&sig=AHEqNM4wRgIhANYY0E8Paqg4GTQ1Cp_EnF4-vaKGmkKWdbvaouquTFW8AiEAlHuoxUXqS7F-zcGvABpe9z9Fo3i8Y_MVK76-ONII3fY%3D&lsparams=cps%2Cmet%2Cmh%2Cmm%2Cmn%2Cms%2Cmv%2Cmvi%2Cpcm2cms%2Cpl%2Crms%2Cinitcwndbps&lsig=APaTxxMwRQIhAJXwEQ522M_nG8JUTzQz7iBY7cHEZNWXxnxgrUZGTikxAiBGptEpoDPXdgNIbCG8Zg_jEfSu9kRXYz1c-TtdQMTmpg%3D%3D -i https://rr4---sn-uxanug5-2xg6.googlevideo.com/videoplayback?expire=1773407841&ei=Abqzab7WHfSQssUPxb6rmQU&ip=1.159.219.162&id=o-AJhWWIAh6Hjygcg79OytWf8QUhAaHOxWgPUHbUyoIo2R&itag=140&source=youtube&requiressl=yes&xpc=EgVo2aDSNQ%3D%3D&cps=715&met=1773386241%2C&mh=z0&mm=31%2C29&mn=sn-uxanug5-2xg6%2Csn-ntq7yns7&ms=au%2Crdu&mv=m&mvi=4&pcm2cms=yes&pl=17&rms=au%2Cau&initcwndbps=1893750&bui=AVNa5-x9eK-QZ68Odha65SPs1X2-DR6P6OmM_X2r2tK5EQnxGU6H9BjdoXw5htU3SL2XWlbmUjkWuSFu&spc=6dlaFOugS_HTXe84BurfzumgAijM_lbg9pUdkuD9Wrvy&vprv=1&svpuc=1&mime=audio%2Fmp4&rqh=1&gir=yes&clen=29984994&dur=1852.696&lmt=1773344161310940&mt=1773385727&fvip=3&keepalive=yes&fexp=51565116%2C51565681%2C51791334&c=ANDROID_VR&txp=3308224&sparams=expire%2Cei%2Cip%2Cid%2Citag%2Csource%2Crequiressl%2Cxpc%2Cbui%2Cspc%2Cvprv%2Csvpuc%2Cmime%2Crqh%2Cgir%2Cclen%2Cdur%2Clmt&sig=AHEqNM4wRQIhAJfgfJHxITYWmICvy8smRKTxTouSAwcIclQjxcQGZZ4-AiA2bem8zuVENOyGWhGtQ0wtTDcef-F_AVOfE8XnorAPpg%3D%3D&lsparams=cps%2Cmet%2Cmh%2Cmm%2Cmn%2Cms%2Cmv%2Cmvi%2Cpcm2cms%2Cpl%2Crms%2Cinitcwndbps&lsig=APaTxxMwRQIhAJXwEQ522M_nG8JUTzQz7iBY7cHEZNWXxnxgrUZGTikxAiBGptEpoDPXdgNIbCG8Zg_jEfSu9kRXYz1c-TtdQMTmpg%3D%3D -c copy HYbbZkdb_W4.mp4
2026-03-13 15:33:47,233 [INFO] ffmpeg finished for HYbbZkdb_W4 with code 0
2026-03-13 15:33:47,234 [INFO] [ffprobe:HYbbZkdb_W4.mp4] Attempt 1/5
2026-03-13 15:33:47,234 [INFO] RUN ffprobe:HYbbZkdb_W4.mp4: ffprobe -v error -show_entries format=duration -of default=noprint_wrappers=1:nokey=1 HYbbZkdb_W4.mp4
2026-03-13 15:33:47,280 [INFO] Validation OK for HYbbZkdb_W4.mp4 (size=152707001, duration=1852.70)
2026-03-13 15:33:47,280 [INFO] Moving HYbbZkdb_W4.mp4 -> UnknownChannel\Something is Wrong With This Bathroom.mp4
2026-03-13 15:33:47,283 [INFO] Download complete for HYbbZkdb_W4
2026-03-13 15:33:47,285 [INFO] Skipping video muwsJ5kowNg (Feeding Slop to Creatures of the Night) — listed in skip.txt
2026-03-13 15:33:47,285 [INFO] Channel UnknownChannel cooling down for 30.0 seconds
2026-03-13 15:34:17,284 [INFO] Processing video Qnuxh0y1Yzg (DO NOT Play This Golf Game with Your Friends) from channel UnknownChannel
2026-03-13 15:34:17,284 [INFO] Starting download for Qnuxh0y1Yzg (DO NOT Play This Golf Game with Your Friends)
2026-03-13 15:34:17,285 [INFO] Download attempt 1/5 for Qnuxh0y1Yzg
2026-03-13 15:34:17,285 [INFO] [urls:Qnuxh0y1Yzg:134+140] Attempt 1/5
2026-03-13 15:34:17,286 [INFO] RUN urls:Qnuxh0y1Yzg:134+140: C:\Tools\yt-dlp\yt-dlp.exe -g -f 134+140 https://www.youtube.com/watch?v=Qnuxh0y1Yzg
2026-03-13 15:34:22,190 [INFO] Got URLs for Qnuxh0y1Yzg with format 134+140
2026-03-13 15:34:22,190 [INFO] Starting ffmpeg for Qnuxh0y1Yzg: ffmpeg -y -loglevel error -progress pipe:2 -i https://rr5---sn-uxanug5-2xgd.googlevideo.com/videoplayback?expire=1773408862&ei=_b2zadbCO7SO3LUPjrzo8Q4&ip=1.159.219.162&id=o-ACjwH6y8FxWc8akEQDqHMVc0AFxXoa2QsTQX-MU-aUXD&itag=134&source=youtube&requiressl=yes&xpc=EgVo2aDSNQ%3D%3D&cps=731&met=1773387261%2C&mh=ty&mm=31%2C29&mn=sn-uxanug5-2xgd%2Csn-u1ntq5-52&ms=au%2Crdu&mv=m&mvi=5&pl=17&rms=au%2Cau&pcm2=yes&initcwndbps=1876250&bui=AVNa5-x3J4DFIZZ3yJVjzO09XKzu1yIMvCyxcS_tkds5V5pyC2t-89m7lmzk8Pv35nQsuZTL09AkwqAm&spc=6dlaFPgcFWwqSAj1hbneFLxMzjDr-iYahm1XDWTqyrXR&vprv=1&svpuc=1&mime=video%2Fmp4&rqh=1&gir=yes&clen=125989104&dur=2110.766&lmt=1773100961062899&mt=1773386695&fvip=2&keepalive=yes&fexp=51565115%2C51565682%2C51791334&c=ANDROID_VR&txp=3309224&sparams=expire%2Cei%2Cip%2Cid%2Citag%2Csource%2Crequiressl%2Cxpc%2Cpcm2%2Cbui%2Cspc%2Cvprv%2Csvpuc%2Cmime%2Crqh%2Cgir%2Cclen%2Cdur%2Clmt&sig=AHEqNM4wRQIhAK76o5KiRUtILQ0_5ThLp7ou3neboTD_hbVsrxw7JQIcAiA4kojLPCnhQvICzDgJCBFblHSMRi-VT8lm1Ro7GMahEw%3D%3D&lsparams=cps%2Cmet%2Cmh%2Cmm%2Cmn%2Cms%2Cmv%2Cmvi%2Cpl%2Crms%2Cinitcwndbps&lsig=APaTxxMwRQIgRHOnxk5RwcVShob0R-fhk5PR0VIV3OCGFuckLKJkoCkCIQDsoqk_7uY6m7VZjcE6CsfbiHufknRVTFyV5Cu4uWfTLw%3D%3D -i https://rr5---sn-uxanug5-2xgd.googlevideo.com/videoplayback?expire=1773408862&ei=_b2zadbCO7SO3LUPjrzo8Q4&ip=1.159.219.162&id=o-ACjwH6y8FxWc8akEQDqHMVc0AFxXoa2QsTQX-MU-aUXD&itag=140&source=youtube&requiressl=yes&xpc=EgVo2aDSNQ%3D%3D&cps=731&met=1773387261%2C&mh=ty&mm=31%2C29&mn=sn-uxanug5-2xgd%2Csn-u1ntq5-52&ms=au%2Crdu&mv=m&mvi=5&pl=17&rms=au%2Cau&pcm2=yes&initcwndbps=1876250&bui=AVNa5-x3J4DFIZZ3yJVjzO09XKzu1yIMvCyxcS_tkds5V5pyC2t-89m7lmzk8Pv35nQsuZTL09AkwqAm&spc=6dlaFPgcFWwqSAj1hbneFLxMzjDr-iYahm1XDWTqyrXR&vprv=1&svpuc=1&mime=audio%2Fmp4&rqh=1&gir=yes&clen=34162051&dur=2110.809&lmt=1773100947040831&mt=1773386695&fvip=2&keepalive=yes&fexp=51565115%2C51565682%2C51791334&c=ANDROID_VR&txp=3308224&sparams=expire%2Cei%2Cip%2Cid%2Citag%2Csource%2Crequiressl%2Cxpc%2Cpcm2%2Cbui%2Cspc%2Cvprv%2Csvpuc%2Cmime%2Crqh%2Cgir%2Cclen%2Cdur%2Clmt&sig=AHEqNM4wRAIgfch_4HhQVvcYc3W5Yk2Pxsuw9noMIdMVODMA12Y_gPYCIEfbORaqS9ObU9I0vnhCYqRcDsdA4z-P01pvpnoHRlKP&lsparams=cps%2Cmet%2Cmh%2Cmm%2Cmn%2Cms%2Cmv%2Cmvi%2Cpl%2Crms%2Cinitcwndbps&lsig=APaTxxMwRQIgRHOnxk5RwcVShob0R-fhk5PR0VIV3OCGFuckLKJkoCkCIQDsoqk_7uY6m7VZjcE6CsfbiHufknRVTFyV5Cu4uWfTLw%3D%3D -c copy Qnuxh0y1Yzg.mp4
2026-03-13 15:52:45,282 [INFO] ffmpeg finished for Qnuxh0y1Yzg with code 0
2026-03-13 15:52:45,283 [INFO] [ffprobe:Qnuxh0y1Yzg.mp4] Attempt 1/5
2026-03-13 15:52:45,283 [INFO] RUN ffprobe:Qnuxh0y1Yzg.mp4: ffprobe -v error -show_entries format=duration -of default=noprint_wrappers=1:nokey=1 Qnuxh0y1Yzg.mp4
2026-03-13 15:52:45,328 [INFO] Validation OK for Qnuxh0y1Yzg.mp4 (size=160969318, duration=2110.81)
2026-03-13 15:52:45,329 [INFO] Moving Qnuxh0y1Yzg.mp4 -> UnknownChannel\DO NOT Play This Golf Game with Your Friends.mp4
2026-03-13 15:52:45,331 [INFO] Download complete for Qnuxh0y1Yzg
2026-03-13 15:52:45,333 [INFO] Channel UnknownChannel cooling down for 30.0 seconds
2026-03-13 15:53:15,332 [INFO] Processing video CYThhDi0xPk (Feed The Hole or DIE) from channel UnknownChannel
2026-03-13 15:53:15,332 [INFO] Starting download for CYThhDi0xPk (Feed The Hole or DIE)
2026-03-13 15:53:15,334 [INFO] Download attempt 1/5 for CYThhDi0xPk
2026-03-13 15:53:15,334 [INFO] [urls:CYThhDi0xPk:134+140] Attempt 1/5
2026-03-13 15:53:15,334 [INFO] RUN urls:CYThhDi0xPk:134+140: C:\Tools\yt-dlp\yt-dlp.exe -g -f 134+140 https://www.youtube.com/watch?v=CYThhDi0xPk
2026-03-13 15:53:19,368 [INFO] Got URLs for CYThhDi0xPk with format 134+140
2026-03-13 15:53:19,368 [INFO] Starting ffmpeg for CYThhDi0xPk: ffmpeg -y -loglevel error -progress pipe:2 -i https://rr3---sn-uxanug5-2xg6.googlevideo.com/videoplayback?expire=1773409999&ei=b8KzacHIDKmEjuMP1-L1iAc&ip=1.159.219.162&id=o-AKy9S0xzkCIkFGOJ19avtCRZpokDHmTZpH6johgeRP9G&itag=134&source=youtube&requiressl=yes&xpc=EgVo2aDSNQ%3D%3D&cps=508&met=1773388399%2C&mh=qE&mm=31%2C29&mn=sn-uxanug5-2xg6%2Csn-ntq7yney&ms=au%2Crdu&mv=m&mvi=3&pl=17&rms=au%2Cau&initcwndbps=1887500&bui=AVNa5-xq6acJ7-TqlAFMYKO3sInAGEwQ9G8FddKAapRLGCH9JOcFvTWLqSEnea3KWHDWm_6DJUe2PtGo&spc=6dlaFESbpOivT7CTpJkMXOizGYvCNNRX0cPe2Sy8fHn3&vprv=1&svpuc=1&mime=video%2Fmp4&rqh=1&gir=yes&clen=66717311&dur=2407.833&lmt=1772745568975070&mt=1773387886&fvip=3&keepalive=yes&fexp=51565115%2C51565681%2C51791334&c=ANDROID_VR&txp=4535534&sparams=expire%2Cei%2Cip%2Cid%2Citag%2Csource%2Crequiressl%2Cxpc%2Cbui%2Cspc%2Cvprv%2Csvpuc%2Cmime%2Crqh%2Cgir%2Cclen%2Cdur%2Clmt&sig=AHEqNM4wRQIhAPtSMiuTcJJlmi_3JoYBX3wRbtNQy2_QpGYXLEuKivDjAiBlvAkOEm8Mux6o50123BNyPwB9oeGjlXRRg2VFDDfBkQ%3D%3D&lsparams=cps%2Cmet%2Cmh%2Cmm%2Cmn%2Cms%2Cmv%2Cmvi%2Cpl%2Crms%2Cinitcwndbps&lsig=APaTxxMwRAIgNfyGobBdbjm1y7y4_ONBrnDeX65865Os1aUMn9bG2WgCIBLNe67wqAAGmOLqtVbsZYKH1WgJDbyd64AORQv4dILc -i https://rr3---sn-uxanug5-2xg6.googlevideo.com/videoplayback?expire=1773409999&ei=b8KzacHIDKmEjuMP1-L1iAc&ip=1.159.219.162&id=o-AKy9S0xzkCIkFGOJ19avtCRZpokDHmTZpH6johgeRP9G&itag=140&source=youtube&requiressl=yes&xpc=EgVo2aDSNQ%3D%3D&cps=508&met=1773388399%2C&mh=qE&mm=31%2C29&mn=sn-uxanug5-2xg6%2Csn-ntq7yney&ms=au%2Crdu&mv=m&mvi=3&pl=17&rms=au%2Cau&initcwndbps=1887500&bui=AVNa5-xq6acJ7-TqlAFMYKO3sInAGEwQ9G8FddKAapRLGCH9JOcFvTWLqSEnea3KWHDWm_6DJUe2PtGo&spc=6dlaFESbpOivT7CTpJkMXOizGYvCNNRX0cPe2Sy8fHn3&vprv=1&svpuc=1&mime=audio%2Fmp4&rqh=1&gir=yes&clen=38970187&dur=2407.885&lmt=1772739591803299&mt=1773387886&fvip=3&keepalive=yes&fexp=51565115%2C51565681%2C51791334&c=ANDROID_VR&txp=4532534&sparams=expire%2Cei%2Cip%2Cid%2Citag%2Csource%2Crequiressl%2Cxpc%2Cbui%2Cspc%2Cvprv%2Csvpuc%2Cmime%2Crqh%2Cgir%2Cclen%2Cdur%2Clmt&sig=AHEqNM4wRQIhALpv2Didhbx5zElBCI5u8JUHbHWAG2NncPfMEqufn2wgAiBIu3IHwCIXDjFq3MXzWL9GPVbtww6oj81y7habvq15Rg%3D%3D&lsparams=cps%2Cmet%2Cmh%2Cmm%2Cmn%2Cms%2Cmv%2Cmvi%2Cpl%2Crms%2Cinitcwndbps&lsig=APaTxxMwRAIgNfyGobBdbjm1y7y4_ONBrnDeX65865Os1aUMn9bG2WgCIBLNe67wqAAGmOLqtVbsZYKH1WgJDbyd64AORQv4dILc -c copy CYThhDi0xPk.mp4
2026-03-13 16:14:56,382 [INFO] ffmpeg finished for CYThhDi0xPk with code 0
2026-03-13 16:14:56,382 [INFO] [ffprobe:CYThhDi0xPk.mp4] Attempt 1/5
2026-03-13 16:14:56,382 [INFO] RUN ffprobe:CYThhDi0xPk.mp4: ffprobe -v error -show_entries format=duration -of default=noprint_wrappers=1:nokey=1 CYThhDi0xPk.mp4
2026-03-13 16:14:56,430 [INFO] Validation OK for CYThhDi0xPk.mp4 (size=106801749, duration=2407.89)
2026-03-13 16:14:56,430 [INFO] Moving CYThhDi0xPk.mp4 -> UnknownChannel\Feed The Hole or DIE.mp4
2026-03-13 16:14:56,432 [INFO] Download complete for CYThhDi0xPk
2026-03-13 16:14:56,434 [INFO] Channel UnknownChannel cooling down for 30.0 seconds
2026-03-13 16:15:26,432 [INFO] Processing video hGM2OHO1dsU (One of These Cups Has a Spider Under it...) from channel UnknownChannel
2026-03-13 16:15:26,432 [INFO] Starting download for hGM2OHO1dsU (One of These Cups Has a Spider Under it...)
2026-03-13 16:15:26,434 [INFO] Download attempt 1/5 for hGM2OHO1dsU
2026-03-13 16:15:26,435 [INFO] [urls:hGM2OHO1dsU:134+140] Attempt 1/5
2026-03-13 16:15:26,435 [INFO] RUN urls:hGM2OHO1dsU:134+140: C:\Tools\yt-dlp\yt-dlp.exe -g -f 134+140 https://www.youtube.com/watch?v=hGM2OHO1dsU
2026-03-13 16:15:30,002 [INFO] Got URLs for hGM2OHO1dsU with format 134+140
2026-03-13 16:15:30,002 [INFO] Starting ffmpeg for hGM2OHO1dsU: ffmpeg -y -loglevel error -progress pipe:2 -i https://rr2---sn-uxanug5-2xg6.googlevideo.com/videoplayback?expire=1773411329&ei=ocezaayhOLz-juMPltDBiQk&ip=1.159.219.162&id=o-ADmYj5mkePtZHO854iLPR8y_Uf1JC2E4HBjjUyeVxWKE&itag=134&source=youtube&requiressl=yes&xpc=EgVo2aDSNQ%3D%3D&cps=896&met=1773389729%2C&mh=Lc&mm=31%2C29&mn=sn-uxanug5-2xg6%2Csn-ntq7ynle&ms=au%2Crdu&mv=m&mvi=2&pl=17&rms=au%2Cau&initcwndbps=2007500&bui=AVNa5-yhG-hdDLA-C4RBVUszx6GzNT6tc4IrVgBzMq-JRMzlzi_wsO8UgAg6iNnwMujEr11-pvystwMR&spc=6dlaFNg88vOLQ1EPiJZWnK3AB5hGDtld3BoWZHJF30AC&vprv=1&svpuc=1&mime=video%2Fmp4&rqh=1&gir=yes&clen=27254847&dur=1877.033&lmt=1773317502182723&mt=1773389326&fvip=2&keepalive=yes&fexp=51565115%2C51565681%2C51791334&c=ANDROID_VR&txp=4535534&sparams=expire%2Cei%2Cip%2Cid%2Citag%2Csource%2Crequiressl%2Cxpc%2Cbui%2Cspc%2Cvprv%2Csvpuc%2Cmime%2Crqh%2Cgir%2Cclen%2Cdur%2Clmt&sig=AHEqNM4wRgIhAJK7k3NFgJqYegzTeSFcoHsGk1J5qPT6Q1tjkBV44Tu-AiEAzP4XEbF68b8GPRz2CmuiNsLaF3s2yzBxVTNjqGWXXa0%3D&lsparams=cps%2Cmet%2Cmh%2Cmm%2Cmn%2Cms%2Cmv%2Cmvi%2Cpl%2Crms%2Cinitcwndbps&lsig=APaTxxMwRQIgcmD0ndK7C6JztK1ARt5icrwArSud1NHK3zewaj1mqhQCIQC9_ghpO1NIJQf_j98HKAxEm7u1OtvydyRT-ULQKN0_vw%3D%3D -i https://rr2---sn-uxanug5-2xg6.googlevideo.com/videoplayback?expire=1773411329&ei=ocezaayhOLz-juMPltDBiQk&ip=1.159.219.162&id=o-ADmYj5mkePtZHO854iLPR8y_Uf1JC2E4HBjjUyeVxWKE&itag=140&source=youtube&requiressl=yes&xpc=EgVo2aDSNQ%3D%3D&cps=896&met=1773389729%2C&mh=Lc&mm=31%2C29&mn=sn-uxanug5-2xg6%2Csn-ntq7ynle&ms=au%2Crdu&mv=m&mvi=2&pl=17&rms=au%2Cau&initcwndbps=2007500&bui=AVNa5-yhG-hdDLA-C4RBVUszx6GzNT6tc4IrVgBzMq-JRMzlzi_wsO8UgAg6iNnwMujEr11-pvystwMR&spc=6dlaFNg88vOLQ1EPiJZWnK3AB5hGDtld3BoWZHJF30AC&vprv=1&svpuc=1&xtags=acont%3Doriginal%3Alang%3Den-US&mime=audio%2Fmp4&rqh=1&gir=yes&clen=30379472&dur=1877.077&lmt=1773313140582199&mt=1773389326&fvip=2&keepalive=yes&fexp=51565115%2C51565681%2C51791334&c=ANDROID_VR&txp=4532534&sparams=expire%2Cei%2Cip%2Cid%2Citag%2Csource%2Crequiressl%2Cxpc%2Cbui%2Cspc%2Cvprv%2Csvpuc%2Cxtags%2Cmime%2Crqh%2Cgir%2Cclen%2Cdur%2Clmt&sig=AHEqNM4wRgIhAIShRQjRH2SK-L7wj0Xmaq2OtFMmmUvmBkhLlhtMn7VeAiEAusDoi5m7XeLGbAnQ1ZpXl7eWr6AC7y7K7uvbqvi5Vw0%3D&lsparams=cps%2Cmet%2Cmh%2Cmm%2Cmn%2Cms%2Cmv%2Cmvi%2Cpl%2Crms%2Cinitcwndbps&lsig=APaTxxMwRQIgcmD0ndK7C6JztK1ARt5icrwArSud1NHK3zewaj1mqhQCIQC9_ghpO1NIJQf_j98HKAxEm7u1OtvydyRT-ULQKN0_vw%3D%3D -c copy hGM2OHO1dsU.mp4
2026-03-13 16:32:18,727 [INFO] ffmpeg finished for hGM2OHO1dsU with code 0
2026-03-13 16:32:18,727 [INFO] [ffprobe:hGM2OHO1dsU.mp4] Attempt 1/5
2026-03-13 16:32:18,727 [INFO] RUN ffprobe:hGM2OHO1dsU.mp4: ffprobe -v error -show_entries format=duration -of default=noprint_wrappers=1:nokey=1 hGM2OHO1dsU.mp4
2026-03-13 16:32:18,769 [INFO] Validation OK for hGM2OHO1dsU.mp4 (size=58491722, duration=1877.08)
2026-03-13 16:32:18,769 [INFO] Moving hGM2OHO1dsU.mp4 -> UnknownChannel\One of These Cups Has a Spider Under it.mp4
2026-03-13 16:32:18,771 [INFO] Download complete for hGM2OHO1dsU
2026-03-13 16:32:18,773 [INFO] Channel UnknownChannel cooling down for 30.0 seconds
2026-03-13 16:32:48,772 [INFO] Processing video Kw-7bIDCRbY (Rats Make Me Crazy...) from channel UnknownChannel
2026-03-13 16:32:48,772 [INFO] Starting download for Kw-7bIDCRbY (Rats Make Me Crazy...)
2026-03-13 16:32:48,775 [INFO] Download attempt 1/5 for Kw-7bIDCRbY
2026-03-13 16:32:48,775 [INFO] [urls:Kw-7bIDCRbY:134+140] Attempt 1/5
2026-03-13 16:32:48,775 [INFO] RUN urls:Kw-7bIDCRbY:134+140: C:\Tools\yt-dlp\yt-dlp.exe -g -f 134+140 https://www.youtube.com/watch?v=Kw-7bIDCRbY
2026-03-13 16:32:52,514 [INFO] Got URLs for Kw-7bIDCRbY with format 134+140
2026-03-13 16:32:52,515 [INFO] Starting ffmpeg for Kw-7bIDCRbY: ffmpeg -y -loglevel error -progress pipe:2 -i https://rr3---sn-uxanug5-2xg6.googlevideo.com/videoplayback?expire=1773412372&ei=tMuzadquIP6J9fwPkPesoQ8&ip=1.159.219.162&id=o-AKddCtiHTmuCBpaZ5rpoJhzPnkixIZaUxNhW7jvnZhTl&itag=134&source=youtube&requiressl=yes&xpc=EgVo2aDSNQ%3D%3D&cps=402&met=1773390772%2C&mh=Kl&mm=31%2C29&mn=sn-uxanug5-2xg6%2Csn-ntq7yney&ms=au%2Crdu&mv=m&mvi=3&pl=17&rms=au%2Cau&initcwndbps=2040000&bui=AVNa5-yV3pHb9YRDFbSIehnhrgf-UM0UVrE_ykZmHYLJPXlHuk_jNmQ-dT8ve14RefTQDGQV6_oBbsel&spc=6dlaFD-EPleWeMYTpKpHfgP2wA_fBAi2NZm2HB2y0os5&vprv=1&svpuc=1&mime=video%2Fmp4&rqh=1&gir=yes&clen=103329831&dur=2129.633&lmt=1773125388412302&mt=1773390303&fvip=3&keepalive=yes&fexp=51565116%2C51565681%2C51791334&c=ANDROID_VR&txp=3309224&sparams=expire%2Cei%2Cip%2Cid%2Citag%2Csource%2Crequiressl%2Cxpc%2Cbui%2Cspc%2Cvprv%2Csvpuc%2Cmime%2Crqh%2Cgir%2Cclen%2Cdur%2Clmt&sig=AHEqNM4wRQIgUJ89k-DNERiCo4eTd553LCp_wbv9nsDB0lQDmGKa1YECIQDXJLIs5dMB70xNUd7QZLGDHrm1nBSZ_BcDTvqyLxPbHA%3D%3D&lsparams=cps%2Cmet%2Cmh%2Cmm%2Cmn%2Cms%2Cmv%2Cmvi%2Cpl%2Crms%2Cinitcwndbps&lsig=APaTxxMwRgIhAIwK8OE8rvbmeUE3IA169Gr0Q0utbXNrIVewQkIb1fRSAiEAqhuU-uv7A2y9fsWWKBycdJPM0PP_p09xNvTiJXIqqi8%3D -i https://rr3---sn-uxanug5-2xg6.googlevideo.com/videoplayback?expire=1773412372&ei=tMuzadquIP6J9fwPkPesoQ8&ip=1.159.219.162&id=o-AKddCtiHTmuCBpaZ5rpoJhzPnkixIZaUxNhW7jvnZhTl&itag=140&source=youtube&requiressl=yes&xpc=EgVo2aDSNQ%3D%3D&cps=402&met=1773390772%2C&mh=Kl&mm=31%2C29&mn=sn-uxanug5-2xg6%2Csn-ntq7yney&ms=au%2Crdu&mv=m&mvi=3&pl=17&rms=au%2Cau&initcwndbps=2040000&bui=AVNa5-yV3pHb9YRDFbSIehnhrgf-UM0UVrE_ykZmHYLJPXlHuk_jNmQ-dT8ve14RefTQDGQV6_oBbsel&spc=6dlaFD-EPleWeMYTpKpHfgP2wA_fBAi2NZm2HB2y0os5&vprv=1&svpuc=1&mime=audio%2Fmp4&rqh=1&gir=yes&clen=34467920&dur=2129.687&lmt=1773125993002046&mt=1773390303&fvip=3&keepalive=yes&fexp=51565116%2C51565681%2C51791334&c=ANDROID_VR&txp=3308224&sparams=expire%2Cei%2Cip%2Cid%2Citag%2Csource%2Crequiressl%2Cxpc%2Cbui%2Cspc%2Cvprv%2Csvpuc%2Cmime%2Crqh%2Cgir%2Cclen%2Cdur%2Clmt&sig=AHEqNM4wRgIhAPFrGQhICeo0egb2o7L2j76z7U-4ePwGZrXcA0SanKLcAiEAjX0Vdl-eo1ypfFI5ZM15fOKw4YBsnVPmTkMYjaoXxko%3D&lsparams=cps%2Cmet%2Cmh%2Cmm%2Cmn%2Cms%2Cmv%2Cmvi%2Cpl%2Crms%2Cinitcwndbps&lsig=APaTxxMwRgIhAIwK8OE8rvbmeUE3IA169Gr0Q0utbXNrIVewQkIb1fRSAiEAqhuU-uv7A2y9fsWWKBycdJPM0PP_p09xNvTiJXIqqi8%3D -c copy Kw-7bIDCRbY.mp4
2026-03-13 16:51:59,059 [INFO] ffmpeg finished for Kw-7bIDCRbY with code 0
2026-03-13 16:51:59,059 [INFO] [ffprobe:Kw-7bIDCRbY.mp4] Attempt 1/5
2026-03-13 16:51:59,059 [INFO] RUN ffprobe:Kw-7bIDCRbY.mp4: ffprobe -v error -show_entries format=duration -of default=noprint_wrappers=1:nokey=1 Kw-7bIDCRbY.mp4
2026-03-13 16:51:59,106 [INFO] Validation OK for Kw-7bIDCRbY.mp4 (size=138561458, duration=2129.69)
2026-03-13 16:51:59,106 [INFO] Moving Kw-7bIDCRbY.mp4 -> UnknownChannel\Rats Make Me Crazy.mp4
2026-03-13 16:51:59,108 [INFO] Download complete for Kw-7bIDCRbY
2026-03-13 16:51:59,110 [INFO] Channel UnknownChannel cooling down for 30.0 seconds
2026-03-13 16:52:29,108 [INFO] Processing video RhmRDXRdYFM (I've made 10 years of YouTube videos. Let's rank them.) from channel UnknownChannel
2026-03-13 16:52:29,108 [INFO] Starting download for RhmRDXRdYFM (I've made 10 years of YouTube videos. Let's rank them.)
2026-03-13 16:52:29,110 [INFO] Download attempt 1/5 for RhmRDXRdYFM
2026-03-13 16:52:29,110 [INFO] [urls:RhmRDXRdYFM:134+140] Attempt 1/5
2026-03-13 16:52:29,111 [INFO] RUN urls:RhmRDXRdYFM:134+140: C:\Tools\yt-dlp\yt-dlp.exe -g -f 134+140 https://www.youtube.com/watch?v=RhmRDXRdYFM
2026-03-13 16:52:37,769 [INFO] Got URLs for RhmRDXRdYFM with format 134+140
2026-03-13 16:52:37,770 [INFO] Starting ffmpeg for RhmRDXRdYFM: ffmpeg -y -loglevel error -progress pipe:2 -i https://rr4---sn-uxanug5-2xg6.googlevideo.com/videoplayback?expire=1773413557&ei=VdCzaYHhJeKOssUPrIrZ8Qg&ip=1.159.219.162&id=o-ACI91OEk8V2IAZUJYGVr6Oo4DWJH3SdASAXgJwJSEu5D&itag=134&source=youtube&requiressl=yes&xpc=EgVo2aDSNQ%3D%3D&cps=622&met=1773391957%2C&mh=0b&mm=31%2C29&mn=sn-uxanug5-2xg6%2Csn-ntq7yner&ms=au%2Crdu&mv=m&mvi=4&pl=17&rms=au%2Cau&initcwndbps=1975000&bui=AVNa5-z358rJXzU02MkYiSZRK62m2TrRYim7yHjl2QLH27pABofpoMNtWYKL0gVv79f0SeaJG_oIAOGL&spc=6dlaFFUeltSZHI3k5EmBMYbJ3DHlB5YPtUIQF5E0RDuL&vprv=1&svpuc=1&mime=video%2Fmp4&rqh=1&gir=yes&clen=377309658&dur=7901.566&lmt=1772584606051178&mt=1773391735&fvip=1&keepalive=yes&fexp=51565115%2C51565682%2C51791334&c=ANDROID_VR&txp=3309224&sparams=expire%2Cei%2Cip%2Cid%2Citag%2Csource%2Crequiressl%2Cxpc%2Cbui%2Cspc%2Cvprv%2Csvpuc%2Cmime%2Crqh%2Cgir%2Cclen%2Cdur%2Clmt&sig=AHEqNM4wRQIhAMpJTn5i19W9u4-mPClbM5XUbt7Cp-xHlHnRh6-ulkfUAiAmmErLRlAxU3axS7pbxnqAjoJtY_nlAzjnSjzy0CTDNQ%3D%3D&lsparams=cps%2Cmet%2Cmh%2Cmm%2Cmn%2Cms%2Cmv%2Cmvi%2Cpl%2Crms%2Cinitcwndbps&lsig=APaTxxMwRgIhAJC8g5yqBkFgpuEORaYUOi8PO6KYuPfPlU4Lo0qC9IvdAiEAwxKNiV916oudiBwfhR4NHKRCrk1gjodaTkKOMcpffr4%3D -i https://rr4---sn-uxanug5-2xg6.googlevideo.com/videoplayback?expire=1773413557&ei=VdCzaYHhJeKOssUPrIrZ8Qg&ip=1.159.219.162&id=o-ACI91OEk8V2IAZUJYGVr6Oo4DWJH3SdASAXgJwJSEu5D&itag=140&source=youtube&requiressl=yes&xpc=EgVo2aDSNQ%3D%3D&cps=622&met=1773391957%2C&mh=0b&mm=31%2C29&mn=sn-uxanug5-2xg6%2Csn-ntq7yner&ms=au%2Crdu&mv=m&mvi=4&pl=17&rms=au%2Cau&initcwndbps=1975000&bui=AVNa5-z358rJXzU02MkYiSZRK62m2TrRYim7yHjl2QLH27pABofpoMNtWYKL0gVv79f0SeaJG_oIAOGL&spc=6dlaFFUeltSZHI3k5EmBMYbJ3DHlB5YPtUIQF5E0RDuL&vprv=1&svpuc=1&mime=audio%2Fmp4&rqh=1&gir=yes&clen=127879623&dur=7901.610&lmt=1772584679827184&mt=1773391735&fvip=1&keepalive=yes&fexp=51565115%2C51565682%2C51791334&c=ANDROID_VR&txp=3308224&sparams=expire%2Cei%2Cip%2Cid%2Citag%2Csource%2Crequiressl%2Cxpc%2Cbui%2Cspc%2Cvprv%2Csvpuc%2Cmime%2Crqh%2Cgir%2Cclen%2Cdur%2Clmt&sig=AHEqNM4wRAIgIQZJ66LlAWVaPxxupk7egAkck-bQyROYCKzqQdQ0Qx0CIFr_nLCLkSaePS_JwN7RvJ_DkeWMNXnMcKY0J2PbVau2&lsparams=cps%2Cmet%2Cmh%2Cmm%2Cmn%2Cms%2Cmv%2Cmvi%2Cpl%2Crms%2Cinitcwndbps&lsig=APaTxxMwRgIhAJC8g5yqBkFgpuEORaYUOi8PO6KYuPfPlU4Lo0qC9IvdAiEAwxKNiV916oudiBwfhR4NHKRCrk1gjodaTkKOMcpffr4%3D -c copy RhmRDXRdYFM.mp4
2026-03-13 18:35:13,870 [INFO] ffmpeg finished for RhmRDXRdYFM with code 0
2026-03-13 18:35:13,871 [INFO] [ffprobe:RhmRDXRdYFM.mp4] Attempt 1/5
2026-03-13 18:35:13,871 [INFO] RUN ffprobe:RhmRDXRdYFM.mp4: ffprobe -v error -show_entries format=duration -of default=noprint_wrappers=1:nokey=1 RhmRDXRdYFM.mp4
2026-03-13 18:35:13,944 [INFO] Validation OK for RhmRDXRdYFM.mp4 (size=507938465, duration=7901.57)
2026-03-13 18:35:13,944 [INFO] Moving RhmRDXRdYFM.mp4 -> UnknownChannel\I've made 10 years of YouTube videos. Let's rank them.mp4
2026-03-13 18:35:13,946 [INFO] Download complete for RhmRDXRdYFM
2026-03-13 18:35:13,947 [INFO] Channel UnknownChannel cooling down for 30.0 seconds
2026-03-13 18:35:43,948 [INFO] Processing video sAf78N6WTN0 (I made music with javascript, and Youtube claimed it.) from channel UnknownChannel
2026-03-13 18:35:43,948 [INFO] Starting download for sAf78N6WTN0 (I made music with javascript, and Youtube claimed it.)
2026-03-13 18:35:43,950 [INFO] Download attempt 1/5 for sAf78N6WTN0
2026-03-13 18:35:43,950 [INFO] [urls:sAf78N6WTN0:134+140] Attempt 1/5
2026-03-13 18:35:43,950 [INFO] RUN urls:sAf78N6WTN0:134+140: C:\Tools\yt-dlp\yt-dlp.exe -g -f 134+140 https://www.youtube.com/watch?v=sAf78N6WTN0
2026-03-13 18:35:47,486 [INFO] Got URLs for sAf78N6WTN0 with format 134+140
2026-03-13 18:35:47,487 [INFO] Starting ffmpeg for sAf78N6WTN0: ffmpeg -y -loglevel error -progress pipe:2 -i https://rr2---sn-uxanug5-2xgd.googlevideo.com/videoplayback?expire=1773419747&ei=g-izaeHLKYq71_oPnODDwQQ&ip=1.159.219.162&id=o-ALrgHi3lED8gCsdv37YpFW-jdmvN4Zdr3mfJLc4CgDM8&itag=134&source=youtube&requiressl=yes&xpc=EgVo2aDSNQ%3D%3D&cps=104&met=1773398147%2C&mh=3W&mm=31%2C29&mn=sn-uxanug5-2xgd%2Csn-ntqe6n7r&ms=au%2Crdu&mv=m&mvi=2&pl=17&rms=au%2Cau&initcwndbps=2033750&bui=AVNa5-zH1ONOBNNiiHmuUV1JBTLf1GA8QfJHRpZDHis1y8L-LSp-l5VzoO_2-xlrt8kRw6MTWPiNvr9i&spc=6dlaFB2ZNe8SzQNPYSAn71id2LvNM9FOhw8sbmGQDAtj&vprv=1&svpuc=1&mime=video%2Fmp4&rqh=1&gir=yes&clen=35939952&dur=1950.433&lmt=1772422223828722&mt=1773397745&fvip=3&keepalive=yes&fexp=51565115%2C51565682%2C51791334&c=ANDROID_VR&txp=4535534&sparams=expire%2Cei%2Cip%2Cid%2Citag%2Csource%2Crequiressl%2Cxpc%2Cbui%2Cspc%2Cvprv%2Csvpuc%2Cmime%2Crqh%2Cgir%2Cclen%2Cdur%2Clmt&sig=AHEqNM4wRQIhAP8PsorFrmgXYrkzxYLBem98SHhZjILSJmdW4fA0ISVpAiAHmRz4JRGvCPhPKEmEjp-LUlvIBES7Am9CiV_Do995Rg%3D%3D&lsparams=cps%2Cmet%2Cmh%2Cmm%2Cmn%2Cms%2Cmv%2Cmvi%2Cpl%2Crms%2Cinitcwndbps&lsig=APaTxxMwRgIhAJfovOPBg8kBsQc5v6wrWNtogseiMchxX9nc1ucfB-_eAiEA4bzeBRcbSxytdNDNNXZQezimxa2kChfn4EpB3Qr7tYA%3D -i https://rr2---sn-uxanug5-2xgd.googlevideo.com/videoplayback?expire=1773419747&ei=g-izaeHLKYq71_oPnODDwQQ&ip=1.159.219.162&id=o-ALrgHi3lED8gCsdv37YpFW-jdmvN4Zdr3mfJLc4CgDM8&itag=140&source=youtube&requiressl=yes&xpc=EgVo2aDSNQ%3D%3D&cps=104&met=1773398147%2C&mh=3W&mm=31%2C29&mn=sn-uxanug5-2xgd%2Csn-ntqe6n7r&ms=au%2Crdu&mv=m&mvi=2&pl=17&rms=au%2Cau&initcwndbps=2033750&bui=AVNa5-zH1ONOBNNiiHmuUV1JBTLf1GA8QfJHRpZDHis1y8L-LSp-l5VzoO_2-xlrt8kRw6MTWPiNvr9i&spc=6dlaFB2ZNe8SzQNPYSAn71id2LvNM9FOhw8sbmGQDAtj&vprv=1&svpuc=1&mime=audio%2Fmp4&rqh=1&gir=yes&clen=31567895&dur=1950.499&lmt=1772419243353456&mt=1773397745&fvip=3&keepalive=yes&fexp=51565115%2C51565682%2C51791334&c=ANDROID_VR&txp=4532534&sparams=expire%2Cei%2Cip%2Cid%2Citag%2Csource%2Crequiressl%2Cxpc%2Cbui%2Cspc%2Cvprv%2Csvpuc%2Cmime%2Crqh%2Cgir%2Cclen%2Cdur%2Clmt&sig=AHEqNM4wRgIhAKD1Nd6b5qLQm-SSDnMrvBWLKSICXTh0WWUliqaYlzu1AiEAiMt03OXM-KAPEj8_3kdBjrEDUd_s6wt-s5t0LJkHD-8%3D&lsparams=cps%2Cmet%2Cmh%2Cmm%2Cmn%2Cms%2Cmv%2Cmvi%2Cpl%2Crms%2Cinitcwndbps&lsig=APaTxxMwRgIhAJfovOPBg8kBsQc5v6wrWNtogseiMchxX9nc1ucfB-_eAiEA4bzeBRcbSxytdNDNNXZQezimxa2kChfn4EpB3Qr7tYA%3D -c copy sAf78N6WTN0.mp4
2026-03-13 18:54:58,468 [INFO] ffmpeg finished for sAf78N6WTN0 with code 0
2026-03-13 18:54:58,468 [INFO] [ffprobe:sAf78N6WTN0.mp4] Attempt 1/5
2026-03-13 18:54:58,468 [INFO] RUN ffprobe:sAf78N6WTN0.mp4: ffprobe -v error -show_entries format=duration -of default=noprint_wrappers=1:nokey=1 sAf78N6WTN0.mp4
2026-03-13 18:54:58,515 [INFO] Validation OK for sAf78N6WTN0.mp4 (size=68392951, duration=1950.43)
2026-03-13 18:54:58,515 [INFO] Moving sAf78N6WTN0.mp4 -> UnknownChannel\I made music with javascript, and Youtube claimed it.mp4
2026-03-13 18:54:58,517 [INFO] Download complete for sAf78N6WTN0
2026-03-13 18:54:58,518 [INFO] Channel UnknownChannel cooling down for 30.0 seconds
2026-03-13 18:55:28,518 [INFO] Processing video yEOG7Ldd5NI (I Made Mario, but it's Horse Racing) from channel UnknownChannel
2026-03-13 18:55:28,518 [INFO] Starting download for yEOG7Ldd5NI (I Made Mario, but it's Horse Racing)
2026-03-13 18:55:28,520 [INFO] Download attempt 1/5 for yEOG7Ldd5NI
2026-03-13 18:55:28,520 [INFO] [urls:yEOG7Ldd5NI:134+140] Attempt 1/5
2026-03-13 18:55:28,520 [INFO] RUN urls:yEOG7Ldd5NI:134+140: C:\Tools\yt-dlp\yt-dlp.exe -g -f 134+140 https://www.youtube.com/watch?v=yEOG7Ldd5NI
2026-03-13 18:55:32,755 [INFO] Got URLs for yEOG7Ldd5NI with format 134+140
2026-03-13 18:55:32,755 [INFO] Starting ffmpeg for yEOG7Ldd5NI: ffmpeg -y -loglevel error -progress pipe:2 -i https://rr1---sn-uxanug5-2xg6.googlevideo.com/videoplayback?expire=1773420933&ei=JO2zaeHmO9vbssUP6piDkAs&ip=1.159.219.162&id=o-AL5QQOe71vXJHqxjcFmofIlG0ksWdjqeQ9Mdh4PnMrKr&itag=134&source=youtube&requiressl=yes&xpc=EgVo2aDSNQ%3D%3D&cps=300&met=1773399332%2C&mh=Mj&mm=31%2C29&mn=sn-uxanug5-2xg6%2Csn-ntq7ynle&ms=au%2Crdu&mv=m&mvi=1&pl=17&rms=au%2Cau&initcwndbps=2030000&bui=AVNa5-xh2Wu5YyM-bqojJnoHNhkqml-srl_L4IcmP8VoUIiTs9HEmKQnyroeb1VARMQIUkFg0rMvxsrz&spc=6dlaFA_ncGpF46HvhMdN3RLPD8BpWdh-GgUVCYPyBdAr&vprv=1&svpuc=1&mime=video%2Fmp4&rqh=1&gir=yes&clen=62532179&dur=2159.066&lmt=1773037455589165&mt=1773398942&fvip=3&keepalive=yes&fexp=51565115%2C51565682%2C51791334&c=ANDROID_VR&txp=4535534&sparams=expire%2Cei%2Cip%2Cid%2Citag%2Csource%2Crequiressl%2Cxpc%2Cbui%2Cspc%2Cvprv%2Csvpuc%2Cmime%2Crqh%2Cgir%2Cclen%2Cdur%2Clmt&sig=AHEqNM4wRgIhAMvkZuBTqvZfS99IsTpHEjNkHeZbgJFpYgtip_YnRQxxAiEA7HWAWu0_kNbBx3qgAYaWCed2-nobGLyqsvL9xG1TZmM%3D&lsparams=cps%2Cmet%2Cmh%2Cmm%2Cmn%2Cms%2Cmv%2Cmvi%2Cpl%2Crms%2Cinitcwndbps&lsig=APaTxxMwRQIgOEPt1voxvFtpNUpZv7Hz4cwI6Dqt-aP1fEW8nBtiG18CIQD2EMKWwI2CL08mGtGe-y_7WALXme36mMI97ZyQbPxU7Q%3D%3D -i https://rr1---sn-uxanug5-2xg6.googlevideo.com/videoplayback?expire=1773420933&ei=JO2zaeHmO9vbssUP6piDkAs&ip=1.159.219.162&id=o-AL5QQOe71vXJHqxjcFmofIlG0ksWdjqeQ9Mdh4PnMrKr&itag=140&source=youtube&requiressl=yes&xpc=EgVo2aDSNQ%3D%3D&cps=300&met=1773399332%2C&mh=Mj&mm=31%2C29&mn=sn-uxanug5-2xg6%2Csn-ntq7ynle&ms=au%2Crdu&mv=m&mvi=1&pl=17&rms=au%2Cau&initcwndbps=2030000&bui=AVNa5-xh2Wu5YyM-bqojJnoHNhkqml-srl_L4IcmP8VoUIiTs9HEmKQnyroeb1VARMQIUkFg0rMvxsrz&spc=6dlaFA_ncGpF46HvhMdN3RLPD8BpWdh-GgUVCYPyBdAr&vprv=1&svpuc=1&mime=audio%2Fmp4&rqh=1&gir=yes&clen=34944337&dur=2159.153&lmt=1773033626098079&mt=1773398942&fvip=3&keepalive=yes&fexp=51565115%2C51565682%2C51791334&c=ANDROID_VR&txp=4532534&sparams=expire%2Cei%2Cip%2Cid%2Citag%2Csource%2Crequiressl%2Cxpc%2Cbui%2Cspc%2Cvprv%2Csvpuc%2Cmime%2Crqh%2Cgir%2Cclen%2Cdur%2Clmt&sig=AHEqNM4wRAIgfvk-VtKGuvGmEdw6w9HbmkPxcOBkAl_VIfXi6TNU8_wCIC_jzgGLIcMcHCW9IW778tlBqzVRMRlJ35vENnaLPHPf&lsparams=cps%2Cmet%2Cmh%2Cmm%2Cmn%2Cms%2Cmv%2Cmvi%2Cpl%2Crms%2Cinitcwndbps&lsig=APaTxxMwRQIgOEPt1voxvFtpNUpZv7Hz4cwI6Dqt-aP1fEW8nBtiG18CIQD2EMKWwI2CL08mGtGe-y_7WALXme36mMI97ZyQbPxU7Q%3D%3D -c copy yEOG7Ldd5NI.mp4
2026-03-13 19:14:38,517 [INFO] ffmpeg finished for yEOG7Ldd5NI with code 0
2026-03-13 19:14:38,518 [INFO] [ffprobe:yEOG7Ldd5NI.mp4] Attempt 1/5
2026-03-13 19:14:38,518 [INFO] RUN ffprobe:yEOG7Ldd5NI.mp4: ffprobe -v error -show_entries format=duration -of default=noprint_wrappers=1:nokey=1 yEOG7Ldd5NI.mp4
2026-03-13 19:14:38,563 [INFO] Validation OK for yEOG7Ldd5NI.mp4 (size=98471615, duration=2159.15)
2026-03-13 19:14:38,563 [INFO] Moving yEOG7Ldd5NI.mp4 -> UnknownChannel\I Made Mario, but it's Horse Racing.mp4
2026-03-13 19:14:38,566 [INFO] Download complete for yEOG7Ldd5NI
2026-03-13 19:14:38,567 [INFO] Channel UnknownChannel cooling down for 30.0 seconds
2026-03-13 19:15:08,567 [INFO] Processing video b6HOenJn0Es (Kirby is too Easy, so my friends made it Minecraft) from channel UnknownChannel
2026-03-13 19:15:08,567 [INFO] Starting download for b6HOenJn0Es (Kirby is too Easy, so my friends made it Minecraft)
2026-03-13 19:15:08,568 [INFO] Download attempt 1/5 for b6HOenJn0Es
2026-03-13 19:15:08,568 [INFO] [urls:b6HOenJn0Es:134+140] Attempt 1/5
2026-03-13 19:15:08,568 [INFO] RUN urls:b6HOenJn0Es:134+140: C:\Tools\yt-dlp\yt-dlp.exe -g -f 134+140 https://www.youtube.com/watch?v=b6HOenJn0Es
2026-03-13 19:15:12,075 [INFO] Got URLs for b6HOenJn0Es with format 134+140
2026-03-13 19:15:12,076 [INFO] Starting ffmpeg for b6HOenJn0Es: ffmpeg -y -loglevel error -progress pipe:2 -i https://rr3---sn-uxanug5-2xgd.googlevideo.com/videoplayback?expire=1773422112&ei=wPGzadeiFJyRssUP8sWsqQ8&ip=1.159.219.162&id=o-AA9IYRueQOdQjPn3TeSXqAXhlA8KWNR4fx0k-wdW0tki&itag=134&source=youtube&requiressl=yes&xpc=EgVo2aDSNQ%3D%3D&cps=335&met=1773400512%2C&mh=_8&mm=31%2C29&mn=sn-uxanug5-2xgd%2Csn-ntq7ynle&ms=au%2Crdu&mv=m&mvi=3&pcm2cms=yes&pl=17&rms=au%2Cau&initcwndbps=2068750&bui=AVNa5-xjXt5qC3fHhQU00UOwOU8ggSDYcikmYm_FwQ2_Togswl9cHKum5gw6PNCY2hrZUe4F6c_7Jjyh&spc=6dlaFJXPA5av1zVWvoCfz8A8lfJN4S66kO7YblxUmBNS&vprv=1&svpuc=1&mime=video%2Fmp4&rqh=1&gir=yes&clen=106838699&dur=1901.600&lmt=1771783942480875&mt=1773399941&fvip=3&keepalive=yes&fexp=51565116%2C51565681%2C51791334&c=ANDROID_VR&txp=3309224&sparams=expire%2Cei%2Cip%2Cid%2Citag%2Csource%2Crequiressl%2Cxpc%2Cbui%2Cspc%2Cvprv%2Csvpuc%2Cmime%2Crqh%2Cgir%2Cclen%2Cdur%2Clmt&sig=AHEqNM4wRAIgH0Oa3NUHpbyWj8N83VePZswBpLTH-EwNwdNS9u3FcyUCIGisT03LD9HN5M0zsEtsblhf_YLq6x-WmPrkYwGYT-Qt&lsparams=cps%2Cmet%2Cmh%2Cmm%2Cmn%2Cms%2Cmv%2Cmvi%2Cpcm2cms%2Cpl%2Crms%2Cinitcwndbps&lsig=APaTxxMwRAIgf-mN2S1CG5YfRe9xoo8OUaGtTSZjcmscfb0UnnHdvD4CIC9DtQl9tVoYao_8s9ieIL1eFnHCIo4QZODy37W5Mccg -i https://rr3---sn-uxanug5-2xgd.googlevideo.com/videoplayback?expire=1773422112&ei=wPGzadeiFJyRssUP8sWsqQ8&ip=1.159.219.162&id=o-AA9IYRueQOdQjPn3TeSXqAXhlA8KWNR4fx0k-wdW0tki&itag=140&source=youtube&requiressl=yes&xpc=EgVo2aDSNQ%3D%3D&cps=335&met=1773400512%2C&mh=_8&mm=31%2C29&mn=sn-uxanug5-2xgd%2Csn-ntq7ynle&ms=au%2Crdu&mv=m&mvi=3&pcm2cms=yes&pl=17&rms=au%2Cau&initcwndbps=2068750&bui=AVNa5-xjXt5qC3fHhQU00UOwOU8ggSDYcikmYm_FwQ2_Togswl9cHKum5gw6PNCY2hrZUe4F6c_7Jjyh&spc=6dlaFJXPA5av1zVWvoCfz8A8lfJN4S66kO7YblxUmBNS&vprv=1&svpuc=1&mime=audio%2Fmp4&rqh=1&gir=yes&clen=30777209&dur=1901.667&lmt=1771783932047837&mt=1773399941&fvip=3&keepalive=yes&fexp=51565116%2C51565681%2C51791334&c=ANDROID_VR&txp=3308224&sparams=expire%2Cei%2Cip%2Cid%2Citag%2Csource%2Crequiressl%2Cxpc%2Cbui%2Cspc%2Cvprv%2Csvpuc%2Cmime%2Crqh%2Cgir%2Cclen%2Cdur%2Clmt&sig=AHEqNM4wRgIhAOmp2_WHH_Y2oRwOPyWGr2YjTS4nsZov_VP1lJJVwVjxAiEAl_YsMWXgVEYWwGPoYheFAU1hGJrd8IrAStudhkb_rrY%3D&lsparams=cps%2Cmet%2Cmh%2Cmm%2Cmn%2Cms%2Cmv%2Cmvi%2Cpcm2cms%2Cpl%2Crms%2Cinitcwndbps&lsig=APaTxxMwRAIgf-mN2S1CG5YfRe9xoo8OUaGtTSZjcmscfb0UnnHdvD4CIC9DtQl9tVoYao_8s9ieIL1eFnHCIo4QZODy37W5Mccg -c copy b6HOenJn0Es.mp4
2026-03-13 19:31:38,181 [INFO] ffmpeg finished for b6HOenJn0Es with code 0
2026-03-13 19:31:38,181 [INFO] [ffprobe:b6HOenJn0Es.mp4] Attempt 1/5
2026-03-13 19:31:38,181 [INFO] RUN ffprobe:b6HOenJn0Es.mp4: ffprobe -v error -show_entries format=duration -of default=noprint_wrappers=1:nokey=1 b6HOenJn0Es.mp4
2026-03-13 19:31:38,225 [INFO] Validation OK for b6HOenJn0Es.mp4 (size=137547102, duration=1901.60)
2026-03-13 19:31:38,225 [INFO] Moving b6HOenJn0Es.mp4 -> UnknownChannel\Kirby is too Easy, so my friends made it Minecraft.mp4
2026-03-13 19:31:38,225 [INFO] Download complete for b6HOenJn0Es
2026-03-13 19:31:38,229 [INFO] Channel UnknownChannel cooling down for 30.0 seconds
2026-03-13 19:32:08,231 [INFO] Processing video UEQbFC2BIAc (They Asked for a Factory, I Built Them a Chaotic Nightmare - Arknights: Endfield) from channel UnknownChannel
2026-03-13 19:32:08,231 [INFO] Starting download for UEQbFC2BIAc (They Asked for a Factory, I Built Them a Chaotic Nightmare - Arknights: Endfield)
2026-03-13 19:32:08,231 [INFO] Download attempt 1/5 for UEQbFC2BIAc
2026-03-13 19:32:08,231 [INFO] [urls:UEQbFC2BIAc:134+140] Attempt 1/5
2026-03-13 19:32:08,231 [INFO] RUN urls:UEQbFC2BIAc:134+140: C:\Tools\yt-dlp\yt-dlp.exe -g -f 134+140 https://www.youtube.com/watch?v=UEQbFC2BIAc
2026-03-13 19:32:13,364 [INFO] Got URLs for UEQbFC2BIAc with format 134+140
2026-03-13 19:32:13,364 [INFO] Starting ffmpeg for UEQbFC2BIAc: ffmpeg -y -loglevel error -progress pipe:2 -i https://rr2---sn-uxanug5-2xgd.googlevideo.com/videoplayback?expire=1773423133&ei=vfWzaaSBKpvs4-EPk_32oQE&ip=1.159.219.162&id=o-AC9K3ME-mYADO8dYkWLVri5he6Riyo9SjD0YR7XwkiLP&itag=134&source=youtube&requiressl=yes&xpc=EgVo2aDSNQ%3D%3D&cps=327&met=1773401533%2C&mh=In&mm=31%2C29&mn=sn-uxanug5-2xgd%2Csn-ntq7yner&ms=au%2Crdu&mv=m&mvi=2&pcm2cms=yes&pl=17&rms=au%2Cau&initcwndbps=2140000&bui=AVNa5-xk44NrYwzUodVlwEUFhlgM0TGld3PuT9A3YBhonJDaUs7W2yv-3SB3zMnp-W5E76pk_EKC3BdG&spc=6dlaFHanQanGlbDeWEFPzuSGKGWvvbQXjwrhFjKs-wY2&vprv=1&svpuc=1&mime=video%2Fmp4&rqh=1&gir=yes&clen=127134541&dur=1943.533&lmt=1771087768459612&mt=1773401143&fvip=5&keepalive=yes&fexp=51565116%2C51565681%2C51791334&c=ANDROID_VR&txp=3309224&sparams=expire%2Cei%2Cip%2Cid%2Citag%2Csource%2Crequiressl%2Cxpc%2Cbui%2Cspc%2Cvprv%2Csvpuc%2Cmime%2Crqh%2Cgir%2Cclen%2Cdur%2Clmt&sig=AHEqNM4wRAIgS5t6zebkAPPmtYfEwts5xEO5oMTRzoGL3ENgExp_TBcCIC2UyDVcLwcsZJgVGweU6Poa6GbK3dY8WBXzJLk8rCQs&lsparams=cps%2Cmet%2Cmh%2Cmm%2Cmn%2Cms%2Cmv%2Cmvi%2Cpcm2cms%2Cpl%2Crms%2Cinitcwndbps&lsig=APaTxxMwRQIhAPTe5G8_2Is3M6cBZQZ1Devz7LawqaSSQY32GNUV4NfGAiAUYM1s2VGjMiuwyFr4Xzt0al7CVR1vdpf44p1st96TGQ%3D%3D -i https://rr2---sn-uxanug5-2xgd.googlevideo.com/videoplayback?expire=1773423133&ei=vfWzaaSBKpvs4-EPk_32oQE&ip=1.159.219.162&id=o-AC9K3ME-mYADO8dYkWLVri5he6Riyo9SjD0YR7XwkiLP&itag=140&source=youtube&requiressl=yes&xpc=EgVo2aDSNQ%3D%3D&cps=327&met=1773401533%2C&mh=In&mm=31%2C29&mn=sn-uxanug5-2xgd%2Csn-ntq7yner&ms=au%2Crdu&mv=m&mvi=2&pcm2cms=yes&pl=17&rms=au%2Cau&initcwndbps=2140000&bui=AVNa5-xk44NrYwzUodVlwEUFhlgM0TGld3PuT9A3YBhonJDaUs7W2yv-3SB3zMnp-W5E76pk_EKC3BdG&spc=6dlaFHanQanGlbDeWEFPzuSGKGWvvbQXjwrhFjKs-wY2&vprv=1&svpuc=1&mime=audio%2Fmp4&rqh=1&gir=yes&clen=31455090&dur=1943.533&lmt=1771087117159803&mt=1773401143&fvip=5&keepalive=yes&fexp=51565116%2C51565681%2C51791334&c=ANDROID_VR&txp=3308224&sparams=expire%2Cei%2Cip%2Cid%2Citag%2Csource%2Crequiressl%2Cxpc%2Cbui%2Cspc%2Cvprv%2Csvpuc%2Cmime%2Crqh%2Cgir%2Cclen%2Cdur%2Clmt&sig=AHEqNM4wRQIgbk7gX5S7Fa62EpjmpcQkc-nNorKQnRzHK31IjdjTciwCIQCOxcBJ66yfvJdIq98KfJ0OddkRzo5-6YQscsaTD0mqLQ%3D%3D&lsparams=cps%2Cmet%2Cmh%2Cmm%2Cmn%2Cms%2Cmv%2Cmvi%2Cpcm2cms%2Cpl%2Crms%2Cinitcwndbps&lsig=APaTxxMwRQIhAPTe5G8_2Is3M6cBZQZ1Devz7LawqaSSQY32GNUV4NfGAiAUYM1s2VGjMiuwyFr4Xzt0al7CVR1vdpf44p1st96TGQ%3D%3D -c copy UEQbFC2BIAc.mp4
2026-03-13 19:49:41,278 [INFO] ffmpeg finished for UEQbFC2BIAc with code 0
2026-03-13 19:49:41,282 [INFO] [ffprobe:UEQbFC2BIAc.mp4] Attempt 1/5
2026-03-13 19:49:41,282 [INFO] RUN ffprobe:UEQbFC2BIAc.mp4: ffprobe -v error -show_entries format=duration -of default=noprint_wrappers=1:nokey=1 UEQbFC2BIAc.mp4
2026-03-13 19:49:41,422 [INFO] Validation OK for UEQbFC2BIAc.mp4 (size=159362034, duration=1943.53)
2026-03-13 19:49:41,422 [INFO] Moving UEQbFC2BIAc.mp4 -> UnknownChannel\They Asked for a Factory, I Built Them a Chaotic Nightmare - Arknights Endfield.mp4
2026-03-13 19:49:41,422 [INFO] Download complete for UEQbFC2BIAc
2026-03-13 19:49:41,422 [INFO] Channel UnknownChannel cooling down for 30.0 seconds
2026-03-13 19:50:11,426 [INFO] Processing video X8XvSM35u9w (I Made $108,063,600 Exploiting the Entire Economy With Just 1 Item) from channel UnknownChannel
2026-03-13 19:50:11,426 [INFO] Starting download for X8XvSM35u9w (I Made $108,063,600 Exploiting the Entire Economy With Just 1 Item)
2026-03-13 19:50:11,428 [INFO] Download attempt 1/5 for X8XvSM35u9w
2026-03-13 19:50:11,428 [INFO] [urls:X8XvSM35u9w:134+140] Attempt 1/5
2026-03-13 19:50:11,428 [INFO] RUN urls:X8XvSM35u9w:134+140: C:\Tools\yt-dlp\yt-dlp.exe -g -f 134+140 https://www.youtube.com/watch?v=X8XvSM35u9w
2026-03-13 19:50:16,214 [INFO] Got URLs for X8XvSM35u9w with format 134+140
2026-03-13 19:50:16,214 [INFO] Starting ffmpeg for X8XvSM35u9w: ffmpeg -y -loglevel error -progress pipe:2 -i https://rr5---sn-uxanug5-2xgd.googlevideo.com/videoplayback?expire=1773424216&ei=-PmzacSpHdvXz7sPuIGPyQo&ip=1.159.219.162&id=o-ACOsIEn3jRnxLUBDvACJ2uGDIGesLM6sEUqrYUo-ZMii&itag=134&source=youtube&requiressl=yes&xpc=EgVo2aDSNQ%3D%3D&cps=566&met=1773402616%2C&mh=px&mm=31%2C29&mn=sn-uxanug5-2xgd%2Csn-ntq7yns7&ms=au%2Crdu&mv=m&mvi=5&pl=17&rms=au%2Cau&initcwndbps=2103750&bui=AVNa5-zlVAU5ohTMiNGe4bIKebssKdnsBFNov_XgFEFivIUevKqlwESQtq3btVwhY9VBrXxAFyA-Jhxh&spc=6dlaFH6b8CZl5t4n5O5-AZDm7df7YZ07hVFQ2aaDUFGf&vprv=1&svpuc=1&mime=video%2Fmp4&rqh=1&gir=yes&clen=71741113&dur=1742.999&lmt=1768620338712546&mt=1773402102&fvip=4&keepalive=yes&fexp=51565116%2C51565682%2C51791334&c=ANDROID_VR&txp=3309224&sparams=expire%2Cei%2Cip%2Cid%2Citag%2Csource%2Crequiressl%2Cxpc%2Cbui%2Cspc%2Cvprv%2Csvpuc%2Cmime%2Crqh%2Cgir%2Cclen%2Cdur%2Clmt&sig=AHEqNM4wRAIgMM56vj0ctu3kYcIKHl42MJs5BrnKPCS82_3SWbCj4TsCIHijMRn7QOrB3KNL2XH3f3IktAPROnNcuCCpnUmqWRew&lsparams=cps%2Cmet%2Cmh%2Cmm%2Cmn%2Cms%2Cmv%2Cmvi%2Cpl%2Crms%2Cinitcwndbps&lsig=APaTxxMwRAIgUt2tAz_o1emZMpv8ainehoyokZdwOCRCBQaL2U5pzDoCIDUlJzco8lll94jy9mVAiDxDh8X0cbNzm5Q2sUBvpdEU -i https://rr5---sn-uxanug5-2xgd.googlevideo.com/videoplayback?expire=1773424216&ei=-PmzacSpHdvXz7sPuIGPyQo&ip=1.159.219.162&id=o-ACOsIEn3jRnxLUBDvACJ2uGDIGesLM6sEUqrYUo-ZMii&itag=140&source=youtube&requiressl=yes&xpc=EgVo2aDSNQ%3D%3D&cps=566&met=1773402616%2C&mh=px&mm=31%2C29&mn=sn-uxanug5-2xgd%2Csn-ntq7yns7&ms=au%2Crdu&mv=m&mvi=5&pl=17&rms=au%2Cau&initcwndbps=2103750&bui=AVNa5-zlVAU5ohTMiNGe4bIKebssKdnsBFNov_XgFEFivIUevKqlwESQtq3btVwhY9VBrXxAFyA-Jhxh&spc=6dlaFH6b8CZl5t4n5O5-AZDm7df7YZ07hVFQ2aaDUFGf&vprv=1&svpuc=1&mime=audio%2Fmp4&rqh=1&gir=yes&clen=28210885&dur=1743.075&lmt=1768620308242109&mt=1773402102&fvip=4&keepalive=yes&fexp=51565116%2C51565682%2C51791334&c=ANDROID_VR&txp=3308224&sparams=expire%2Cei%2Cip%2Cid%2Citag%2Csource%2Crequiressl%2Cxpc%2Cbui%2Cspc%2Cvprv%2Csvpuc%2Cmime%2Crqh%2Cgir%2Cclen%2Cdur%2Clmt&sig=AHEqNM4wRQIhAMBhWpsmwTBtRM0oTEvXH1tYukBE_ADOhVr6Ws4P0FfaAiAjOIZjDE5qrOtJ1XVySCc8nU0Ih4UETdWAD9VWnNXx2A%3D%3D&lsparams=cps%2Cmet%2Cmh%2Cmm%2Cmn%2Cms%2Cmv%2Cmvi%2Cpl%2Crms%2Cinitcwndbps&lsig=APaTxxMwRAIgUt2tAz_o1emZMpv8ainehoyokZdwOCRCBQaL2U5pzDoCIDUlJzco8lll94jy9mVAiDxDh8X0cbNzm5Q2sUBvpdEU -c copy X8XvSM35u9w.mp4
2026-03-13 20:05:46,752 [INFO] ffmpeg finished for X8XvSM35u9w with code 0
2026-03-13 20:05:46,753 [INFO] [ffprobe:X8XvSM35u9w.mp4] Attempt 1/5
2026-03-13 20:05:46,753 [INFO] RUN ffprobe:X8XvSM35u9w.mp4: ffprobe -v error -show_entries format=duration -of default=noprint_wrappers=1:nokey=1 X8XvSM35u9w.mp4
2026-03-13 20:05:46,799 [INFO] Validation OK for X8XvSM35u9w.mp4 (size=100599353, duration=1743.08)
2026-03-13 20:05:46,799 [INFO] Moving X8XvSM35u9w.mp4 -> UnknownChannel\I Made $108,063,600 Exploiting the Entire Economy With Just 1 Item.mp4
2026-03-13 20:05:46,801 [INFO] Download complete for X8XvSM35u9w
2026-03-13 20:05:46,802 [INFO] === EXIT ===
2026-03-19 19:25:44,003 [INFO] === START ===
2026-03-19 19:25:45,959 [INFO] yt-dlp.exe verified OK (size=18408128 bytes)
2026-03-19 19:25:45,959 [INFO] Found leftover file C:\hacking\X3M-_xdfCaA.mp4 (id=X3M-_xdfCaA), validating...
2026-03-19 19:25:45,959 [INFO] [ffprobe:X3M-_xdfCaA.mp4] Attempt 1/5
2026-03-19 19:25:45,959 [INFO] RUN ffprobe:X3M-_xdfCaA.mp4: ffprobe -v error -show_entries format=duration -of default=noprint_wrappers=1:nokey=1 C:\hacking\X3M-_xdfCaA.mp4
2026-03-19 19:25:46,093 [INFO] Validation OK for C:\hacking\X3M-_xdfCaA.mp4 (size=2795282, duration=95.27)
2026-03-19 19:25:46,093 [INFO] Leftover file C:\hacking\X3M-_xdfCaA.mp4 seems valid but unknown; leaving in place.
2026-03-19 19:25:46,093 [INFO] [playlist:https://www.youtube.com/@SMii7Yplays] Attempt 1/5
2026-03-19 19:25:46,093 [INFO] RUN playlist:https://www.youtube.com/@SMii7Yplays: C:\Tools\yt-dlp\yt-dlp.exe --dump-json --flat-playlist --extractor-args youtube:skip=dash https://www.youtube.com/@SMii7Yplays/videos
2026-03-19 19:25:55,903 [INFO] Channel https://www.youtube.com/@SMii7Yplays -> 2 videos
2026-03-19 19:25:55,903 [INFO] [playlist:https://www.youtube.com/@SMii7Yplus] Attempt 1/5
2026-03-19 19:25:55,903 [INFO] RUN playlist:https://www.youtube.com/@SMii7Yplus: C:\Tools\yt-dlp\yt-dlp.exe --dump-json --flat-playlist --extractor-args youtube:skip=dash https://www.youtube.com/@SMii7Yplus/videos
2026-03-19 19:26:08,067 [WARNING] Ctrl+C detected — graceful shutdown requested.
2026-03-19 19:26:08,067 [WARNING] [playlist:https://www.youtube.com/@SMii7Yplus] Failed (code 1).
2026-03-19 19:26:08,067 [INFO] [playlist:https://www.youtube.com/@SMii7Yplus] Retrying in 5 seconds...
2026-03-19 19:26:08,919 [WARNING] Ctrl+C detected — graceful shutdown requested.
2026-03-19 19:26:09,751 [WARNING] Ctrl+C detected — graceful shutdown requested.
2026-03-19 19:26:13,070 [WARNING] [playlist:https://www.youtube.com/@SMii7Yplus] Aborting retries due to interrupt.
2026-03-19 19:26:13,070 [INFO] Channel https://www.youtube.com/@SMii7Yplus -> 0 videos
2026-03-19 19:26:13,070 [WARNING] [playlist:https://www.youtube.com/@SMii7Y] Aborting retries due to interrupt.
2026-03-19 19:26:13,070 [INFO] Channel https://www.youtube.com/@SMii7Y -> 0 videos
2026-03-19 19:26:13,070 [WARNING] [playlist:https://www.youtube.com/@dougdougdoug] Aborting retries due to interrupt.
2026-03-19 19:26:13,070 [INFO] Channel https://www.youtube.com/@dougdougdoug -> 0 videos
2026-03-19 19:26:13,070 [WARNING] [playlist:https://www.youtube.com/@failboat] Aborting retries due to interrupt.
2026-03-19 19:26:13,070 [INFO] Channel https://www.youtube.com/@failboat -> 0 videos
2026-03-19 19:26:13,070 [WARNING] [playlist:https://www.youtube.com/@LetsGameItOut] Aborting retries due to interrupt.
2026-03-19 19:26:13,070 [INFO] Channel https://www.youtube.com/@LetsGameItOut -> 0 videos
2026-03-19 19:26:13,070 [INFO] Queue size: 2
2026-03-19 19:26:13,070 [INFO] Graceful exit requested before next video.
2026-03-19 19:26:13,070 [INFO] === EXIT ===
2026-03-19 19:26:44,877 [INFO] === START ===
2026-03-19 19:26:46,430 [INFO] yt-dlp.exe verified OK (size=18408128 bytes)
2026-03-19 19:26:46,430 [INFO] Found leftover file C:\hacking\X3M-_xdfCaA.mp4 (id=X3M-_xdfCaA), validating...
2026-03-19 19:26:46,430 [INFO] [ffprobe:X3M-_xdfCaA.mp4] Attempt 1/5
2026-03-19 19:26:46,430 [INFO] RUN ffprobe:X3M-_xdfCaA.mp4: ffprobe -v error -show_entries format=duration -of default=noprint_wrappers=1:nokey=1 C:\hacking\X3M-_xdfCaA.mp4
2026-03-19 19:26:46,469 [INFO] Validation OK for C:\hacking\X3M-_xdfCaA.mp4 (size=2795282, duration=95.27)
2026-03-19 19:26:46,469 [INFO] Leftover file C:\hacking\X3M-_xdfCaA.mp4 seems valid but unknown; leaving in place.
2026-03-19 19:26:46,469 [INFO] [playlist:https://www.youtube.com/@SMii7Yplays] Attempt 1/5
2026-03-19 19:26:46,469 [INFO] RUN playlist:https://www.youtube.com/@SMii7Yplays: C:\Tools\yt-dlp\yt-dlp.exe --dump-json --flat-playlist --extractor-args youtube:skip=dash https://www.youtube.com/@SMii7Yplays/videos
2026-03-19 19:26:56,096 [INFO] Channel https://www.youtube.com/@SMii7Yplays -> 2 videos
2026-03-19 19:26:56,096 [INFO] [playlist:https://www.youtube.com/@SMii7Yplus] Attempt 1/5
2026-03-19 19:26:56,096 [INFO] RUN playlist:https://www.youtube.com/@SMii7Yplus: C:\Tools\yt-dlp\yt-dlp.exe --dump-json --flat-playlist --extractor-args youtube:skip=dash https://www.youtube.com/@SMii7Yplus/videos
2026-03-19 19:27:23,198 [INFO] Channel https://www.youtube.com/@SMii7Yplus -> 2 videos
2026-03-19 19:27:23,198 [INFO] [playlist:https://www.youtube.com/@SMii7Y] Attempt 1/5
2026-03-19 19:27:23,203 [INFO] RUN playlist:https://www.youtube.com/@SMii7Y: C:\Tools\yt-dlp\yt-dlp.exe --dump-json --flat-playlist --extractor-args youtube:skip=dash https://www.youtube.com/@SMii7Y/videos
2026-03-19 19:29:03,476 [INFO] Channel https://www.youtube.com/@SMii7Y -> 2 videos
2026-03-19 19:29:03,476 [INFO] [playlist:https://www.youtube.com/@dougdougdoug] Attempt 1/5
2026-03-19 19:29:03,477 [INFO] RUN playlist:https://www.youtube.com/@dougdougdoug: C:\Tools\yt-dlp\yt-dlp.exe --dump-json --flat-playlist --extractor-args youtube:skip=dash https://www.youtube.com/@dougdougdoug/videos
2026-03-19 19:29:21,355 [INFO] Channel https://www.youtube.com/@dougdougdoug -> 2 videos
2026-03-19 19:29:21,355 [INFO] [playlist:https://www.youtube.com/@failboat] Attempt 1/5
2026-03-19 19:29:21,355 [INFO] RUN playlist:https://www.youtube.com/@failboat: C:\Tools\yt-dlp\yt-dlp.exe --dump-json --flat-playlist --extractor-args youtube:skip=dash https://www.youtube.com/@failboat/videos
2026-03-19 19:30:34,856 [WARNING] Ctrl+C detected — graceful shutdown requested.
2026-03-19 19:30:34,856 [WARNING] [playlist:https://www.youtube.com/@failboat] Failed (code 1).
2026-03-19 19:30:34,857 [INFO] [playlist:https://www.youtube.com/@failboat] Retrying in 5 seconds...
2026-03-19 19:30:39,857 [WARNING] [playlist:https://www.youtube.com/@failboat] Aborting retries due to interrupt.
2026-03-19 19:30:39,857 [INFO] Channel https://www.youtube.com/@failboat -> 0 videos
2026-03-19 19:30:39,857 [WARNING] [playlist:https://www.youtube.com/@LetsGameItOut] Aborting retries due to interrupt.
2026-03-19 19:30:39,857 [INFO] Channel https://www.youtube.com/@LetsGameItOut -> 0 videos
2026-03-19 19:30:39,857 [INFO] Queue size: 8
2026-03-19 19:30:39,858 [INFO] Graceful exit requested before next video.
2026-03-19 19:30:39,858 [INFO] === EXIT ===
2026-03-19 19:39:11,108 [INFO] === START ===
2026-03-19 19:39:12,760 [INFO] yt-dlp.exe verified OK (size=18408128 bytes)
2026-03-19 19:39:12,760 [INFO] Found leftover file C:\hacking\X3M-_xdfCaA.mp4 (id=X3M-_xdfCaA), validating...
2026-03-19 19:39:12,760 [INFO] [ffprobe:X3M-_xdfCaA.mp4] Attempt 1/5
2026-03-19 19:39:12,760 [INFO] RUN ffprobe:X3M-_xdfCaA.mp4: ffprobe -v error -show_entries format=duration -of default=noprint_wrappers=1:nokey=1 C:\hacking\X3M-_xdfCaA.mp4
2026-03-19 19:39:12,807 [INFO] Validation OK for C:\hacking\X3M-_xdfCaA.mp4 (size=2795282, duration=95.27)
2026-03-19 19:39:12,807 [INFO] Leftover file C:\hacking\X3M-_xdfCaA.mp4 seems valid but unknown; leaving in place.
2026-03-19 19:39:12,807 [INFO] [playlist:https://www.youtube.com/@SMii7Yplays] Attempt 1/5
2026-03-19 19:39:12,807 [INFO] RUN playlist:https://www.youtube.com/@SMii7Yplays: C:\Tools\yt-dlp\yt-dlp.exe --dump-json --flat-playlist --extractor-args youtube:skip=dash https://www.youtube.com/@SMii7Yplays/videos
2026-03-19 19:39:31,304 [INFO] Channel https://www.youtube.com/@SMii7Yplays -> 2 videos
2026-03-19 19:39:31,304 [INFO] [playlist:https://www.youtube.com/@SMii7Yplus] Attempt 1/5
2026-03-19 19:39:31,306 [INFO] RUN playlist:https://www.youtube.com/@SMii7Yplus: C:\Tools\yt-dlp\yt-dlp.exe --dump-json --flat-playlist --extractor-args youtube:skip=dash https://www.youtube.com/@SMii7Yplus/videos
2026-03-19 19:40:13,236 [INFO] Channel https://www.youtube.com/@SMii7Yplus -> 2 videos
2026-03-19 19:40:13,236 [INFO] [playlist:https://www.youtube.com/@SMii7Y] Attempt 1/5
2026-03-19 19:40:13,236 [INFO] RUN playlist:https://www.youtube.com/@SMii7Y: C:\Tools\yt-dlp\yt-dlp.exe --dump-json --flat-playlist --extractor-args youtube:skip=dash https://www.youtube.com/@SMii7Y/videos
2026-03-19 19:41:50,948 [INFO] Channel https://www.youtube.com/@SMii7Y -> 2 videos
2026-03-19 19:41:50,948 [INFO] [playlist:https://www.youtube.com/@dougdougdoug] Attempt 1/5
2026-03-19 19:41:50,948 [INFO] RUN playlist:https://www.youtube.com/@dougdougdoug: C:\Tools\yt-dlp\yt-dlp.exe --dump-json --flat-playlist --extractor-args youtube:skip=dash https://www.youtube.com/@dougdougdoug/videos
2026-03-19 19:42:05,752 [INFO] Channel https://www.youtube.com/@dougdougdoug -> 2 videos
2026-03-19 19:42:05,752 [INFO] [playlist:https://www.youtube.com/@failboat] Attempt 1/5
2026-03-19 19:42:05,753 [INFO] RUN playlist:https://www.youtube.com/@failboat: C:\Tools\yt-dlp\yt-dlp.exe --dump-json --flat-playlist --extractor-args youtube:skip=dash https://www.youtube.com/@failboat/videos
2026-03-19 19:43:36,510 [INFO] Channel https://www.youtube.com/@failboat -> 2 videos
2026-03-19 19:43:36,510 [INFO] [playlist:https://www.youtube.com/@LetsGameItOut] Attempt 1/5
2026-03-19 19:43:36,510 [INFO] RUN playlist:https://www.youtube.com/@LetsGameItOut: C:\Tools\yt-dlp\yt-dlp.exe --dump-json --flat-playlist --extractor-args youtube:skip=dash https://www.youtube.com/@LetsGameItOut/videos
2026-03-19 19:44:27,192 [INFO] Channel https://www.youtube.com/@LetsGameItOut -> 2 videos
2026-03-19 19:44:27,193 [INFO] Queue size: 12
2026-03-19 19:44:27,193 [INFO] Skipping already downloaded video HYbbZkdb_W4 (Something is Wrong With This Bathroom)
2026-03-19 19:44:27,193 [INFO] Processing video muwsJ5kowNg (Feeding Slop to Creatures of the Night) from channel SMii7Yplays
2026-03-19 19:44:27,194 [INFO] Starting download for muwsJ5kowNg (Feeding Slop to Creatures of the Night)
2026-03-19 19:44:27,194 [INFO] Download attempt 1/5 for muwsJ5kowNg
2026-03-19 19:44:27,194 [INFO] [urls:muwsJ5kowNg:134+140] Attempt 1/5
2026-03-19 19:44:27,194 [INFO] RUN urls:muwsJ5kowNg:134+140: C:\Tools\yt-dlp\yt-dlp.exe -g -f 134+140 https://www.youtube.com/watch?v=muwsJ5kowNg
2026-03-19 19:44:38,627 [INFO] Got URLs for muwsJ5kowNg with format 134+140
2026-03-19 19:44:38,630 [INFO] Starting ffmpeg for muwsJ5kowNg: ffmpeg -y -loglevel error -progress pipe:2 -i https://rr2---sn-uxanug5-2xgd.googlevideo.com/videoplayback?expire=1773942277&ei=peG7acbXJebJssUP6_3KoA0&ip=1.159.219.162&id=o-AOd4F9q4i0nDk0OP8bZqSW2QYkxE_pEyihI0vwRSHi8O&itag=134&source=youtube&requiressl=yes&xpc=EgVo2aDSNQ%3D%3D&cps=547&met=1773920677%2C&mh=Bk&mm=31%2C29&mn=sn-uxanug5-2xgd%2Csn-ntqe6nee&ms=au%2Crdu&mv=m&mvi=2&pcm2cms=yes&pl=17&rms=au%2Cau&initcwndbps=2012500&bui=AVNa5-wxsWXsKqCPfwj1kMhudhEWnpbyULbd30X6J6PGjRlyR3f6yGQKP6XmKIzM8yWzJxx2mjuzDL05&spc=6dlaFGtO-Ex4K7wS2C-emC4VwlYBNCVk_2PJon2DcxpO&vprv=1&svpuc=1&mime=video%2Fmp4&rqh=1&gir=yes&clen=365872356&dur=7247.266&lmt=1772740281077351&mt=1773920249&fvip=4&keepalive=yes&fexp=51565116%2C51565682%2C51791334&c=ANDROID_VR&txp=3309224&sparams=expire%2Cei%2Cip%2Cid%2Citag%2Csource%2Crequiressl%2Cxpc%2Cbui%2Cspc%2Cvprv%2Csvpuc%2Cmime%2Crqh%2Cgir%2Cclen%2Cdur%2Clmt&sig=AHEqNM4wRQIhAOsf8gOYV3h5XX_FGU1T6aVEaezDtiThZhi_XSLNoQCeAiBxf_jxSJqJwWLktpAWxdA_J6j7_TgT4Zf0L9nyv0cP2w%3D%3D&lsparams=cps%2Cmet%2Cmh%2Cmm%2Cmn%2Cms%2Cmv%2Cmvi%2Cpcm2cms%2Cpl%2Crms%2Cinitcwndbps&lsig=APaTxxMwRAIgDgXTsAr4Lb896QBFMbvWT58svzK1GUMKvyzAnPEtJ70CIAPYg-oodpcNIUkFzENQXWVsRPGSWZFQXPVzYCyHeEsd -i https://rr2---sn-uxanug5-2xgd.googlevideo.com/videoplayback?expire=1773942277&ei=peG7acbXJebJssUP6_3KoA0&ip=1.159.219.162&id=o-AOd4F9q4i0nDk0OP8bZqSW2QYkxE_pEyihI0vwRSHi8O&itag=140&source=youtube&requiressl=yes&xpc=EgVo2aDSNQ%3D%3D&cps=547&met=1773920677%2C&mh=Bk&mm=31%2C29&mn=sn-uxanug5-2xgd%2Csn-ntqe6nee&ms=au%2Crdu&mv=m&mvi=2&pcm2cms=yes&pl=17&rms=au%2Cau&initcwndbps=2012500&bui=AVNa5-wxsWXsKqCPfwj1kMhudhEWnpbyULbd30X6J6PGjRlyR3f6yGQKP6XmKIzM8yWzJxx2mjuzDL05&spc=6dlaFGtO-Ex4K7wS2C-emC4VwlYBNCVk_2PJon2DcxpO&vprv=1&svpuc=1&mime=audio%2Fmp4&rqh=1&gir=yes&clen=117290350&dur=7247.295&lmt=1772740344760173&mt=1773920249&fvip=4&keepalive=yes&fexp=51565116%2C51565682%2C51791334&c=ANDROID_VR&txp=3308224&sparams=expire%2Cei%2Cip%2Cid%2Citag%2Csource%2Crequiressl%2Cxpc%2Cbui%2Cspc%2Cvprv%2Csvpuc%2Cmime%2Crqh%2Cgir%2Cclen%2Cdur%2Clmt&sig=AHEqNM4wRQIhANX1o3PHiCpGe8m1VgWCI_dS9ViVHv4haixe79vk6z7qAiBXeEf832hTO81vxoADSL8GTHPyIZQLYkUojk09w0XblQ%3D%3D&lsparams=cps%2Cmet%2Cmh%2Cmm%2Cmn%2Cms%2Cmv%2Cmvi%2Cpcm2cms%2Cpl%2Crms%2Cinitcwndbps&lsig=APaTxxMwRAIgDgXTsAr4Lb896QBFMbvWT58svzK1GUMKvyzAnPEtJ70CIAPYg-oodpcNIUkFzENQXWVsRPGSWZFQXPVzYCyHeEsd -c copy muwsJ5kowNg.mp4
2026-03-19 19:45:22,688 [WARNING] Ctrl+C detected — graceful shutdown requested.
2026-03-19 19:45:22,689 [WARNING] Terminated ffmpeg for muwsJ5kowNg due to Ctrl+C.
2026-03-19 19:45:22,690 [ERROR] ffmpeg failed for muwsJ5kowNg on attempt 1
2026-03-19 19:45:22,690 [WARNING] Moving corrupted file muwsJ5kowNg.mp4 -> corrupted\muwsJ5kowNg.mp4
2026-03-19 19:45:27,694 [WARNING] Interrupted during download of muwsJ5kowNg — aborting safely.
2026-03-19 19:45:27,695 [INFO] Graceful exit requested before next video.
2026-03-19 19:45:27,695 [INFO] === EXIT ===
2026-03-19 19:46:13,564 [INFO] === START ===
2026-03-19 19:46:15,208 [INFO] yt-dlp.exe verified OK (size=18408128 bytes)
2026-03-19 19:46:15,208 [INFO] Found leftover file C:\hacking\X3M-_xdfCaA.mp4 (id=X3M-_xdfCaA), validating...
2026-03-19 19:46:15,209 [INFO] [ffprobe:X3M-_xdfCaA.mp4] Attempt 1/5
2026-03-19 19:46:15,209 [INFO] RUN ffprobe:X3M-_xdfCaA.mp4: ffprobe -v error -show_entries format=duration -of default=noprint_wrappers=1:nokey=1 C:\hacking\X3M-_xdfCaA.mp4
2026-03-19 19:46:15,251 [INFO] Validation OK for C:\hacking\X3M-_xdfCaA.mp4 (size=2795282, duration=95.27)
2026-03-19 19:46:15,251 [INFO] Leftover file C:\hacking\X3M-_xdfCaA.mp4 seems valid but unknown; leaving in place.
2026-03-19 19:46:15,251 [INFO] Clearing in_progress (muwsJ5kowNg) because temp file missing.
2026-03-19 19:46:15,253 [INFO] [playlist:https://www.youtube.com/@SMii7Y-----plays] Attempt 1/5
2026-03-19 19:46:15,253 [INFO] RUN playlist:https://www.youtube.com/@SMii7Y-----plays: C:\Tools\yt-dlp\yt-dlp.exe --dump-json --flat-playlist --extractor-args youtube:skip=dash https://www.youtube.com/@SMii7Y-----plays/videos
2026-03-19 19:46:25,008 [WARNING] [playlist:https://www.youtube.com/@SMii7Y-----plays] Failed (code 1).
2026-03-19 19:46:25,008 [INFO] [playlist:https://www.youtube.com/@SMii7Y-----plays] Retrying in 5 seconds...
2026-03-19 19:46:30,008 [INFO] [playlist:https://www.youtube.com/@SMii7Y-----plays] Attempt 2/5
2026-03-19 19:46:30,008 [INFO] RUN playlist:https://www.youtube.com/@SMii7Y-----plays: C:\Tools\yt-dlp\yt-dlp.exe --dump-json --flat-playlist --extractor-args youtube:skip=dash https://www.youtube.com/@SMii7Y-----plays/videos
2026-03-19 19:46:41,572 [WARNING] [playlist:https://www.youtube.com/@SMii7Y-----plays] Failed (code 1).
2026-03-19 19:46:41,572 [INFO] [playlist:https://www.youtube.com/@SMii7Y-----plays] Retrying in 5 seconds...
2026-03-19 19:46:46,573 [INFO] [playlist:https://www.youtube.com/@SMii7Y-----plays] Attempt 3/5
2026-03-19 19:46:46,573 [INFO] RUN playlist:https://www.youtube.com/@SMii7Y-----plays: C:\Tools\yt-dlp\yt-dlp.exe --dump-json --flat-playlist --extractor-args youtube:skip=dash https://www.youtube.com/@SMii7Y-----plays/videos
2026-03-19 19:46:56,943 [WARNING] [playlist:https://www.youtube.com/@SMii7Y-----plays] Failed (code 1).
2026-03-19 19:46:56,943 [INFO] [playlist:https://www.youtube.com/@SMii7Y-----plays] Retrying in 5 seconds...
2026-03-19 19:47:01,945 [INFO] [playlist:https://www.youtube.com/@SMii7Y-----plays] Attempt 4/5
2026-03-19 19:47:01,945 [INFO] RUN playlist:https://www.youtube.com/@SMii7Y-----plays: C:\Tools\yt-dlp\yt-dlp.exe --dump-json --flat-playlist --extractor-args youtube:skip=dash https://www.youtube.com/@SMii7Y-----plays/videos
2026-03-19 19:47:13,108 [WARNING] [playlist:https://www.youtube.com/@SMii7Y-----plays] Failed (code 1).
2026-03-19 19:47:13,108 [INFO] [playlist:https://www.youtube.com/@SMii7Y-----plays] Retrying in 5 seconds...
2026-03-19 19:47:18,112 [INFO] [playlist:https://www.youtube.com/@SMii7Y-----plays] Attempt 5/5
2026-03-19 19:47:18,112 [INFO] RUN playlist:https://www.youtube.com/@SMii7Y-----plays: C:\Tools\yt-dlp\yt-dlp.exe --dump-json --flat-playlist --extractor-args youtube:skip=dash https://www.youtube.com/@SMii7Y-----plays/videos
2026-03-19 19:47:27,552 [WARNING] [playlist:https://www.youtube.com/@SMii7Y-----plays] Failed (code 1).
2026-03-19 19:47:27,552 [ERROR] [playlist:https://www.youtube.com/@SMii7Y-----plays] All 5 attempts failed.
2026-03-19 19:47:27,552 [INFO] Channel https://www.youtube.com/@SMii7Y-----plays -> 0 videos
2026-03-19 19:47:27,552 [INFO] [playlist:https://www.youtube.com/@SMii7Yplus] Attempt 1/5
2026-03-19 19:47:27,553 [INFO] RUN playlist:https://www.youtube.com/@SMii7Yplus: C:\Tools\yt-dlp\yt-dlp.exe --dump-json --flat-playlist --extractor-args youtube:skip=dash https://www.youtube.com/@SMii7Yplus/videos
2026-03-19 19:48:15,712 [INFO] Channel https://www.youtube.com/@SMii7Yplus -> 2 videos
2026-03-19 19:48:15,712 [INFO] [playlist:https://www.youtube.com/@SMii7Y] Attempt 1/5
2026-03-19 19:48:15,713 [INFO] RUN playlist:https://www.youtube.com/@SMii7Y: C:\Tools\yt-dlp\yt-dlp.exe --dump-json --flat-playlist --extractor-args youtube:skip=dash https://www.youtube.com/@SMii7Y/videos
2026-03-19 19:50:25,512 [INFO] Channel https://www.youtube.com/@SMii7Y -> 2 videos
2026-03-19 19:50:25,512 [INFO] [playlist:https://www.youtube.com/@dougdougdoug] Attempt 1/5
2026-03-19 19:50:25,512 [INFO] RUN playlist:https://www.youtube.com/@dougdougdoug: C:\Tools\yt-dlp\yt-dlp.exe --dump-json --flat-playlist --extractor-args youtube:skip=dash https://www.youtube.com/@dougdougdoug/videos
2026-03-19 19:50:43,790 [INFO] Channel https://www.youtube.com/@dougdougdoug -> 2 videos
2026-03-19 19:50:43,790 [INFO] [playlist:https://www.youtube.com/@failboat] Attempt 1/5
2026-03-19 19:50:43,790 [INFO] RUN playlist:https://www.youtube.com/@failboat: C:\Tools\yt-dlp\yt-dlp.exe --dump-json --flat-playlist --extractor-args youtube:skip=dash https://www.youtube.com/@failboat/videos
2026-03-19 19:53:11,362 [INFO] Channel https://www.youtube.com/@failboat -> 2 videos
2026-03-19 19:53:11,362 [INFO] [playlist:https://www.youtube.com/@LetsGameItOut] Attempt 1/5
2026-03-19 19:53:11,362 [INFO] RUN playlist:https://www.youtube.com/@LetsGameItOut: C:\Tools\yt-dlp\yt-dlp.exe --dump-json --flat-playlist --extractor-args youtube:skip=dash https://www.youtube.com/@LetsGameItOut/videos
2026-03-19 19:54:55,932 [INFO] Channel https://www.youtube.com/@LetsGameItOut -> 2 videos
2026-03-19 19:54:55,932 [INFO] Queue size: 10
2026-03-19 19:54:55,932 [INFO] Processing video J8DZLaX4Zt4 (This Game is Truly Terrifying) from channel SMii7Yplus
2026-03-19 19:54:55,933 [INFO] Starting download for J8DZLaX4Zt4 (This Game is Truly Terrifying)
2026-03-19 19:54:55,934 [INFO] Download attempt 1/5 for J8DZLaX4Zt4
2026-03-19 19:54:55,934 [INFO] [urls:J8DZLaX4Zt4:134+140] Attempt 1/5
2026-03-19 19:54:55,934 [INFO] RUN urls:J8DZLaX4Zt4:134+140: C:\Tools\yt-dlp\yt-dlp.exe -g -f 134+140 https://www.youtube.com/watch?v=J8DZLaX4Zt4
2026-03-19 19:55:11,675 [INFO] Got URLs for J8DZLaX4Zt4 with format 134+140
2026-03-19 19:55:11,675 [INFO] Starting ffmpeg for J8DZLaX4Zt4: ffmpeg -y -loglevel error -progress pipe:2 -i https://rr1---sn-ntqe6n7r.googlevideo.com/videoplayback?expire=1773942910&ei=HuS7adXAGYHAqfkP94_TyQ0&ip=1.159.219.162&id=o-AEyI-xkuI6hg807Qccka78xHvnyguOBWJroRZ-Unfjcp&itag=134&source=youtube&requiressl=yes&xpc=EgVo2aDSNQ%3D%3D&cps=613&met=1773921310%2C&mh=Xl&mm=31%2C29&mn=sn-ntqe6n7r%2Csn-ntq7yner&ms=au%2Crdu&mv=m&mvi=1&pl=17&rms=au%2Cau&initcwndbps=2065000&bui=AVNa5-zTiKs6J-4h_1A3-YG27UuZ25IwCiqyvJYDzjH45CMS0luL3DlxoP-MuW3fODyG7W-dbtZEYRKO&spc=6dlaFLDSNHj7_1pUYQv6N6O9mnFoEP5Y4lcycbv3X2Fh&vprv=1&svpuc=1&mime=video%2Fmp4&rqh=1&gir=yes&clen=128747472&dur=2251.533&lmt=1773551034306705&mt=1773920962&fvip=5&keepalive=yes&fexp=51565115%2C51565681%2C51791334&c=ANDROID_VR&txp=3309224&sparams=expire%2Cei%2Cip%2Cid%2Citag%2Csource%2Crequiressl%2Cxpc%2Cbui%2Cspc%2Cvprv%2Csvpuc%2Cmime%2Crqh%2Cgir%2Cclen%2Cdur%2Clmt&sig=AHEqNM4wRAIgAUKLHZdWFJ09nGuxhGyuq58HS3j-COYgoFb6m3shpNoCIAm5dgY7PP4p1iN7TCleUWIWw6kqJID6ArXr4KfotwY2&lsparams=cps%2Cmet%2Cmh%2Cmm%2Cmn%2Cms%2Cmv%2Cmvi%2Cpl%2Crms%2Cinitcwndbps&lsig=APaTxxMwRQIhAIusi07BK6e45s_bjvT8eUfG4Z2aiqNoVGWA9qe-nc-zAiBD1wPDYWvuRldk6X7pQZn1D8YG8Gg0Yk-KnxlN7IilAA%3D%3D -i https://rr1---sn-ntqe6n7r.googlevideo.com/videoplayback?expire=1773942910&ei=HuS7adXAGYHAqfkP94_TyQ0&ip=1.159.219.162&id=o-AEyI-xkuI6hg807Qccka78xHvnyguOBWJroRZ-Unfjcp&itag=140&source=youtube&requiressl=yes&xpc=EgVo2aDSNQ%3D%3D&cps=613&met=1773921310%2C&mh=Xl&mm=31%2C29&mn=sn-ntqe6n7r%2Csn-ntq7yner&ms=au%2Crdu&mv=m&mvi=1&pl=17&rms=au%2Cau&initcwndbps=2065000&bui=AVNa5-zTiKs6J-4h_1A3-YG27UuZ25IwCiqyvJYDzjH45CMS0luL3DlxoP-MuW3fODyG7W-dbtZEYRKO&spc=6dlaFLDSNHj7_1pUYQv6N6O9mnFoEP5Y4lcycbv3X2Fh&vprv=1&svpuc=1&mime=audio%2Fmp4&rqh=1&gir=yes&clen=36440063&dur=2251.569&lmt=1773551043173599&mt=1773920962&fvip=5&keepalive=yes&fexp=51565115%2C51565681%2C51791334&c=ANDROID_VR&txp=3308224&sparams=expire%2Cei%2Cip%2Cid%2Citag%2Csource%2Crequiressl%2Cxpc%2Cbui%2Cspc%2Cvprv%2Csvpuc%2Cmime%2Crqh%2Cgir%2Cclen%2Cdur%2Clmt&sig=AHEqNM4wRAIgI4_3wJPzbyaL48iutj7NAyOoCIV-riLv_oCUC67rY4sCICTqHK7ntrZf3yC7p6NB8XW1n_FGw6-lzxn2J-iUEgOB&lsparams=cps%2Cmet%2Cmh%2Cmm%2Cmn%2Cms%2Cmv%2Cmvi%2Cpl%2Crms%2Cinitcwndbps&lsig=APaTxxMwRQIhAIusi07BK6e45s_bjvT8eUfG4Z2aiqNoVGWA9qe-nc-zAiBD1wPDYWvuRldk6X7pQZn1D8YG8Gg0Yk-KnxlN7IilAA%3D%3D -c copy J8DZLaX4Zt4.mp4
2026-03-19 21:03:16,140 [INFO] ffmpeg finished for J8DZLaX4Zt4 with code 0
2026-03-19 21:03:16,143 [INFO] [ffprobe:J8DZLaX4Zt4.mp4] Attempt 1/5
2026-03-19 21:03:16,143 [INFO] RUN ffprobe:J8DZLaX4Zt4.mp4: ffprobe -v error -show_entries format=duration -of default=noprint_wrappers=1:nokey=1 J8DZLaX4Zt4.mp4
2026-03-19 21:03:16,209 [ERROR] Validation failed: duration mismatch (expected 2252.00, got 2224.13, diff 27.87 > tolerance 5.00) for J8DZLaX4Zt4.mp4
2026-03-19 21:03:16,209 [WARNING] Moving corrupted file J8DZLaX4Zt4.mp4 -> corrupted\J8DZLaX4Zt4.mp4
2026-03-19 21:03:21,211 [INFO] Download attempt 2/5 for J8DZLaX4Zt4
2026-03-19 21:03:21,211 [INFO] [urls:J8DZLaX4Zt4:134+140] Attempt 1/5
2026-03-19 21:03:21,211 [INFO] RUN urls:J8DZLaX4Zt4:134+140: C:\Tools\yt-dlp\yt-dlp.exe -g -f 134+140 https://www.youtube.com/watch?v=J8DZLaX4Zt4
2026-03-19 21:03:29,036 [INFO] Got URLs for J8DZLaX4Zt4 with format 134+140
2026-03-19 21:03:29,037 [INFO] Starting ffmpeg for J8DZLaX4Zt4: ffmpeg -y -loglevel error -progress pipe:2 -i https://rr1---sn-ntqe6n7r.googlevideo.com/videoplayback?expire=1773947008&ei=IPS7acCsJIDoqfkPn9ysuA0&ip=1.159.219.162&id=o-AIQ7807_5K1wPQOrpJl3JLqvqpgllATYpzjQQJwxTijS&itag=134&source=youtube&requiressl=yes&xpc=EgVo2aDSNQ%3D%3D&cps=690&met=1773925408%2C&mh=Xl&mm=31%2C26&mn=sn-ntqe6n7r%2Csn-ntq7yner&ms=au%2Conr&mv=m&mvi=1&pl=17&rms=au%2Cau&initcwndbps=1758750&bui=AVNa5-x4dlMLQCPqun_iVX0A8gCyD8F3evBRM4CcgCi6cLrEIoo04ulQMhYy0K0WSvlZM0ckmND9pFfN&spc=6dlaFDQ9JXPryL6yWJhhZ9xGCeQctm1Odx_9sg6ylH8j&vprv=1&svpuc=1&mime=video%2Fmp4&rqh=1&gir=yes&clen=128747472&dur=2251.533&lmt=1773551034306705&mt=1773925054&fvip=5&keepalive=yes&fexp=51565115%2C51565682%2C51791334&c=ANDROID_VR&txp=3309224&sparams=expire%2Cei%2Cip%2Cid%2Citag%2Csource%2Crequiressl%2Cxpc%2Cbui%2Cspc%2Cvprv%2Csvpuc%2Cmime%2Crqh%2Cgir%2Cclen%2Cdur%2Clmt&sig=AHEqNM4wRAIgEcMAWJTJV4NGyvX9y3Lrynx4C2723jmmAGbSK9X8HbYCIEYusAlRhsEvakrAL80RomTn-tZxIX5IwcAtC_drmKNQ&lsparams=cps%2Cmet%2Cmh%2Cmm%2Cmn%2Cms%2Cmv%2Cmvi%2Cpl%2Crms%2Cinitcwndbps&lsig=APaTxxMwRgIhAMH6gh9f236ggoHub7kNS6c1h3qSp1wPgAH0Tuszzps2AiEA7TAN3swIdMdRi3_mvHpee2qD6Ku5eYp1WEhVkrTxttM%3D -i https://rr1---sn-ntqe6n7r.googlevideo.com/videoplayback?expire=1773947008&ei=IPS7acCsJIDoqfkPn9ysuA0&ip=1.159.219.162&id=o-AIQ7807_5K1wPQOrpJl3JLqvqpgllATYpzjQQJwxTijS&itag=140&source=youtube&requiressl=yes&xpc=EgVo2aDSNQ%3D%3D&cps=690&met=1773925408%2C&mh=Xl&mm=31%2C26&mn=sn-ntqe6n7r%2Csn-ntq7yner&ms=au%2Conr&mv=m&mvi=1&pl=17&rms=au%2Cau&initcwndbps=1758750&bui=AVNa5-x4dlMLQCPqun_iVX0A8gCyD8F3evBRM4CcgCi6cLrEIoo04ulQMhYy0K0WSvlZM0ckmND9pFfN&spc=6dlaFDQ9JXPryL6yWJhhZ9xGCeQctm1Odx_9sg6ylH8j&vprv=1&svpuc=1&mime=audio%2Fmp4&rqh=1&gir=yes&clen=36440063&dur=2251.569&lmt=1773551043173599&mt=1773925054&fvip=5&keepalive=yes&fexp=51565115%2C51565682%2C51791334&c=ANDROID_VR&txp=3308224&sparams=expire%2Cei%2Cip%2Cid%2Citag%2Csource%2Crequiressl%2Cxpc%2Cbui%2Cspc%2Cvprv%2Csvpuc%2Cmime%2Crqh%2Cgir%2Cclen%2Cdur%2Clmt&sig=AHEqNM4wRgIhAMl_np9ir8HDv-9m8pC8qsfMbH0N2hFCwBDbtVGrJqTlAiEArvklxhvO0DEzV5R2KpyY0pgWBJ_iK2ezj6vZRTGfJQQ%3D&lsparams=cps%2Cmet%2Cmh%2Cmm%2Cmn%2Cms%2Cmv%2Cmvi%2Cpl%2Crms%2Cinitcwndbps&lsig=APaTxxMwRgIhAMH6gh9f236ggoHub7kNS6c1h3qSp1wPgAH0Tuszzps2AiEA7TAN3swIdMdRi3_mvHpee2qD6Ku5eYp1WEhVkrTxttM%3D -c copy J8DZLaX4Zt4.mp4
2026-03-19 21:57:49,366 [WARNING] Ctrl+C detected — graceful shutdown requested.
2026-03-19 21:57:49,368 [WARNING] Terminated ffmpeg for J8DZLaX4Zt4 due to Ctrl+C.
2026-03-19 21:57:49,368 [ERROR] ffmpeg failed for J8DZLaX4Zt4 on attempt 2
2026-03-19 21:57:49,368 [WARNING] Moving corrupted file J8DZLaX4Zt4.mp4 -> corrupted\J8DZLaX4Zt4.mp4
2026-03-19 21:57:54,400 [WARNING] Interrupted during download of J8DZLaX4Zt4 — aborting safely.
2026-03-19 21:57:54,402 [INFO] Graceful exit requested before next video.
2026-03-19 21:57:54,402 [INFO] === EXIT ===
2026-03-29 13:49:24,293 [INFO] === START ===
2026-03-29 13:49:26,172 [INFO] yt-dlp.exe verified OK (size=18408128 bytes)
2026-03-29 13:49:26,172 [INFO] Found leftover file C:\hacking\X3M-_xdfCaA.mp4 (id=X3M-_xdfCaA), validating...
2026-03-29 13:49:26,172 [INFO] [ffprobe:X3M-_xdfCaA.mp4] Attempt 1/5
2026-03-29 13:49:26,176 [INFO] RUN ffprobe:X3M-_xdfCaA.mp4: ffprobe -v error -show_entries format=duration -of default=noprint_wrappers=1:nokey=1 C:\hacking\X3M-_xdfCaA.mp4
2026-03-29 13:49:27,842 [INFO] Validation OK for C:\hacking\X3M-_xdfCaA.mp4 (size=2795282, duration=95.27)
2026-03-29 13:49:27,842 [INFO] Leftover file C:\hacking\X3M-_xdfCaA.mp4 seems valid but unknown; leaving in place.
2026-03-29 13:49:27,842 [INFO] Clearing in_progress (J8DZLaX4Zt4) because temp file missing.
2026-03-29 13:49:27,842 [INFO] [playlist:https://www.youtube.com/@SMii7Y-----plays] Attempt 1/5
2026-03-29 13:49:27,842 [INFO] RUN playlist:https://www.youtube.com/@SMii7Y-----plays: C:\Tools\yt-dlp\yt-dlp.exe --dump-json --flat-playlist --extractor-args youtube:skip=dash https://www.youtube.com/@SMii7Y-----plays/videos
2026-03-29 13:49:32,058 [WARNING] [playlist:https://www.youtube.com/@SMii7Y-----plays] Failed (code 1).
2026-03-29 13:49:32,058 [INFO] [playlist:https://www.youtube.com/@SMii7Y-----plays] Retrying in 5 seconds...
2026-03-29 13:49:35,354 [WARNING] Ctrl+C detected — graceful shutdown requested.
2026-03-29 13:49:37,060 [WARNING] [playlist:https://www.youtube.com/@SMii7Y-----plays] Aborting retries due to interrupt.
2026-03-29 13:49:37,060 [INFO] Channel https://www.youtube.com/@SMii7Y-----plays -> 0 videos
2026-03-29 13:49:37,060 [WARNING] [playlist:https://www.youtube.com/@SMii7Yplus] Aborting retries due to interrupt.
2026-03-29 13:49:37,060 [INFO] Channel https://www.youtube.com/@SMii7Yplus -> 0 videos
2026-03-29 13:49:37,060 [WARNING] [playlist:https://www.youtube.com/@SMii7Y] Aborting retries due to interrupt.
2026-03-29 13:49:37,060 [INFO] Channel https://www.youtube.com/@SMii7Y -> 0 videos
2026-03-29 13:49:37,060 [WARNING] [playlist:https://www.youtube.com/@dougdougdoug] Aborting retries due to interrupt.
2026-03-29 13:49:37,060 [INFO] Channel https://www.youtube.com/@dougdougdoug -> 0 videos
2026-03-29 13:49:37,060 [WARNING] [playlist:https://www.youtube.com/@failboat] Aborting retries due to interrupt.
2026-03-29 13:49:37,060 [INFO] Channel https://www.youtube.com/@failboat -> 0 videos
2026-03-29 13:49:37,060 [WARNING] [playlist:https://www.youtube.com/@LetsGameItOut] Aborting retries due to interrupt.
2026-03-29 13:49:37,060 [INFO] Channel https://www.youtube.com/@LetsGameItOut -> 0 videos
2026-03-29 13:49:37,060 [INFO] Queue size: 0
2026-03-29 13:49:37,060 [INFO] === EXIT ===
2026-03-29 13:49:50,444 [INFO] === START ===
2026-03-29 13:49:52,048 [INFO] yt-dlp.exe verified OK (size=18408128 bytes)
2026-03-29 13:49:52,048 [INFO] Found leftover file C:\hacking\X3M-_xdfCaA.mp4 (id=X3M-_xdfCaA), validating...
2026-03-29 13:49:52,048 [INFO] [ffprobe:X3M-_xdfCaA.mp4] Attempt 1/5
2026-03-29 13:49:52,048 [INFO] RUN ffprobe:X3M-_xdfCaA.mp4: ffprobe -v error -show_entries format=duration -of default=noprint_wrappers=1:nokey=1 C:\hacking\X3M-_xdfCaA.mp4
2026-03-29 13:49:52,085 [INFO] Validation OK for C:\hacking\X3M-_xdfCaA.mp4 (size=2795282, duration=95.27)
2026-03-29 13:49:52,085 [INFO] Leftover file C:\hacking\X3M-_xdfCaA.mp4 seems valid but unknown; leaving in place.
2026-03-29 13:49:52,085 [INFO] [playlist:https://www.youtube.com/@SMii7Yplays] Attempt 1/5
2026-03-29 13:49:52,085 [INFO] RUN playlist:https://www.youtube.com/@SMii7Yplays: C:\Tools\yt-dlp\yt-dlp.exe --dump-json --flat-playlist --extractor-args youtube:skip=dash https://www.youtube.com/@SMii7Yplays/videos
2026-03-29 13:49:55,493 [INFO] Channel https://www.youtube.com/@SMii7Yplays -> 2 videos
2026-03-29 13:49:55,493 [INFO] [playlist:https://www.youtube.com/@SMii7Yplus] Attempt 1/5
2026-03-29 13:49:55,493 [INFO] RUN playlist:https://www.youtube.com/@SMii7Yplus: C:\Tools\yt-dlp\yt-dlp.exe --dump-json --flat-playlist --extractor-args youtube:skip=dash https://www.youtube.com/@SMii7Yplus/videos
2026-03-29 13:50:04,939 [INFO] Channel https://www.youtube.com/@SMii7Yplus -> 2 videos
2026-03-29 13:50:04,939 [INFO] [playlist:https://www.youtube.com/@SMii7Y] Attempt 1/5
2026-03-29 13:50:04,939 [INFO] RUN playlist:https://www.youtube.com/@SMii7Y: C:\Tools\yt-dlp\yt-dlp.exe --dump-json --flat-playlist --extractor-args youtube:skip=dash https://www.youtube.com/@SMii7Y/videos
2026-03-29 13:50:29,210 [INFO] Channel https://www.youtube.com/@SMii7Y -> 2 videos
2026-03-29 13:50:29,210 [INFO] [playlist:https://www.youtube.com/@dougdougdoug] Attempt 1/5
2026-03-29 13:50:29,211 [INFO] RUN playlist:https://www.youtube.com/@dougdougdoug: C:\Tools\yt-dlp\yt-dlp.exe --dump-json --flat-playlist --extractor-args youtube:skip=dash https://www.youtube.com/@dougdougdoug/videos
2026-03-29 13:50:33,329 [INFO] Channel https://www.youtube.com/@dougdougdoug -> 2 videos
2026-03-29 13:50:33,330 [INFO] [playlist:https://www.youtube.com/@failboat] Attempt 1/5
2026-03-29 13:50:33,330 [INFO] RUN playlist:https://www.youtube.com/@failboat: C:\Tools\yt-dlp\yt-dlp.exe --dump-json --flat-playlist --extractor-args youtube:skip=dash https://www.youtube.com/@failboat/videos
2026-03-29 13:50:58,787 [INFO] Channel https://www.youtube.com/@failboat -> 2 videos
2026-03-29 13:50:58,788 [INFO] [playlist:https://www.youtube.com/@LetsGameItOut] Attempt 1/5
2026-03-29 13:50:58,788 [INFO] RUN playlist:https://www.youtube.com/@LetsGameItOut: C:\Tools\yt-dlp\yt-dlp.exe --dump-json --flat-playlist --extractor-args youtube:skip=dash https://www.youtube.com/@LetsGameItOut/videos
2026-03-29 13:51:12,818 [INFO] Channel https://www.youtube.com/@LetsGameItOut -> 2 videos
2026-03-29 13:51:12,818 [INFO] Queue size: 12
2026-03-29 13:51:12,818 [INFO] Processing video 6muvq4246k4 (This Fishing Game Put Me in Debt...) from channel SMii7Yplays
2026-03-29 13:51:12,818 [INFO] Starting download for 6muvq4246k4 (This Fishing Game Put Me in Debt...)
2026-03-29 13:51:12,822 [INFO] Download attempt 1/5 for 6muvq4246k4
2026-03-29 13:51:12,822 [INFO] [urls:6muvq4246k4:134+140] Attempt 1/5
2026-03-29 13:51:12,822 [INFO] RUN urls:6muvq4246k4:134+140: C:\Tools\yt-dlp\yt-dlp.exe -g -f 134+140 https://www.youtube.com/watch?v=6muvq4246k4
2026-03-29 13:51:16,267 [INFO] Got URLs for 6muvq4246k4 with format 134+140
2026-03-29 13:51:16,267 [INFO] Starting ffmpeg for 6muvq4246k4: ffmpeg -y -loglevel error -progress pipe:2 -i https://rr1---sn-uxanug5-2xgd.googlevideo.com/videoplayback?expire=1774785076&ei=1L3IaanVHpPd3LUPq--b4Qk&ip=1.159.145.215&id=o-AJV2p-kE1OgelH4a3Kh_op7fqGtXl0hhUR6anX1aIMCm&itag=134&source=youtube&requiressl=yes&xpc=EgVo2aDSNQ%3D%3D&cps=686&met=1774763476%2C&mh=ox&mm=31%2C29&mn=sn-uxanug5-2xgd%2Csn-u1ntq5-52&ms=au%2Crdu&mv=m&mvi=1&pl=17&rms=au%2Cau&initcwndbps=2126250&bui=AUUZDGLU-EPhQ6z-y3XU9he_kpzZ1RJUlnLPVVUDLJ2AwyC5EA8-MuKDihH0Zgbj5NjBVLSLGT2eUtMH&spc=jlWavaQH-x8R4kGVfjKH78-iZWyqYQ8bbZ0rX8jbhBXH&vprv=1&svpuc=1&mime=video%2Fmp4&rqh=1&gir=yes&clen=35822103&dur=2418.599&lmt=1774496598787449&mt=1774763105&fvip=5&keepalive=yes&fexp=51565115%2C51565681&c=ANDROID_VR&txp=4535534&sparams=expire%2Cei%2Cip%2Cid%2Citag%2Csource%2Crequiressl%2Cxpc%2Cbui%2Cspc%2Cvprv%2Csvpuc%2Cmime%2Crqh%2Cgir%2Cclen%2Cdur%2Clmt&sig=AHEqNM4wRgIhAPYMCNWxeKajBkOOslMUDeL0Xh-TH_ofVpWegV6H5wBPAiEAvuJCJlNZ7PUUtf59c18hw4dt_e-nySsWsba5f8DPaCQ%3D&lsparams=cps%2Cmet%2Cmh%2Cmm%2Cmn%2Cms%2Cmv%2Cmvi%2Cpl%2Crms%2Cinitcwndbps&lsig=APaTxxMwRQIhANCwO8sGFECA8Yj6QEu77vTIaSloksdlYtMebyc4RlRCAiA7UKhoaq08wg7sD-u0FDIwhED27MbYsZOHg1rzHYne7w%3D%3D -i https://rr1---sn-uxanug5-2xgd.googlevideo.com/videoplayback?expire=1774785076&ei=1L3IaanVHpPd3LUPq--b4Qk&ip=1.159.145.215&id=o-AJV2p-kE1OgelH4a3Kh_op7fqGtXl0hhUR6anX1aIMCm&itag=140&source=youtube&requiressl=yes&xpc=EgVo2aDSNQ%3D%3D&cps=686&met=1774763476%2C&mh=ox&mm=31%2C29&mn=sn-uxanug5-2xgd%2Csn-u1ntq5-52&ms=au%2Crdu&mv=m&mvi=1&pl=17&rms=au%2Cau&initcwndbps=2126250&bui=AUUZDGLU-EPhQ6z-y3XU9he_kpzZ1RJUlnLPVVUDLJ2AwyC5EA8-MuKDihH0Zgbj5NjBVLSLGT2eUtMH&spc=jlWavaQH-x8R4kGVfjKH78-iZWyqYQ8bbZ0rX8jbhBXH&vprv=1&svpuc=1&xtags=acont%3Doriginal%3Alang%3Den-US&mime=audio%2Fmp4&rqh=1&gir=yes&clen=39144270&dur=2418.660&lmt=1774491449302375&mt=1774763105&fvip=5&keepalive=yes&fexp=51565115%2C51565681&c=ANDROID_VR&txp=4532534&sparams=expire%2Cei%2Cip%2Cid%2Citag%2Csource%2Crequiressl%2Cxpc%2Cbui%2Cspc%2Cvprv%2Csvpuc%2Cxtags%2Cmime%2Crqh%2Cgir%2Cclen%2Cdur%2Clmt&sig=AHEqNM4wRgIhAODT4-UR3qY4nEiPT1vJwo6HJX7H3UPUFsRCbU3xlvcjAiEA6tL8EDw2x5vUWkH-d15hRT0XYizkrg3uiMTyKujLkfA%3D&lsparams=cps%2Cmet%2Cmh%2Cmm%2Cmn%2Cms%2Cmv%2Cmvi%2Cpl%2Crms%2Cinitcwndbps&lsig=APaTxxMwRQIhANCwO8sGFECA8Yj6QEu77vTIaSloksdlYtMebyc4RlRCAiA7UKhoaq08wg7sD-u0FDIwhED27MbYsZOHg1rzHYne7w%3D%3D -c copy 6muvq4246k4.mp4
2026-03-29 14:14:59,145 [INFO] ffmpeg finished for 6muvq4246k4 with code 0
2026-03-29 14:14:59,145 [INFO] [ffprobe:6muvq4246k4.mp4] Attempt 1/5
2026-03-29 14:14:59,147 [INFO] RUN ffprobe:6muvq4246k4.mp4: ffprobe -v error -show_entries format=duration -of default=noprint_wrappers=1:nokey=1 6muvq4246k4.mp4
2026-03-29 14:14:59,199 [INFO] Validation OK for 6muvq4246k4.mp4 (size=76089988, duration=2418.66)
2026-03-29 14:14:59,199 [INFO] Moving 6muvq4246k4.mp4 -> SMii7Yplays\This Fishing Game Put Me in Debt.mp4
2026-03-29 14:14:59,203 [INFO] Download complete for 6muvq4246k4
2026-03-29 14:14:59,203 [INFO] Channel SMii7Yplays cooling down for 30.0 seconds
2026-03-29 14:15:29,206 [INFO] Processing video UKbHSbeCI4w (A Horror Game About Bird Watching) from channel SMii7Yplays
2026-03-29 14:15:29,206 [INFO] Starting download for UKbHSbeCI4w (A Horror Game About Bird Watching)
2026-03-29 14:15:29,206 [INFO] Download attempt 1/5 for UKbHSbeCI4w
2026-03-29 14:15:29,206 [INFO] [urls:UKbHSbeCI4w:134+140] Attempt 1/5
2026-03-29 14:15:29,206 [INFO] RUN urls:UKbHSbeCI4w:134+140: C:\Tools\yt-dlp\yt-dlp.exe -g -f 134+140 https://www.youtube.com/watch?v=UKbHSbeCI4w
2026-03-29 14:15:34,483 [INFO] Got URLs for UKbHSbeCI4w with format 134+140
2026-03-29 14:15:34,483 [INFO] Starting ffmpeg for UKbHSbeCI4w: ffmpeg -y -loglevel error -progress pipe:2 -i https://rr4---sn-uxanug5-2xg6.googlevideo.com/videoplayback?expire=1774786534&ei=hsPIace6Ip31z7sPr6CCwQY&ip=1.159.145.215&id=o-AFpH9PzFAZcUdx8HDnhj_8-uc1SEnoW4w4qkia1v64no&itag=134&source=youtube&requiressl=yes&xpc=EgVo2aDSNQ%3D%3D&cps=486&met=1774764934%2C&mh=8s&mm=31%2C29&mn=sn-uxanug5-2xg6%2Csn-ntq7yned&ms=au%2Crdu&mv=m&mvi=4&pcm2cms=yes&pl=17&rms=au%2Cau&initcwndbps=2096250&bui=AUUZDGIinkzzJMwED-aQj9lKRltpQWI6yK4PGFs6tigBWhggGsF7wa3wwCB1T5CJJ44u-YNyCgSZH1Ih&spc=jlWavcdyPGhDNJcBluwtRaI1iXdUZzNAZAzRtV-B3JX6&vprv=1&svpuc=1&mime=video%2Fmp4&rqh=1&gir=yes&clen=147933539&dur=6130.266&lmt=1773952151708817&mt=1774764538&fvip=3&keepalive=yes&fexp=51565116%2C51565681&c=ANDROID_VR&txp=3309224&sparams=expire%2Cei%2Cip%2Cid%2Citag%2Csource%2Crequiressl%2Cxpc%2Cbui%2Cspc%2Cvprv%2Csvpuc%2Cmime%2Crqh%2Cgir%2Cclen%2Cdur%2Clmt&sig=AHEqNM4wRgIhAIq5NgV8mTRIvunI9cP12VbTDt0dFAwf2Lp5x1azHcS_AiEAhlNbe3JIDTnAe1U41W8UDFgCe7nSajyBR1tNi5x6Oy4%3D&lsparams=cps%2Cmet%2Cmh%2Cmm%2Cmn%2Cms%2Cmv%2Cmvi%2Cpcm2cms%2Cpl%2Crms%2Cinitcwndbps&lsig=APaTxxMwRQIhAMnYJcqJnPLf-MJO9hrS_4CO0S3uHWXfZy6FJNk0xzqbAiAyKtA78DXi_9EcHiN-GG1UEaATjOsaNhz729cPmyAEPw%3D%3D -i https://rr4---sn-uxanug5-2xg6.googlevideo.com/videoplayback?expire=1774786534&ei=hsPIace6Ip31z7sPr6CCwQY&ip=1.159.145.215&id=o-AFpH9PzFAZcUdx8HDnhj_8-uc1SEnoW4w4qkia1v64no&itag=140&source=youtube&requiressl=yes&xpc=EgVo2aDSNQ%3D%3D&cps=486&met=1774764934%2C&mh=8s&mm=31%2C29&mn=sn-uxanug5-2xg6%2Csn-ntq7yned&ms=au%2Crdu&mv=m&mvi=4&pcm2cms=yes&pl=17&rms=au%2Cau&initcwndbps=2096250&bui=AUUZDGIinkzzJMwED-aQj9lKRltpQWI6yK4PGFs6tigBWhggGsF7wa3wwCB1T5CJJ44u-YNyCgSZH1Ih&spc=jlWavcdyPGhDNJcBluwtRaI1iXdUZzNAZAzRtV-B3JX6&vprv=1&svpuc=1&mime=audio%2Fmp4&rqh=1&gir=yes&clen=99213028&dur=6130.299&lmt=1773952209890693&mt=1774764538&fvip=3&keepalive=yes&fexp=51565116%2C51565681&c=ANDROID_VR&txp=3308224&sparams=expire%2Cei%2Cip%2Cid%2Citag%2Csource%2Crequiressl%2Cxpc%2Cbui%2Cspc%2Cvprv%2Csvpuc%2Cmime%2Crqh%2Cgir%2Cclen%2Cdur%2Clmt&sig=AHEqNM4wRQIhAKnKv1ysWWHjOvHhFgr7TrXghvwB550eguUiS5x4ENqRAiBpNKR8XgsRRlFXQA1KeCcTiFzKntfZHdv-g0EvWduZsQ%3D%3D&lsparams=cps%2Cmet%2Cmh%2Cmm%2Cmn%2Cms%2Cmv%2Cmvi%2Cpcm2cms%2Cpl%2Crms%2Cinitcwndbps&lsig=APaTxxMwRQIhAMnYJcqJnPLf-MJO9hrS_4CO0S3uHWXfZy6FJNk0xzqbAiAyKtA78DXi_9EcHiN-GG1UEaATjOsaNhz729cPmyAEPw%3D%3D -c copy UKbHSbeCI4w.mp4
2026-03-29 14:34:13,201 [WARNING] Ctrl+C detected — graceful shutdown requested.
2026-03-29 14:34:13,205 [WARNING] Terminated ffmpeg for UKbHSbeCI4w due to Ctrl+C.
2026-03-29 14:34:13,205 [ERROR] ffmpeg failed for UKbHSbeCI4w on attempt 1
2026-03-29 14:34:13,205 [WARNING] Moving corrupted file UKbHSbeCI4w.mp4 -> corrupted\UKbHSbeCI4w.mp4
2026-03-29 14:34:18,207 [WARNING] Interrupted during download of UKbHSbeCI4w — aborting safely.
2026-03-29 14:34:18,209 [INFO] Graceful exit requested before next video.
2026-03-29 14:34:18,209 [INFO] === EXIT ===
2026-03-29 14:34:23,866 [INFO] === START ===
2026-03-29 14:34:25,461 [INFO] yt-dlp.exe verified OK (size=18408128 bytes)
2026-03-29 14:34:25,461 [INFO] Found leftover file C:\hacking\X3M-_xdfCaA.mp4 (id=X3M-_xdfCaA), validating...
2026-03-29 14:34:25,461 [INFO] [ffprobe:X3M-_xdfCaA.mp4] Attempt 1/5
2026-03-29 14:34:25,461 [INFO] RUN ffprobe:X3M-_xdfCaA.mp4: ffprobe -v error -show_entries format=duration -of default=noprint_wrappers=1:nokey=1 C:\hacking\X3M-_xdfCaA.mp4
2026-03-29 14:34:25,497 [INFO] Validation OK for C:\hacking\X3M-_xdfCaA.mp4 (size=2795282, duration=95.27)
2026-03-29 14:34:25,497 [INFO] Leftover file C:\hacking\X3M-_xdfCaA.mp4 seems valid but unknown; leaving in place.
2026-03-29 14:34:25,497 [INFO] Clearing in_progress (UKbHSbeCI4w) because temp file missing.
2026-03-29 14:34:25,497 [INFO] [playlist:https://www.youtube.com/@SMii7Yplus] Attempt 1/5
2026-03-29 14:34:25,497 [INFO] RUN playlist:https://www.youtube.com/@SMii7Yplus: C:\Tools\yt-dlp\yt-dlp.exe --dump-json --flat-playlist --extractor-args youtube:skip=dash https://www.youtube.com/@SMii7Yplus/videos
2026-03-29 14:34:34,333 [INFO] Channel https://www.youtube.com/@SMii7Yplus -> 2 videos
2026-03-29 14:34:34,333 [INFO] [playlist:https://www.youtube.com/@SMii7Y] Attempt 1/5
2026-03-29 14:34:34,335 [INFO] RUN playlist:https://www.youtube.com/@SMii7Y: C:\Tools\yt-dlp\yt-dlp.exe --dump-json --flat-playlist --extractor-args youtube:skip=dash https://www.youtube.com/@SMii7Y/videos
2026-03-29 14:34:59,927 [INFO] Channel https://www.youtube.com/@SMii7Y -> 2 videos
2026-03-29 14:34:59,927 [INFO] [playlist:https://www.youtube.com/@dougdougdoug] Attempt 1/5
2026-03-29 14:34:59,927 [INFO] RUN playlist:https://www.youtube.com/@dougdougdoug: C:\Tools\yt-dlp\yt-dlp.exe --dump-json --flat-playlist --extractor-args youtube:skip=dash https://www.youtube.com/@dougdougdoug/videos
2026-03-29 14:35:03,907 [INFO] Channel https://www.youtube.com/@dougdougdoug -> 2 videos
2026-03-29 14:35:03,907 [INFO] [playlist:https://www.youtube.com/@failboat] Attempt 1/5
2026-03-29 14:35:03,907 [INFO] RUN playlist:https://www.youtube.com/@failboat: C:\Tools\yt-dlp\yt-dlp.exe --dump-json --flat-playlist --extractor-args youtube:skip=dash https://www.youtube.com/@failboat/videos
2026-03-29 14:35:29,214 [INFO] Channel https://www.youtube.com/@failboat -> 2 videos
2026-03-29 14:35:29,214 [INFO] [playlist:https://www.youtube.com/@LetsGameItOut] Attempt 1/5
2026-03-29 14:35:29,214 [INFO] RUN playlist:https://www.youtube.com/@LetsGameItOut: C:\Tools\yt-dlp\yt-dlp.exe --dump-json --flat-playlist --extractor-args youtube:skip=dash https://www.youtube.com/@LetsGameItOut/videos
2026-03-29 14:35:44,432 [INFO] Channel https://www.youtube.com/@LetsGameItOut -> 2 videos
2026-03-29 14:35:44,432 [INFO] Queue size: 10
2026-03-29 14:35:44,432 [INFO] Processing video MbfTjB-SZPA (We Played A Cursed Train Game) from channel SMii7Yplus
2026-03-29 14:35:44,432 [INFO] Starting download for MbfTjB-SZPA (We Played A Cursed Train Game)
2026-03-29 14:35:44,436 [INFO] Download attempt 1/5 for MbfTjB-SZPA
2026-03-29 14:35:44,436 [INFO] [urls:MbfTjB-SZPA:134+140] Attempt 1/5
2026-03-29 14:35:44,436 [INFO] RUN urls:MbfTjB-SZPA:134+140: C:\Tools\yt-dlp\yt-dlp.exe -g -f 134+140 https://www.youtube.com/watch?v=MbfTjB-SZPA
2026-03-29 14:35:48,084 [INFO] Got URLs for MbfTjB-SZPA with format 134+140
2026-03-29 14:35:48,084 [INFO] Starting ffmpeg for MbfTjB-SZPA: ffmpeg -y -loglevel error -progress pipe:2 -i https://rr3---sn-uxanug5-2xg6.googlevideo.com/videoplayback?expire=1774787748&ei=RMjIafmuGLfb3LUPlpW7SQ&ip=1.159.145.215&id=o-AGGAfXpXx3mWL0q1dAuZvq7_NUU1C-HF7VUfkc7gO2LA&itag=134&source=youtube&requiressl=yes&xpc=EgVo2aDSNQ%3D%3D&cps=612&met=1774766148%2C&mh=Tu&mm=31%2C29&mn=sn-uxanug5-2xg6%2Csn-ntq7yns7&ms=au%2Crdu&mv=m&mvi=3&pl=17&rms=au%2Cau&initcwndbps=2105000&bui=AUUZDGKPjngQsvi3yz4-zsvIx3_lI8qWiVcRyjWZE_pF_Gpd09BUtOAG5apco06AMMnId-1F8bXMQk4k&spc=jlWavY_cUEiwO5bpsXbYezHaUQZYIsbCp7xHRiAxuL63&vprv=1&svpuc=1&mime=video%2Fmp4&rqh=1&gir=yes&clen=27327197&dur=938.466&lmt=1774476808338623&mt=1774765741&fvip=5&keepalive=yes&fexp=51565116%2C51565681&c=ANDROID_VR&txp=4535534&sparams=expire%2Cei%2Cip%2Cid%2Citag%2Csource%2Crequiressl%2Cxpc%2Cbui%2Cspc%2Cvprv%2Csvpuc%2Cmime%2Crqh%2Cgir%2Cclen%2Cdur%2Clmt&sig=AHEqNM4wRQIgPfKgWLrPmvV6S9MH88jae0I1kV0G1REb_hLL4yGf2nQCIQDBlEg553dFtylTiMdC07eggn4y7v-B7A_ZQhYhZF51qw%3D%3D&lsparams=cps%2Cmet%2Cmh%2Cmm%2Cmn%2Cms%2Cmv%2Cmvi%2Cpl%2Crms%2Cinitcwndbps&lsig=APaTxxMwRAIgfuS4-glKscBZhJ7D3XhQW9lNy9ExwzSY6T_rxxVR71sCIAb3mMt52QUiUj-ZtSqRnvHH0KMxSglZ_nWlgC8jgTeO -i https://rr3---sn-uxanug5-2xg6.googlevideo.com/videoplayback?expire=1774787748&ei=RMjIafmuGLfb3LUPlpW7SQ&ip=1.159.145.215&id=o-AGGAfXpXx3mWL0q1dAuZvq7_NUU1C-HF7VUfkc7gO2LA&itag=140&source=youtube&requiressl=yes&xpc=EgVo2aDSNQ%3D%3D&cps=612&met=1774766148%2C&mh=Tu&mm=31%2C29&mn=sn-uxanug5-2xg6%2Csn-ntq7yns7&ms=au%2Crdu&mv=m&mvi=3&pl=17&rms=au%2Cau&initcwndbps=2105000&bui=AUUZDGKPjngQsvi3yz4-zsvIx3_lI8qWiVcRyjWZE_pF_Gpd09BUtOAG5apco06AMMnId-1F8bXMQk4k&spc=jlWavY_cUEiwO5bpsXbYezHaUQZYIsbCp7xHRiAxuL63&vprv=1&svpuc=1&mime=audio%2Fmp4&rqh=1&gir=yes&clen=15189895&dur=938.527&lmt=1774473487861245&mt=1774765741&fvip=5&keepalive=yes&fexp=51565116%2C51565681&c=ANDROID_VR&txp=4532534&sparams=expire%2Cei%2Cip%2Cid%2Citag%2Csource%2Crequiressl%2Cxpc%2Cbui%2Cspc%2Cvprv%2Csvpuc%2Cmime%2Crqh%2Cgir%2Cclen%2Cdur%2Clmt&sig=AHEqNM4wRQIhAMwNmMz7RSnqesVue-yVNqWKLHZoAJlCX5GPPGkb4iR2AiBkwYQNQnr5TPNJz6T5hmTZJ9YpGixTbjPmn47513MvfQ%3D%3D&lsparams=cps%2Cmet%2Cmh%2Cmm%2Cmn%2Cms%2Cmv%2Cmvi%2Cpl%2Crms%2Cinitcwndbps&lsig=APaTxxMwRAIgfuS4-glKscBZhJ7D3XhQW9lNy9ExwzSY6T_rxxVR71sCIAb3mMt52QUiUj-ZtSqRnvHH0KMxSglZ_nWlgC8jgTeO -c copy MbfTjB-SZPA.mp4
2026-03-29 14:44:59,026 [INFO] ffmpeg finished for MbfTjB-SZPA with code 0
2026-03-29 14:44:59,030 [INFO] [ffprobe:MbfTjB-SZPA.mp4] Attempt 1/5
2026-03-29 14:44:59,030 [INFO] RUN ffprobe:MbfTjB-SZPA.mp4: ffprobe -v error -show_entries format=duration -of default=noprint_wrappers=1:nokey=1 MbfTjB-SZPA.mp4
2026-03-29 14:44:59,068 [INFO] Validation OK for MbfTjB-SZPA.mp4 (size=42955379, duration=938.53)
2026-03-29 14:44:59,068 [INFO] Moving MbfTjB-SZPA.mp4 -> SMii7Yplus\We Played A Cursed Train Game.mp4
2026-03-29 14:44:59,072 [INFO] Download complete for MbfTjB-SZPA
2026-03-29 14:44:59,072 [INFO] Channel SMii7Yplus cooling down for 30.0 seconds
2026-03-29 14:45:29,075 [INFO] Processing video T1bkODfxhJs (YAPYAP got even funnier...) from channel SMii7Yplus
2026-03-29 14:45:29,075 [INFO] Starting download for T1bkODfxhJs (YAPYAP got even funnier...)
2026-03-29 14:45:29,076 [INFO] Download attempt 1/5 for T1bkODfxhJs
2026-03-29 14:45:29,076 [INFO] [urls:T1bkODfxhJs:134+140] Attempt 1/5
2026-03-29 14:45:29,076 [INFO] RUN urls:T1bkODfxhJs:134+140: C:\Tools\yt-dlp\yt-dlp.exe -g -f 134+140 https://www.youtube.com/watch?v=T1bkODfxhJs
2026-03-29 14:45:32,908 [INFO] Got URLs for T1bkODfxhJs with format 134+140
2026-03-29 14:45:32,908 [INFO] Starting ffmpeg for T1bkODfxhJs: ffmpeg -y -loglevel error -progress pipe:2 -i https://rr5---sn-uxanug5-2xgd.googlevideo.com/videoplayback?expire=1774788333&ei=jcrIaauDDrOg3LUPzI600Qs&ip=1.159.145.215&id=o-ABHeFAYM_GD_wNaS7Zv4MyEpWqEdbbY89ObBVqPpGw3Q&itag=134&source=youtube&requiressl=yes&xpc=EgVo2aDSNQ%3D%3D&cps=513&met=1774766733%2C&mh=yh&mm=31%2C29&mn=sn-uxanug5-2xgd%2Csn-hxa76n7s&ms=au%2Crdu&mv=m&mvi=5&pl=17&rms=au%2Cau&pcm2=no&initcwndbps=2040000&bui=AUUZDGK9pi4vmvBb6OnJRaFcXo_Z4xolNLT5n10_D8amGDSlJhh_W7ad0vLJJa0dgwvAEIbYlMcSkF4q&spc=jlWavRGdbJ8-wHo9MZGzP-w3AG-t802PoCpnUSKhEHG0&vprv=1&svpuc=1&mime=video%2Fmp4&rqh=1&gir=yes&clen=65949204&dur=1444.666&lmt=1774321006039160&mt=1774766471&fvip=2&keepalive=yes&fexp=51565115%2C51565682&c=ANDROID_VR&txp=4535534&sparams=expire%2Cei%2Cip%2Cid%2Citag%2Csource%2Crequiressl%2Cxpc%2Cpcm2%2Cbui%2Cspc%2Cvprv%2Csvpuc%2Cmime%2Crqh%2Cgir%2Cclen%2Cdur%2Clmt&sig=AHEqNM4wRgIhAIHtGvH5gM9ZUUt_a8KMRZUQ3Hnr7hBJNTMu4P0gbfT9AiEAqoEWPBoFWtGE8MUIW3vXVflOIyo6i-e_44xWXZdO1-Q%3D&lsparams=cps%2Cmet%2Cmh%2Cmm%2Cmn%2Cms%2Cmv%2Cmvi%2Cpl%2Crms%2Cinitcwndbps&lsig=APaTxxMwRgIhAKB17H3Z8v9PHYx-EvJLsc8LeW8kXMvUD6FpzvzAb1T-AiEA0Vj0mstmPm4jtsgC7vWcVACdYC1EEknlXox3c8itr10%3D -i https://rr5---sn-uxanug5-2xgd.googlevideo.com/videoplayback?expire=1774788333&ei=jcrIaauDDrOg3LUPzI600Qs&ip=1.159.145.215&id=o-ABHeFAYM_GD_wNaS7Zv4MyEpWqEdbbY89ObBVqPpGw3Q&itag=140&source=youtube&requiressl=yes&xpc=EgVo2aDSNQ%3D%3D&cps=513&met=1774766733%2C&mh=yh&mm=31%2C29&mn=sn-uxanug5-2xgd%2Csn-hxa76n7s&ms=au%2Crdu&mv=m&mvi=5&pl=17&rms=au%2Cau&pcm2=no&initcwndbps=2040000&bui=AUUZDGK9pi4vmvBb6OnJRaFcXo_Z4xolNLT5n10_D8amGDSlJhh_W7ad0vLJJa0dgwvAEIbYlMcSkF4q&spc=jlWavRGdbJ8-wHo9MZGzP-w3AG-t802PoCpnUSKhEHG0&vprv=1&svpuc=1&mime=audio%2Fmp4&rqh=1&gir=yes&clen=23382472&dur=1444.745&lmt=1774306875842286&mt=1774766471&fvip=2&keepalive=yes&fexp=51565115%2C51565682&c=ANDROID_VR&txp=4532534&sparams=expire%2Cei%2Cip%2Cid%2Citag%2Csource%2Crequiressl%2Cxpc%2Cpcm2%2Cbui%2Cspc%2Cvprv%2Csvpuc%2Cmime%2Crqh%2Cgir%2Cclen%2Cdur%2Clmt&sig=AHEqNM4wRgIhAIK4byGBXbDjUn6wJkPn3W6auqcBCjBrbGrUvnX0Au2dAiEAgAXL79wzlEEv70yQEYB4d-Ft3hHLNi7Kt-fPeGrfdMQ%3D&lsparams=cps%2Cmet%2Cmh%2Cmm%2Cmn%2Cms%2Cmv%2Cmvi%2Cpl%2Crms%2Cinitcwndbps&lsig=APaTxxMwRgIhAKB17H3Z8v9PHYx-EvJLsc8LeW8kXMvUD6FpzvzAb1T-AiEA0Vj0mstmPm4jtsgC7vWcVACdYC1EEknlXox3c8itr10%3D -c copy T1bkODfxhJs.mp4
2026-03-29 14:58:16,706 [INFO] ffmpeg finished for T1bkODfxhJs with code 0
2026-03-29 14:58:16,706 [INFO] [ffprobe:T1bkODfxhJs.mp4] Attempt 1/5
2026-03-29 14:58:16,706 [INFO] RUN ffprobe:T1bkODfxhJs.mp4: ffprobe -v error -show_entries format=duration -of default=noprint_wrappers=1:nokey=1 T1bkODfxhJs.mp4
2026-03-29 14:58:16,743 [INFO] Validation OK for T1bkODfxhJs.mp4 (size=90002039, duration=1444.75)
2026-03-29 14:58:16,748 [INFO] Moving T1bkODfxhJs.mp4 -> SMii7Yplus\YAPYAP got even funnier.mp4
2026-03-29 14:58:16,750 [INFO] Download complete for T1bkODfxhJs
2026-03-29 14:58:16,750 [INFO] Processing video ZNFUsVBPck4 (We Found The Best New Basketball Game) from channel SMii7Y
2026-03-29 14:58:16,752 [INFO] Starting download for ZNFUsVBPck4 (We Found The Best New Basketball Game)
2026-03-29 14:58:16,752 [INFO] Download attempt 1/5 for ZNFUsVBPck4
2026-03-29 14:58:16,752 [INFO] [urls:ZNFUsVBPck4:134+140] Attempt 1/5
2026-03-29 14:58:16,752 [INFO] RUN urls:ZNFUsVBPck4:134+140: C:\Tools\yt-dlp\yt-dlp.exe -g -f 134+140 https://www.youtube.com/watch?v=ZNFUsVBPck4
2026-03-29 14:58:20,481 [INFO] Got URLs for ZNFUsVBPck4 with format 134+140
2026-03-29 14:58:20,486 [INFO] Starting ffmpeg for ZNFUsVBPck4: ffmpeg -y -loglevel error -progress pipe:2 -i https://rr5---sn-uxanug5-2xg6.googlevideo.com/videoplayback?expire=1774789100&ei=jM3IaZClLq7t0PoP2safqQo&ip=1.159.145.215&id=o-ALTQzLNHuhb8CH_L9y3mTGahxvdVh6ip9jNOj5gPESxf&itag=134&source=youtube&requiressl=yes&xpc=EgVo2aDSNQ%3D%3D&cps=419&met=1774767500%2C&mh=IJ&mm=31%2C29&mn=sn-uxanug5-2xg6%2Csn-hxa76n7s&ms=au%2Crdu&mv=m&mvi=5&pl=17&rms=au%2Cau&initcwndbps=1956250&bui=AUUZDGKPl62PAbDtL_oBgjPTkBX1_e-qv5P0k8WHByKJyRqPCT8zLEWAorX02gKcb4uIyIecMZWpXiIi&spc=jlWavU17VsctM-yIDXTqKPv0gQX9IW46HwX3A2ji2UyG&vprv=1&svpuc=1&mime=video%2Fmp4&rqh=1&gir=yes&clen=127499666&dur=1877.766&lmt=1774497881025364&mt=1774767189&fvip=5&keepalive=yes&fexp=51565116%2C51565682&c=ANDROID_VR&txp=3309224&sparams=expire%2Cei%2Cip%2Cid%2Citag%2Csource%2Crequiressl%2Cxpc%2Cbui%2Cspc%2Cvprv%2Csvpuc%2Cmime%2Crqh%2Cgir%2Cclen%2Cdur%2Clmt&sig=AHEqNM4wRAIgOWviGwfNM92rGQTenakZGA9dnoCAfaP_Hq8o7vp5CDsCIAYy322NfoGsW0qQwIVlSimJew3QPlH7fnvyZsj1QSRy&lsparams=cps%2Cmet%2Cmh%2Cmm%2Cmn%2Cms%2Cmv%2Cmvi%2Cpl%2Crms%2Cinitcwndbps&lsig=APaTxxMwRAIgVIaXxaZ4aF0wjPkJfD3Jar_ueXDPjAEKbFhMkr5SXDcCIEut0X6RtaNNcgtXVXTAXJTHyVt_cFy4C-_wWTIUh84s -i https://rr5---sn-uxanug5-2xg6.googlevideo.com/videoplayback?expire=1774789100&ei=jM3IaZClLq7t0PoP2safqQo&ip=1.159.145.215&id=o-ALTQzLNHuhb8CH_L9y3mTGahxvdVh6ip9jNOj5gPESxf&itag=140&source=youtube&requiressl=yes&xpc=EgVo2aDSNQ%3D%3D&cps=419&met=1774767500%2C&mh=IJ&mm=31%2C29&mn=sn-uxanug5-2xg6%2Csn-hxa76n7s&ms=au%2Crdu&mv=m&mvi=5&pl=17&rms=au%2Cau&initcwndbps=1956250&bui=AUUZDGKPl62PAbDtL_oBgjPTkBX1_e-qv5P0k8WHByKJyRqPCT8zLEWAorX02gKcb4uIyIecMZWpXiIi&spc=jlWavU17VsctM-yIDXTqKPv0gQX9IW46HwX3A2ji2UyG&vprv=1&svpuc=1&mime=audio%2Fmp4&rqh=1&gir=yes&clen=30391436&dur=1877.820&lmt=1774497820284662&mt=1774767189&fvip=5&keepalive=yes&fexp=51565116%2C51565682&c=ANDROID_VR&txp=3308224&sparams=expire%2Cei%2Cip%2Cid%2Citag%2Csource%2Crequiressl%2Cxpc%2Cbui%2Cspc%2Cvprv%2Csvpuc%2Cmime%2Crqh%2Cgir%2Cclen%2Cdur%2Clmt&sig=AHEqNM4wRAIgXOphrd4denbMkWPnHurEzHxw39wBX6FeIowNYdAoGwQCIBFzqFEJ0NRisZGp3_xakPj6lQNyUkrEr5yg4CRGKuIZ&lsparams=cps%2Cmet%2Cmh%2Cmm%2Cmn%2Cms%2Cmv%2Cmvi%2Cpl%2Crms%2Cinitcwndbps&lsig=APaTxxMwRAIgVIaXxaZ4aF0wjPkJfD3Jar_ueXDPjAEKbFhMkr5SXDcCIEut0X6RtaNNcgtXVXTAXJTHyVt_cFy4C-_wWTIUh84s -c copy ZNFUsVBPck4.mp4
2026-03-29 15:15:24,658 [INFO] ffmpeg finished for ZNFUsVBPck4 with code 0
2026-03-29 15:15:24,662 [INFO] [ffprobe:ZNFUsVBPck4.mp4] Attempt 1/5
2026-03-29 15:15:24,662 [INFO] RUN ffprobe:ZNFUsVBPck4.mp4: ffprobe -v error -show_entries format=duration -of default=noprint_wrappers=1:nokey=1 ZNFUsVBPck4.mp4
2026-03-29 15:15:24,703 [INFO] Validation OK for ZNFUsVBPck4.mp4 (size=158662121, duration=1877.82)
2026-03-29 15:15:24,703 [INFO] Moving ZNFUsVBPck4.mp4 -> SMii7Y\We Found The Best New Basketball Game.mp4
2026-03-29 15:15:24,707 [INFO] Download complete for ZNFUsVBPck4
2026-03-29 15:15:24,708 [INFO] Channel SMii7Y cooling down for 30.0 seconds
2026-03-29 15:15:54,708 [INFO] Processing video b2el49im8cQ (We Finally Climbed The Backrooms) from channel SMii7Y
2026-03-29 15:15:54,708 [INFO] Starting download for b2el49im8cQ (We Finally Climbed The Backrooms)
2026-03-29 15:15:54,710 [INFO] Download attempt 1/5 for b2el49im8cQ
2026-03-29 15:15:54,710 [INFO] [urls:b2el49im8cQ:134+140] Attempt 1/5
2026-03-29 15:15:54,710 [INFO] RUN urls:b2el49im8cQ:134+140: C:\Tools\yt-dlp\yt-dlp.exe -g -f 134+140 https://www.youtube.com/watch?v=b2el49im8cQ
2026-03-29 15:15:59,909 [INFO] Got URLs for b2el49im8cQ with format 134+140
2026-03-29 15:15:59,909 [INFO] Starting ffmpeg for b2el49im8cQ: ffmpeg -y -loglevel error -progress pipe:2 -i https://rr1---sn-uxanug5-2xg6.googlevideo.com/videoplayback?expire=1774790160&ei=sNHIad6wBb-L9fwPjuHiuQc&ip=1.159.145.215&id=o-AHuetKBIGLXCoJmVl8sbMJJacRDJwAeywgHDuN6Q4l-u&itag=134&source=youtube&requiressl=yes&xpc=EgVo2aDSNQ%3D%3D&cps=550&met=1774768560%2C&mh=yA&mm=31%2C29&mn=sn-uxanug5-2xg6%2Csn-hxa7zn7s&ms=au%2Crdu&mv=m&mvi=1&pcm2cms=yes&pl=17&rms=au%2Cau&initcwndbps=2067500&bui=AUUZDGKa3ZXxp42CPB57kWLa6QVjQjM8sWIFme4KsW_Uw6woQRcLLlGP9wkkoaEHrtjE-bu5QMqtp-Jg&spc=jlWavZXcq5kVsnEx9BjmyH3SMKJhkkSJxc-XcXdSP6W1&vprv=1&svpuc=1&mime=video%2Fmp4&rqh=1&gir=yes&clen=104118090&dur=2249.233&lmt=1774293120062929&mt=1774768148&fvip=3&keepalive=yes&fexp=51565115%2C51565681&c=ANDROID_VR&txp=3309224&sparams=expire%2Cei%2Cip%2Cid%2Citag%2Csource%2Crequiressl%2Cxpc%2Cbui%2Cspc%2Cvprv%2Csvpuc%2Cmime%2Crqh%2Cgir%2Cclen%2Cdur%2Clmt&sig=AHEqNM4wRAIgPbP_zcTES-nfNO0t5O1ZhXNAOsXnQo0uVZFGw6kQ8MoCIBnRIj5MayGkNHJLO1cyxTZnO44J_AZkx-paWpAYXbRG&lsparams=cps%2Cmet%2Cmh%2Cmm%2Cmn%2Cms%2Cmv%2Cmvi%2Cpcm2cms%2Cpl%2Crms%2Cinitcwndbps&lsig=APaTxxMwRQIgWulD5OEk2xxmEO8JPyYralZAOQkcYlYewYXdHseCZb8CIQDpH1IlVk3u8yKzNYbLuQvDATUxo5t2KrM2UVoezxzbMA%3D%3D -i https://rr1---sn-uxanug5-2xg6.googlevideo.com/videoplayback?expire=1774790160&ei=sNHIad6wBb-L9fwPjuHiuQc&ip=1.159.145.215&id=o-AHuetKBIGLXCoJmVl8sbMJJacRDJwAeywgHDuN6Q4l-u&itag=140&source=youtube&requiressl=yes&xpc=EgVo2aDSNQ%3D%3D&cps=550&met=1774768560%2C&mh=yA&mm=31%2C29&mn=sn-uxanug5-2xg6%2Csn-hxa7zn7s&ms=au%2Crdu&mv=m&mvi=1&pcm2cms=yes&pl=17&rms=au%2Cau&initcwndbps=2067500&bui=AUUZDGKa3ZXxp42CPB57kWLa6QVjQjM8sWIFme4KsW_Uw6woQRcLLlGP9wkkoaEHrtjE-bu5QMqtp-Jg&spc=jlWavZXcq5kVsnEx9BjmyH3SMKJhkkSJxc-XcXdSP6W1&vprv=1&svpuc=1&mime=audio%2Fmp4&rqh=1&gir=yes&clen=36402859&dur=2249.247&lmt=1774293136080584&mt=1774768148&fvip=3&keepalive=yes&fexp=51565115%2C51565681&c=ANDROID_VR&txp=3308224&sparams=expire%2Cei%2Cip%2Cid%2Citag%2Csource%2Crequiressl%2Cxpc%2Cbui%2Cspc%2Cvprv%2Csvpuc%2Cmime%2Crqh%2Cgir%2Cclen%2Cdur%2Clmt&sig=AHEqNM4wRAIgNTU8orm-9NFMBpHiN85iGXdeBfaTMaX7Iz3vcs1bhoMCIDbyO0TMZU2udSOJ-eFfc7VodrQRWbwclsqz8V-CvFKd&lsparams=cps%2Cmet%2Cmh%2Cmm%2Cmn%2Cms%2Cmv%2Cmvi%2Cpcm2cms%2Cpl%2Crms%2Cinitcwndbps&lsig=APaTxxMwRQIgWulD5OEk2xxmEO8JPyYralZAOQkcYlYewYXdHseCZb8CIQDpH1IlVk3u8yKzNYbLuQvDATUxo5t2KrM2UVoezxzbMA%3D%3D -c copy b2el49im8cQ.mp4
2026-03-29 15:36:26,815 [INFO] ffmpeg finished for b2el49im8cQ with code 0
2026-03-29 15:36:26,815 [INFO] [ffprobe:b2el49im8cQ.mp4] Attempt 1/5
2026-03-29 15:36:26,815 [INFO] RUN ffprobe:b2el49im8cQ.mp4: ffprobe -v error -show_entries format=duration -of default=noprint_wrappers=1:nokey=1 b2el49im8cQ.mp4
2026-03-29 15:36:26,860 [INFO] Validation OK for b2el49im8cQ.mp4 (size=140414513, duration=2249.23)
2026-03-29 15:36:26,860 [INFO] Moving b2el49im8cQ.mp4 -> SMii7Y\We Finally Climbed The Backrooms.mp4
2026-03-29 15:36:26,866 [INFO] Download complete for b2el49im8cQ
2026-03-29 15:36:26,866 [INFO] Processing video ItQHQIJvF98 (What happens if you tell ChatGPT to make Fortnite 2?) from channel dougdougdoug
2026-03-29 15:36:26,866 [INFO] Starting download for ItQHQIJvF98 (What happens if you tell ChatGPT to make Fortnite 2?)
2026-03-29 15:36:26,869 [INFO] Download attempt 1/5 for ItQHQIJvF98
2026-03-29 15:36:26,869 [INFO] [urls:ItQHQIJvF98:134+140] Attempt 1/5
2026-03-29 15:36:26,869 [INFO] RUN urls:ItQHQIJvF98:134+140: C:\Tools\yt-dlp\yt-dlp.exe -g -f 134+140 https://www.youtube.com/watch?v=ItQHQIJvF98
2026-03-29 15:36:30,696 [INFO] Got URLs for ItQHQIJvF98 with format 134+140
2026-03-29 15:36:30,700 [INFO] Starting ffmpeg for ItQHQIJvF98: ffmpeg -y -loglevel error -progress pipe:2 -i https://rr3---sn-uxanug5-2xg6.googlevideo.com/videoplayback?expire=1774791391&ei=f9bIafDPAdbfssUP-fiquQw&ip=1.159.145.215&id=o-AKcYnUw1XassHtMINrbzC86ZmZh6XuCPG5AIEqj8fUeV&itag=134&source=youtube&requiressl=yes&xpc=EgVo2aDSNQ%3D%3D&cps=530&met=1774769791%2C&mh=ZC&mm=31%2C29&mn=sn-uxanug5-2xg6%2Csn-hxa7zn7s&ms=au%2Crdu&mv=m&mvi=3&pcm2cms=yes&pl=17&rms=au%2Cau&initcwndbps=2136250&bui=AUUZDGLWu4Lzd0T6_omuTpYB6jbnIlRu6joXVJWO41oFdgfgws8VHUD368wZ8H4fzAnG1gshGBA_JGLV&spc=jlWavU_Nc44SLUKjiXBATTpSDRNG5QHPaMuuhK9b6FK4&vprv=1&svpuc=1&mime=video%2Fmp4&rqh=1&gir=yes&clen=41935656&dur=1899.133&lmt=1774399497755024&mt=1774769372&fvip=3&keepalive=yes&fexp=51565116%2C51565681&c=ANDROID_VR&txp=4535534&sparams=expire%2Cei%2Cip%2Cid%2Citag%2Csource%2Crequiressl%2Cxpc%2Cbui%2Cspc%2Cvprv%2Csvpuc%2Cmime%2Crqh%2Cgir%2Cclen%2Cdur%2Clmt&sig=AHEqNM4wRAIgCr0rfmjxr49-PwT1OfcGE8kBwhsP92qXs3hbLI5A1-0CIGvWg4uYfyS83hTaz_2PNQC7M5zgVPLBhry5-uInubik&lsparams=cps%2Cmet%2Cmh%2Cmm%2Cmn%2Cms%2Cmv%2Cmvi%2Cpcm2cms%2Cpl%2Crms%2Cinitcwndbps&lsig=APaTxxMwRgIhAN2brzGUlwRRW1EiGc6W45YmaZTm9oubp0_oMLuJo8fcAiEAhuOQlK5y7tYFuc1BJ5nEyrorFOUhg_SHtF8MzMkzL04%3D -i https://rr3---sn-uxanug5-2xg6.googlevideo.com/videoplayback?expire=1774791391&ei=f9bIafDPAdbfssUP-fiquQw&ip=1.159.145.215&id=o-AKcYnUw1XassHtMINrbzC86ZmZh6XuCPG5AIEqj8fUeV&itag=140&source=youtube&requiressl=yes&xpc=EgVo2aDSNQ%3D%3D&cps=530&met=1774769791%2C&mh=ZC&mm=31%2C29&mn=sn-uxanug5-2xg6%2Csn-hxa7zn7s&ms=au%2Crdu&mv=m&mvi=3&pcm2cms=yes&pl=17&rms=au%2Cau&initcwndbps=2136250&bui=AUUZDGLWu4Lzd0T6_omuTpYB6jbnIlRu6joXVJWO41oFdgfgws8VHUD368wZ8H4fzAnG1gshGBA_JGLV&spc=jlWavU_Nc44SLUKjiXBATTpSDRNG5QHPaMuuhK9b6FK4&vprv=1&svpuc=1&xtags=acont%3Doriginal%3Alang%3Den-US&mime=audio%2Fmp4&rqh=1&gir=yes&clen=30737007&dur=1899.183&lmt=1774384809907024&mt=1774769372&fvip=3&keepalive=yes&fexp=51565116%2C51565681&c=ANDROID_VR&txp=4532534&sparams=expire%2Cei%2Cip%2Cid%2Citag%2Csource%2Crequiressl%2Cxpc%2Cbui%2Cspc%2Cvprv%2Csvpuc%2Cxtags%2Cmime%2Crqh%2Cgir%2Cclen%2Cdur%2Clmt&sig=AHEqNM4wRAIgG504TtbJogZ9l8cyYVRcRp7RPbDDFRtxW08DQM3_cwgCIBzF-HKZUaV1hXR1nqDSPl5PZc2ypf9WZPK4s6S61kWv&lsparams=cps%2Cmet%2Cmh%2Cmm%2Cmn%2Cms%2Cmv%2Cmvi%2Cpcm2cms%2Cpl%2Crms%2Cinitcwndbps&lsig=APaTxxMwRgIhAN2brzGUlwRRW1EiGc6W45YmaZTm9oubp0_oMLuJo8fcAiEAhuOQlK5y7tYFuc1BJ5nEyrorFOUhg_SHtF8MzMkzL04%3D -c copy ItQHQIJvF98.mp4
2026-03-29 15:53:25,161 [INFO] ffmpeg finished for ItQHQIJvF98 with code 0
2026-03-29 15:53:25,161 [INFO] [ffprobe:ItQHQIJvF98.mp4] Attempt 1/5
2026-03-29 15:53:25,161 [INFO] RUN ffprobe:ItQHQIJvF98.mp4: ffprobe -v error -show_entries format=duration -of default=noprint_wrappers=1:nokey=1 ItQHQIJvF98.mp4
2026-03-29 15:53:25,207 [INFO] Validation OK for ItQHQIJvF98.mp4 (size=73323290, duration=1899.18)
2026-03-29 15:53:25,207 [INFO] Moving ItQHQIJvF98.mp4 -> dougdougdoug\What happens if you tell ChatGPT to make Fortnite 2.mp4
2026-03-29 15:53:25,213 [INFO] Download complete for ItQHQIJvF98
2026-03-29 15:53:25,213 [INFO] Skipping already downloaded video RhmRDXRdYFM (I've made 10 years of YouTube videos. Let's rank them.)
2026-03-29 15:53:25,213 [INFO] Processing video ULm2jpMDJ8E (Letting my vengeful Editors control the Video) from channel failboat
2026-03-29 15:53:25,213 [INFO] Starting download for ULm2jpMDJ8E (Letting my vengeful Editors control the Video)
2026-03-29 15:53:25,217 [INFO] Download attempt 1/5 for ULm2jpMDJ8E
2026-03-29 15:53:25,217 [INFO] [urls:ULm2jpMDJ8E:134+140] Attempt 1/5
2026-03-29 15:53:25,217 [INFO] RUN urls:ULm2jpMDJ8E:134+140: C:\Tools\yt-dlp\yt-dlp.exe -g -f 134+140 https://www.youtube.com/watch?v=ULm2jpMDJ8E
2026-03-29 15:53:30,452 [INFO] Got URLs for ULm2jpMDJ8E with format 134+140
2026-03-29 15:53:30,453 [INFO] Starting ffmpeg for ULm2jpMDJ8E: ffmpeg -y -loglevel error -progress pipe:2 -i https://rr1---sn-uxanug5-2xg6.googlevideo.com/videoplayback?expire=1774792410&ei=edrIad3JM9OHjuMPu-PisAo&ip=1.159.145.215&id=o-ANh9J0VwdhYAqfPXReCzjKU155Vqg7aGVQOQbtfWxBga&itag=134&source=youtube&requiressl=yes&xpc=EgVo2aDSNQ%3D%3D&cps=469&met=1774770809%2C&mh=yo&mm=31%2C29&mn=sn-uxanug5-2xg6%2Csn-hxa7zn7s&ms=au%2Crdu&mv=m&mvi=1&pl=17&rms=au%2Cau&initcwndbps=2130000&bui=AUUZDGKCCB8AW_OrBoDUbK5WkVMxDVUw5uR1PGXnYYiTAv0bCZp_pNMIDqV7vLylf5gYTGIdbp6CmCAk&spc=jlWavfbjLq8r2feQDSVSg7t64DNuYI6rVH2flv1HJjBi&vprv=1&svpuc=1&mime=video%2Fmp4&rqh=1&gir=yes&clen=66316975&dur=2503.233&lmt=1774237230611323&mt=1774770309&fvip=4&keepalive=yes&fexp=51565115%2C51565682&c=ANDROID_VR&txp=4535534&sparams=expire%2Cei%2Cip%2Cid%2Citag%2Csource%2Crequiressl%2Cxpc%2Cbui%2Cspc%2Cvprv%2Csvpuc%2Cmime%2Crqh%2Cgir%2Cclen%2Cdur%2Clmt&sig=AHEqNM4wRQIgHRTZ2GNrBNsYvPJhSvaO95J6mWwkDjYXmItKZBF_F6ICIQCas-mp6z-mkrK8vBT3YPmUaddwDv4YDwna7idJJFzdkA%3D%3D&lsparams=cps%2Cmet%2Cmh%2Cmm%2Cmn%2Cms%2Cmv%2Cmvi%2Cpl%2Crms%2Cinitcwndbps&lsig=APaTxxMwRQIhAO4OFTDOL4K7b2TunZzI5Tf3tRywVgjzZQy0ICkNW5-aAiAuDXHYO8LJjh_3nhok_bNAw3Dw57EB7rVo_OAhrVy6Gg%3D%3D -i https://rr1---sn-uxanug5-2xg6.googlevideo.com/videoplayback?expire=1774792410&ei=edrIad3JM9OHjuMPu-PisAo&ip=1.159.145.215&id=o-ANh9J0VwdhYAqfPXReCzjKU155Vqg7aGVQOQbtfWxBga&itag=140&source=youtube&requiressl=yes&xpc=EgVo2aDSNQ%3D%3D&cps=469&met=1774770809%2C&mh=yo&mm=31%2C29&mn=sn-uxanug5-2xg6%2Csn-hxa7zn7s&ms=au%2Crdu&mv=m&mvi=1&pl=17&rms=au%2Cau&initcwndbps=2130000&bui=AUUZDGKCCB8AW_OrBoDUbK5WkVMxDVUw5uR1PGXnYYiTAv0bCZp_pNMIDqV7vLylf5gYTGIdbp6CmCAk&spc=jlWavfbjLq8r2feQDSVSg7t64DNuYI6rVH2flv1HJjBi&vprv=1&svpuc=1&mime=audio%2Fmp4&rqh=1&gir=yes&clen=40513838&dur=2503.273&lmt=1774233701148448&mt=1774770309&fvip=4&keepalive=yes&fexp=51565115%2C51565682&c=ANDROID_VR&txp=4532534&sparams=expire%2Cei%2Cip%2Cid%2Citag%2Csource%2Crequiressl%2Cxpc%2Cbui%2Cspc%2Cvprv%2Csvpuc%2Cmime%2Crqh%2Cgir%2Cclen%2Cdur%2Clmt&sig=AHEqNM4wRQIgLpRAjM-349YofNlgc-sPyylYVvn7ySIjl5EEVstbeX8CIQC2V5QTc8RBmQMcVI1Jvo-jQGh0dVjozJ61exYiN8UIOw%3D%3D&lsparams=cps%2Cmet%2Cmh%2Cmm%2Cmn%2Cms%2Cmv%2Cmvi%2Cpl%2Crms%2Cinitcwndbps&lsig=APaTxxMwRQIhAO4OFTDOL4K7b2TunZzI5Tf3tRywVgjzZQy0ICkNW5-aAiAuDXHYO8LJjh_3nhok_bNAw3Dw57EB7rVo_OAhrVy6Gg%3D%3D -c copy ULm2jpMDJ8E.mp4
2026-03-29 16:17:53,856 [INFO] ffmpeg finished for ULm2jpMDJ8E with code 0
2026-03-29 16:17:53,856 [INFO] [ffprobe:ULm2jpMDJ8E.mp4] Attempt 1/5
2026-03-29 16:17:53,856 [INFO] RUN ffprobe:ULm2jpMDJ8E.mp4: ffprobe -v error -show_entries format=duration -of default=noprint_wrappers=1:nokey=1 ULm2jpMDJ8E.mp4
2026-03-29 16:17:53,905 [INFO] Validation OK for ULm2jpMDJ8E.mp4 (size=107367157, duration=2503.27)
2026-03-29 16:17:53,905 [INFO] Moving ULm2jpMDJ8E.mp4 -> failboat\Letting my vengeful Editors control the Video.mp4
2026-03-29 16:17:53,910 [INFO] Download complete for ULm2jpMDJ8E
2026-03-29 16:17:53,910 [INFO] Channel failboat cooling down for 30.0 seconds
2026-03-29 16:18:23,912 [INFO] Processing video yOk-1OPl02k (The REAL Way to Play Pokopia..) from channel failboat
2026-03-29 16:18:23,912 [INFO] Starting download for yOk-1OPl02k (The REAL Way to Play Pokopia..)
2026-03-29 16:18:23,914 [INFO] Download attempt 1/5 for yOk-1OPl02k
2026-03-29 16:18:23,914 [INFO] [urls:yOk-1OPl02k:134+140] Attempt 1/5
2026-03-29 16:18:23,914 [INFO] RUN urls:yOk-1OPl02k:134+140: C:\Tools\yt-dlp\yt-dlp.exe -g -f 134+140 https://www.youtube.com/watch?v=yOk-1OPl02k
2026-03-29 16:18:28,234 [INFO] Got URLs for yOk-1OPl02k with format 134+140
2026-03-29 16:18:28,234 [INFO] Starting ffmpeg for yOk-1OPl02k: ffmpeg -y -loglevel error -progress pipe:2 -i https://rr4---sn-uxanug5-2xg6.googlevideo.com/videoplayback?expire=1774793908&ei=VODIacDYIbXC4t4Pg-efuQ0&ip=1.159.145.215&id=o-AG_oGNpRM_7DLqOKCyU39pagPkJzXPyi_Mqa1_ODNjTl&itag=134&source=youtube&requiressl=yes&xpc=EgVo2aDSNQ%3D%3D&cps=424&met=1774772308%2C&mh=D1&mm=31%2C29&mn=sn-uxanug5-2xg6%2Csn-ntqe6nee&ms=au%2Crdu&mv=m&mvi=4&pl=17&rms=au%2Cau&initcwndbps=2203750&bui=AUUZDGJ6JeBn60o-Bj186QKcI3UOWslVHHWgu-jAjR6Zf08Nfj-K6XXchdHHceDP5GMe3pXMSbj0hm2S&spc=jlWavWFfIwj2tkGHoSGRwOaWEJZDwzt6lzQ0VDT2bWO_&vprv=1&svpuc=1&mime=video%2Fmp4&rqh=1&gir=yes&clen=50479215&dur=1471.966&lmt=1773625482340539&mt=1774771754&fvip=1&keepalive=yes&fexp=51565116%2C51565681&c=ANDROID_VR&txp=4535534&sparams=expire%2Cei%2Cip%2Cid%2Citag%2Csource%2Crequiressl%2Cxpc%2Cbui%2Cspc%2Cvprv%2Csvpuc%2Cmime%2Crqh%2Cgir%2Cclen%2Cdur%2Clmt&sig=AHEqNM4wRgIhALmN4C55bq_OMylIQTPJHyxYSzZekR_ufcfs0nW9krPjAiEAyWrm6mxggmSfyZaYdZm4kswE3sAMzgsUEInfCXmgftI%3D&lsparams=cps%2Cmet%2Cmh%2Cmm%2Cmn%2Cms%2Cmv%2Cmvi%2Cpl%2Crms%2Cinitcwndbps&lsig=APaTxxMwRgIhAOhorDcEJay3RUYZDhUfkyoT8yz8xuBHjy8hLJXvejBiAiEA_IijvTfwUGYmZ-UQrn2xAeLXzZPXEl8mi9a1pqx5xfo%3D -i https://rr4---sn-uxanug5-2xg6.googlevideo.com/videoplayback?expire=1774793908&ei=VODIacDYIbXC4t4Pg-efuQ0&ip=1.159.145.215&id=o-AG_oGNpRM_7DLqOKCyU39pagPkJzXPyi_Mqa1_ODNjTl&itag=140&source=youtube&requiressl=yes&xpc=EgVo2aDSNQ%3D%3D&cps=424&met=1774772308%2C&mh=D1&mm=31%2C29&mn=sn-uxanug5-2xg6%2Csn-ntqe6nee&ms=au%2Crdu&mv=m&mvi=4&pl=17&rms=au%2Cau&initcwndbps=2203750&bui=AUUZDGJ6JeBn60o-Bj186QKcI3UOWslVHHWgu-jAjR6Zf08Nfj-K6XXchdHHceDP5GMe3pXMSbj0hm2S&spc=jlWavWFfIwj2tkGHoSGRwOaWEJZDwzt6lzQ0VDT2bWO_&vprv=1&svpuc=1&mime=audio%2Fmp4&rqh=1&gir=yes&clen=23824856&dur=1472.052&lmt=1773621124487925&mt=1774771754&fvip=1&keepalive=yes&fexp=51565116%2C51565681&c=ANDROID_VR&txp=4532534&sparams=expire%2Cei%2Cip%2Cid%2Citag%2Csource%2Crequiressl%2Cxpc%2Cbui%2Cspc%2Cvprv%2Csvpuc%2Cmime%2Crqh%2Cgir%2Cclen%2Cdur%2Clmt&sig=AHEqNM4wRAIgPeihMIyLW6h6G0gkrYUQc8nMOiBCBkmWouj0nbM_Xm4CIEpV86i9qCdt_xB1IWpuP-42gUSjyasEi3QmthTZLpqp&lsparams=cps%2Cmet%2Cmh%2Cmm%2Cmn%2Cms%2Cmv%2Cmvi%2Cpl%2Crms%2Cinitcwndbps&lsig=APaTxxMwRgIhAOhorDcEJay3RUYZDhUfkyoT8yz8xuBHjy8hLJXvejBiAiEA_IijvTfwUGYmZ-UQrn2xAeLXzZPXEl8mi9a1pqx5xfo%3D -c copy yOk-1OPl02k.mp4
2026-03-29 16:31:52,287 [INFO] ffmpeg finished for yOk-1OPl02k with code 0
2026-03-29 16:31:52,287 [INFO] [ffprobe:yOk-1OPl02k.mp4] Attempt 1/5
2026-03-29 16:31:52,287 [INFO] RUN ffprobe:yOk-1OPl02k.mp4: ffprobe -v error -show_entries format=duration -of default=noprint_wrappers=1:nokey=1 yOk-1OPl02k.mp4
2026-03-29 16:31:52,333 [INFO] Validation OK for yOk-1OPl02k.mp4 (size=74519150, duration=1471.97)
2026-03-29 16:31:52,333 [INFO] Moving yOk-1OPl02k.mp4 -> failboat\The REAL Way to Play Pokopia.mp4
2026-03-29 16:31:52,333 [INFO] Download complete for yOk-1OPl02k
2026-03-29 16:31:52,337 [INFO] Processing video 802J6OnLBgc (I Beat This Entire Factory Game With Basically No Factory - StarRupture) from channel LetsGameItOut
2026-03-29 16:31:52,337 [INFO] Starting download for 802J6OnLBgc (I Beat This Entire Factory Game With Basically No Factory - StarRupture)
2026-03-29 16:31:52,337 [INFO] Download attempt 1/5 for 802J6OnLBgc
2026-03-29 16:31:52,337 [INFO] [urls:802J6OnLBgc:134+140] Attempt 1/5
2026-03-29 16:31:52,337 [INFO] RUN urls:802J6OnLBgc:134+140: C:\Tools\yt-dlp\yt-dlp.exe -g -f 134+140 https://www.youtube.com/watch?v=802J6OnLBgc
2026-03-29 16:31:57,593 [INFO] Got URLs for 802J6OnLBgc with format 134+140
2026-03-29 16:31:57,593 [INFO] Starting ffmpeg for 802J6OnLBgc: ffmpeg -y -loglevel error -progress pipe:2 -i https://rr5---sn-uxanug5-2xgd.googlevideo.com/videoplayback?expire=1774794717&ei=fePIaYyoOY_O9fwPqOaE6Ag&ip=1.159.145.215&id=o-AKQmA2sop2XnXqTLoMhDCssDykkV_m-nXYwDjsKHsqDv&itag=134&source=youtube&requiressl=yes&xpc=EgVo2aDSNQ%3D%3D&cps=578&met=1774773117%2C&mh=36&mm=31%2C29&mn=sn-uxanug5-2xgd%2Csn-ntqe6n7r&ms=au%2Crdu&mv=m&mvi=5&pl=17&rms=au%2Cau&initcwndbps=2133750&bui=AUUZDGI-SVwQpTyy_ra5_rwGCTjT25dlQ3RVaEnqNTUYJZ5Rq97B5nXOyLVYCwUqMvFksFWLUwnSTF1i&spc=jlWavZ7Js4Kc62f1_aXiidwI3Q3mh6-klj027LR8rL2B&vprv=1&svpuc=1&mime=video%2Fmp4&rqh=1&gir=yes&clen=60378240&dur=1527.599&lmt=1774143408394198&mt=1774772711&fvip=1&keepalive=yes&fexp=51565115%2C51565681&c=ANDROID_VR&txp=4532534&sparams=expire%2Cei%2Cip%2Cid%2Citag%2Csource%2Crequiressl%2Cxpc%2Cbui%2Cspc%2Cvprv%2Csvpuc%2Cmime%2Crqh%2Cgir%2Cclen%2Cdur%2Clmt&sig=AHEqNM4wRQIgcS1KT0YzyIZAG6GJ-sKlzgskBDRBI5ID109oHARO3osCIQD5bq1s3ML-ydqSBas7C2D1TN_Eya_aN3qWBcySbbPkVQ%3D%3D&lsparams=cps%2Cmet%2Cmh%2Cmm%2Cmn%2Cms%2Cmv%2Cmvi%2Cpl%2Crms%2Cinitcwndbps&lsig=APaTxxMwRgIhAOaZebAeAmB2jDrJhXnJHUmxYt-VQwtQF6ba3L6OZK7lAiEAn8EKaDDBi7Zj4WOUYmiQwA7Vh8q7Fr6QcYaW427mA3o%3D -i https://rr5---sn-uxanug5-2xgd.googlevideo.com/videoplayback?expire=1774794717&ei=fePIaYyoOY_O9fwPqOaE6Ag&ip=1.159.145.215&id=o-AKQmA2sop2XnXqTLoMhDCssDykkV_m-nXYwDjsKHsqDv&itag=140&source=youtube&requiressl=yes&xpc=EgVo2aDSNQ%3D%3D&cps=578&met=1774773117%2C&mh=36&mm=31%2C29&mn=sn-uxanug5-2xgd%2Csn-ntqe6n7r&ms=au%2Crdu&mv=m&mvi=5&pl=17&rms=au%2Cau&initcwndbps=2133750&bui=AUUZDGI-SVwQpTyy_ra5_rwGCTjT25dlQ3RVaEnqNTUYJZ5Rq97B5nXOyLVYCwUqMvFksFWLUwnSTF1i&spc=jlWavZ7Js4Kc62f1_aXiidwI3Q3mh6-klj027LR8rL2B&vprv=1&svpuc=1&xtags=acont%3Doriginal%3Alang%3Den-US&mime=audio%2Fmp4&rqh=1&gir=yes&clen=24724864&dur=1527.663&lmt=1773558669593709&mt=1774772711&fvip=1&keepalive=yes&fexp=51565115%2C51565681&c=ANDROID_VR&txp=3308224&sparams=expire%2Cei%2Cip%2Cid%2Citag%2Csource%2Crequiressl%2Cxpc%2Cbui%2Cspc%2Cvprv%2Csvpuc%2Cxtags%2Cmime%2Crqh%2Cgir%2Cclen%2Cdur%2Clmt&sig=AHEqNM4wRQIgehfd4LzqPuB__ws6PqRuYg3s3T89oUo7TMRs9ZF2_HACIQDwofMQG4q8m6NONkJV19RuMhy26IKcKciNYVRxh_uL5g%3D%3D&lsparams=cps%2Cmet%2Cmh%2Cmm%2Cmn%2Cms%2Cmv%2Cmvi%2Cpl%2Crms%2Cinitcwndbps&lsig=APaTxxMwRgIhAOaZebAeAmB2jDrJhXnJHUmxYt-VQwtQF6ba3L6OZK7lAiEAn8EKaDDBi7Zj4WOUYmiQwA7Vh8q7Fr6QcYaW427mA3o%3D -c copy 802J6OnLBgc.mp4
2026-03-29 16:46:16,936 [INFO] ffmpeg finished for 802J6OnLBgc with code 0
2026-03-29 16:46:16,936 [INFO] [ffprobe:802J6OnLBgc.mp4] Attempt 1/5
2026-03-29 16:46:16,936 [INFO] RUN ffprobe:802J6OnLBgc.mp4: ffprobe -v error -show_entries format=duration -of default=noprint_wrappers=1:nokey=1 802J6OnLBgc.mp4
2026-03-29 16:46:16,982 [INFO] Validation OK for 802J6OnLBgc.mp4 (size=85280495, duration=1527.60)
2026-03-29 16:46:16,982 [INFO] Moving 802J6OnLBgc.mp4 -> LetsGameItOut\I Beat This Entire Factory Game With Basically No Factory - StarRupture.mp4
2026-03-29 16:46:16,984 [INFO] Download complete for 802J6OnLBgc
2026-03-29 16:46:16,986 [INFO] Skipping already downloaded video UEQbFC2BIAc (They Asked for a Factory, I Built Them a Chaotic Nightmare - Arknights: Endfield)
2026-03-29 16:46:16,986 [INFO] === EXIT ===
2026-03-31 18:37:32,440 [INFO] === START ===
2026-03-31 18:37:34,164 [INFO] yt-dlp.exe verified OK (size=18408128 bytes)
2026-03-31 18:37:34,165 [INFO] Found leftover file C:\hacking\X3M-_xdfCaA.mp4 (id=X3M-_xdfCaA), validating...
2026-03-31 18:37:34,165 [INFO] [ffprobe:X3M-_xdfCaA.mp4] Attempt 1/5
2026-03-31 18:37:34,165 [INFO] RUN ffprobe:X3M-_xdfCaA.mp4: ffprobe -v error -show_entries format=duration -of default=noprint_wrappers=1:nokey=1 C:\hacking\X3M-_xdfCaA.mp4
2026-03-31 18:37:34,202 [INFO] Validation OK for C:\hacking\X3M-_xdfCaA.mp4 (size=2795282, duration=95.27)
2026-03-31 18:37:34,203 [INFO] Leftover file C:\hacking\X3M-_xdfCaA.mp4 seems valid but unknown; leaving in place.
2026-03-31 18:37:34,203 [INFO] [playlist:https://www.youtube.com/@SMii7Yplus] Attempt 1/5
2026-03-31 18:37:34,203 [INFO] RUN playlist:https://www.youtube.com/@SMii7Yplus: C:\Tools\yt-dlp\yt-dlp.exe --dump-json --flat-playlist --extractor-args youtube:skip=dash https://www.youtube.com/@SMii7Yplus/videos
2026-03-31 18:37:45,326 [INFO] Channel https://www.youtube.com/@SMii7Yplus -> 2 videos
2026-03-31 18:37:45,326 [INFO] [playlist:https://www.youtube.com/@SMii7Y] Attempt 1/5
2026-03-31 18:37:45,326 [INFO] RUN playlist:https://www.youtube.com/@SMii7Y: C:\Tools\yt-dlp\yt-dlp.exe --dump-json --flat-playlist --extractor-args youtube:skip=dash https://www.youtube.com/@SMii7Y/videos
2026-03-31 18:38:17,981 [INFO] Channel https://www.youtube.com/@SMii7Y -> 2 videos
2026-03-31 18:38:17,981 [INFO] [playlist:https://www.youtube.com/@dougdougdoug] Attempt 1/5
2026-03-31 18:38:17,981 [INFO] RUN playlist:https://www.youtube.com/@dougdougdoug: C:\Tools\yt-dlp\yt-dlp.exe --dump-json --flat-playlist --extractor-args youtube:skip=dash https://www.youtube.com/@dougdougdoug/videos
2026-03-31 18:38:22,494 [INFO] Channel https://www.youtube.com/@dougdougdoug -> 2 videos
2026-03-31 18:38:22,495 [INFO] [playlist:https://www.youtube.com/@failboat] Attempt 1/5
2026-03-31 18:38:22,495 [INFO] RUN playlist:https://www.youtube.com/@failboat: C:\Tools\yt-dlp\yt-dlp.exe --dump-json --flat-playlist --extractor-args youtube:skip=dash https://www.youtube.com/@failboat/videos
2026-03-31 18:38:57,121 [INFO] Channel https://www.youtube.com/@failboat -> 2 videos
2026-03-31 18:38:57,123 [INFO] [playlist:https://www.youtube.com/@LetsGameItOut] Attempt 1/5
2026-03-31 18:38:57,123 [INFO] RUN playlist:https://www.youtube.com/@LetsGameItOut: C:\Tools\yt-dlp\yt-dlp.exe --dump-json --flat-playlist --extractor-args youtube:skip=dash https://www.youtube.com/@LetsGameItOut/videos
2026-03-31 18:39:16,681 [INFO] Channel https://www.youtube.com/@LetsGameItOut -> 2 videos
2026-03-31 18:39:16,681 [INFO] [playlist:https://www.youtube.com/@dandingles] Attempt 1/5
2026-03-31 18:39:16,682 [INFO] RUN playlist:https://www.youtube.com/@dandingles: C:\Tools\yt-dlp\yt-dlp.exe --dump-json --flat-playlist --extractor-args youtube:skip=dash https://www.youtube.com/@dandingles/videos
2026-03-31 18:39:20,692 [INFO] Channel https://www.youtube.com/@dandingles -> 2 videos
2026-03-31 18:39:20,692 [INFO] Queue size: 12
2026-03-31 18:39:20,692 [INFO] Skipping already downloaded video MbfTjB-SZPA (We Played A Cursed Train Game)
2026-03-31 18:39:20,693 [INFO] Skipping already downloaded video T1bkODfxhJs (YAPYAP got even funnier...)
2026-03-31 18:39:20,693 [INFO] Processing video zSsTR-vu5ZE (The Most Frustrating Game We've Played This Year) from channel SMii7Y
2026-03-31 18:39:20,693 [INFO] Starting download for zSsTR-vu5ZE (The Most Frustrating Game We've Played This Year)
2026-03-31 18:39:20,694 [INFO] Download attempt 1/5 for zSsTR-vu5ZE
2026-03-31 18:39:20,694 [INFO] [urls:zSsTR-vu5ZE:134+140] Attempt 1/5
2026-03-31 18:39:20,694 [INFO] RUN urls:zSsTR-vu5ZE:134+140: C:\Tools\yt-dlp\yt-dlp.exe -g -f 134+140 https://www.youtube.com/watch?v=zSsTR-vu5ZE
2026-03-31 18:39:25,054 [INFO] Got URLs for zSsTR-vu5ZE with format 134+140
2026-03-31 18:39:25,054 [INFO] Starting ffmpeg for zSsTR-vu5ZE: ffmpeg -y -loglevel error -progress pipe:2 -i https://rr3---sn-uxanug5-2xgd.googlevideo.com/videoplayback?expire=1774975165&ei=XaTLad6eB9OfssUP-dfpiAM&ip=1.159.145.215&id=o-AMKYWXB6RfntuGLNEElKrp2_92bsjn3WE-nV04np60Bg&itag=134&source=youtube&requiressl=yes&xpc=EgVo2aDSNQ%3D%3D&cps=792&met=1774953565%2C&mh=I3&mm=31%2C29&mn=sn-uxanug5-2xgd%2Csn-ajhxac-5c&ms=au%2Crdu&mv=m&mvi=3&pl=17&rms=au%2Cau&initcwndbps=2128750&bui=AUUZDGLQnJJQUQvE_V4eHhSbJrcjh31syF-VaH2kcdUPFD-TNrxQH-Y_GUHT5q7UO6xWiPWq8IIKX4oX&spc=jlWavTMRr6EHViRHKQthKacondPIewN8lEQcEAsUY8dq&vprv=1&svpuc=1&mime=video%2Fmp4&rqh=1&gir=yes&clen=139894738&dur=2459.166&lmt=1774901190418510&mt=1774952990&fvip=3&keepalive=yes&fexp=51565116%2C51565681&c=ANDROID_VR&txp=3309224&sparams=expire%2Cei%2Cip%2Cid%2Citag%2Csource%2Crequiressl%2Cxpc%2Cbui%2Cspc%2Cvprv%2Csvpuc%2Cmime%2Crqh%2Cgir%2Cclen%2Cdur%2Clmt&sig=AHEqNM4wRgIhAKvolsKC7WYUYp-gx1HnrxsY3BfvHrM3WRd39EsGjfQmAiEAr86Vw6thqsW9mUS5OSxCzHzL6exKJeiO-9tuc6mWbEw%3D&lsparams=cps%2Cmet%2Cmh%2Cmm%2Cmn%2Cms%2Cmv%2Cmvi%2Cpl%2Crms%2Cinitcwndbps&lsig=APaTxxMwRQIhAP8CdKBhbzRFlWJ9QvpUEDqZCC62AGnflfgTpmIOHe0nAiB2IOhJSOUUiY6mGJ75MdQ1olAj5wxaUBXEwzNj-d4JGQ%3D%3D -i https://rr3---sn-uxanug5-2xgd.googlevideo.com/videoplayback?expire=1774975165&ei=XaTLad6eB9OfssUP-dfpiAM&ip=1.159.145.215&id=o-AMKYWXB6RfntuGLNEElKrp2_92bsjn3WE-nV04np60Bg&itag=140&source=youtube&requiressl=yes&xpc=EgVo2aDSNQ%3D%3D&cps=792&met=1774953565%2C&mh=I3&mm=31%2C29&mn=sn-uxanug5-2xgd%2Csn-ajhxac-5c&ms=au%2Crdu&mv=m&mvi=3&pl=17&rms=au%2Cau&initcwndbps=2128750&bui=AUUZDGLQnJJQUQvE_V4eHhSbJrcjh31syF-VaH2kcdUPFD-TNrxQH-Y_GUHT5q7UO6xWiPWq8IIKX4oX&spc=jlWavTMRr6EHViRHKQthKacondPIewN8lEQcEAsUY8dq&vprv=1&svpuc=1&mime=audio%2Fmp4&rqh=1&gir=yes&clen=39801069&dur=2459.225&lmt=1774901204039110&mt=1774952990&fvip=3&keepalive=yes&fexp=51565116%2C51565681&c=ANDROID_VR&txp=3308224&sparams=expire%2Cei%2Cip%2Cid%2Citag%2Csource%2Crequiressl%2Cxpc%2Cbui%2Cspc%2Cvprv%2Csvpuc%2Cmime%2Crqh%2Cgir%2Cclen%2Cdur%2Clmt&sig=AHEqNM4wRAIgFhtpRdG6MefSgF0f4EGhUDCFjgOm9FR94Du4CEf8djkCIAYboWYsVDfnF5ukFRda5n-BlS5PUTdRHw_90bWxnkTT&lsparams=cps%2Cmet%2Cmh%2Cmm%2Cmn%2Cms%2Cmv%2Cmvi%2Cpl%2Crms%2Cinitcwndbps&lsig=APaTxxMwRQIhAP8CdKBhbzRFlWJ9QvpUEDqZCC62AGnflfgTpmIOHe0nAiB2IOhJSOUUiY6mGJ75MdQ1olAj5wxaUBXEwzNj-d4JGQ%3D%3D -c copy zSsTR-vu5ZE.mp4
2026-03-31 19:01:48,035 [INFO] ffmpeg finished for zSsTR-vu5ZE with code 0
2026-03-31 19:01:48,035 [INFO] [ffprobe:zSsTR-vu5ZE.mp4] Attempt 1/5
2026-03-31 19:01:48,035 [INFO] RUN ffprobe:zSsTR-vu5ZE.mp4: ffprobe -v error -show_entries format=duration -of default=noprint_wrappers=1:nokey=1 zSsTR-vu5ZE.mp4
2026-03-31 19:01:48,085 [INFO] Validation OK for zSsTR-vu5ZE.mp4 (size=179285713, duration=2459.17)
2026-03-31 19:01:48,085 [INFO] Moving zSsTR-vu5ZE.mp4 -> SMii7Y\The Most Frustrating Game We've Played This Year.mp4
2026-03-31 19:01:48,087 [INFO] Download complete for zSsTR-vu5ZE
2026-03-31 19:01:48,088 [INFO] Skipping already downloaded video ZNFUsVBPck4 (We Found The Best New Basketball Game)
2026-03-31 19:01:48,088 [INFO] Skipping already downloaded video ItQHQIJvF98 (What happens if you tell ChatGPT to make Fortnite 2?)
2026-03-31 19:01:48,088 [INFO] Skipping already downloaded video RhmRDXRdYFM (I've made 10 years of YouTube videos. Let's rank them.)
2026-03-31 19:01:48,089 [INFO] Skipping already downloaded video ULm2jpMDJ8E (Letting my vengeful Editors control the Video)
2026-03-31 19:01:48,089 [INFO] Skipping already downloaded video yOk-1OPl02k (The REAL Way to Play Pokopia..)
2026-03-31 19:01:48,089 [INFO] Skipping already downloaded video 802J6OnLBgc (I Beat This Entire Factory Game With Basically No Factory - StarRupture)
2026-03-31 19:01:48,089 [INFO] Skipping already downloaded video UEQbFC2BIAc (They Asked for a Factory, I Built Them a Chaotic Nightmare - Arknights: Endfield)
2026-03-31 19:01:48,089 [INFO] Processing video aLSW2NRnLw4 (We Made The WORST AI Music Imaginable) from channel dandingles
2026-03-31 19:01:48,089 [INFO] Starting download for aLSW2NRnLw4 (We Made The WORST AI Music Imaginable)
2026-03-31 19:01:48,089 [INFO] Download attempt 1/5 for aLSW2NRnLw4
2026-03-31 19:01:48,089 [INFO] [urls:aLSW2NRnLw4:134+140] Attempt 1/5
2026-03-31 19:01:48,089 [INFO] RUN urls:aLSW2NRnLw4:134+140: C:\Tools\yt-dlp\yt-dlp.exe -g -f 134+140 https://www.youtube.com/watch?v=aLSW2NRnLw4
2026-03-31 19:01:52,910 [INFO] Got URLs for aLSW2NRnLw4 with format 134+140
2026-03-31 19:01:52,910 [INFO] Starting ffmpeg for aLSW2NRnLw4: ffmpeg -y -loglevel error -progress pipe:2 -i https://rr4---sn-uxanug5-2xg6.googlevideo.com/videoplayback?expire=1774976513&ei=oKnLaa34Nozd3LUPodbT4AI&ip=1.159.145.215&id=o-AI9A01F6Oa2CjNDqxkmUZF6ppLoMH0idHUY9HEHYlqhw&itag=134&source=youtube&requiressl=yes&xpc=EgVo2aDSNQ%3D%3D&cps=150&met=1774954912%2C&mh=X0&mm=31%2C29&mn=sn-uxanug5-2xg6%2Csn-hxa7zn7s&ms=au%2Crdu&mv=m&mvi=4&pcm2cms=yes&pl=17&rms=au%2Cau&initcwndbps=2136250&bui=AUUZDGKA-ILQIul4qRB74iRPUtyLQ11E6QLoIZkoaqBLWLYz5JDadfxMYwcA4xeG_Wyq3Ca-auG2Gt41&spc=jlWaveXfnfQ-0FpeCG81ZAMg0iMoKlYlIFNMcgmD7C7x&vprv=1&svpuc=1&mime=video%2Fmp4&rqh=1&gir=yes&clen=64914857&dur=2881.466&lmt=1774770895985593&mt=1774954414&fvip=4&keepalive=yes&fexp=51565115%2C51565681&c=ANDROID_VR&txp=4532534&sparams=expire%2Cei%2Cip%2Cid%2Citag%2Csource%2Crequiressl%2Cxpc%2Cbui%2Cspc%2Cvprv%2Csvpuc%2Cmime%2Crqh%2Cgir%2Cclen%2Cdur%2Clmt&sig=AHEqNM4wRQIhANEnFPzz8AWLEvovZ1F9NvNsVvKBvGMFEluF7FPqSodqAiBu3S9J0-3HHJsIt6C47pbceat-8IVAt5K4GeDDrgaApg%3D%3D&lsparams=cps%2Cmet%2Cmh%2Cmm%2Cmn%2Cms%2Cmv%2Cmvi%2Cpcm2cms%2Cpl%2Crms%2Cinitcwndbps&lsig=APaTxxMwRAIgB4xxj0sWZuhwVDWWH60wBr3yNIFsw8fDzR6V8aCPUywCIHXsVZ_Ue42eivj_xBVGm66WwazY_PZG4wRVmbYz6eBW -i https://rr4---sn-uxanug5-2xg6.googlevideo.com/videoplayback?expire=1774976513&ei=oKnLaa34Nozd3LUPodbT4AI&ip=1.159.145.215&id=o-AI9A01F6Oa2CjNDqxkmUZF6ppLoMH0idHUY9HEHYlqhw&itag=140&source=youtube&requiressl=yes&xpc=EgVo2aDSNQ%3D%3D&cps=150&met=1774954912%2C&mh=X0&mm=31%2C29&mn=sn-uxanug5-2xg6%2Csn-hxa7zn7s&ms=au%2Crdu&mv=m&mvi=4&pcm2cms=yes&pl=17&rms=au%2Cau&initcwndbps=2136250&bui=AUUZDGKA-ILQIul4qRB74iRPUtyLQ11E6QLoIZkoaqBLWLYz5JDadfxMYwcA4xeG_Wyq3Ca-auG2Gt41&spc=jlWaveXfnfQ-0FpeCG81ZAMg0iMoKlYlIFNMcgmD7C7x&vprv=1&svpuc=1&xtags=acont%3Doriginal%3Alang%3Den-US&mime=audio%2Fmp4&rqh=1&gir=yes&clen=46635150&dur=2881.526&lmt=1774760330317476&mt=1774954414&fvip=4&keepalive=yes&fexp=51565115%2C51565681&c=ANDROID_VR&txp=4532534&sparams=expire%2Cei%2Cip%2Cid%2Citag%2Csource%2Crequiressl%2Cxpc%2Cbui%2Cspc%2Cvprv%2Csvpuc%2Cxtags%2Cmime%2Crqh%2Cgir%2Cclen%2Cdur%2Clmt&sig=AHEqNM4wRQIhAKCb4qYDppzL8FLSPG9LlPnmhJYjKjf9_gh2OfryLKdXAiBobFPPwDrKocW3BpU-P-CvLLGDr4ptkmAtXedRyMvk_w%3D%3D&lsparams=cps%2Cmet%2Cmh%2Cmm%2Cmn%2Cms%2Cmv%2Cmvi%2Cpcm2cms%2Cpl%2Crms%2Cinitcwndbps&lsig=APaTxxMwRAIgB4xxj0sWZuhwVDWWH60wBr3yNIFsw8fDzR6V8aCPUywCIHXsVZ_Ue42eivj_xBVGm66WwazY_PZG4wRVmbYz6eBW -c copy aLSW2NRnLw4.mp4
2026-03-31 19:27:33,203 [INFO] ffmpeg finished for aLSW2NRnLw4 with code 0
2026-03-31 19:27:33,203 [INFO] [ffprobe:aLSW2NRnLw4.mp4] Attempt 1/5
2026-03-31 19:27:33,206 [INFO] RUN ffprobe:aLSW2NRnLw4.mp4: ffprobe -v error -show_entries format=duration -of default=noprint_wrappers=1:nokey=1 aLSW2NRnLw4.mp4
2026-03-31 19:27:33,256 [INFO] Validation OK for aLSW2NRnLw4.mp4 (size=112550405, duration=2881.53)
2026-03-31 19:27:33,256 [INFO] Moving aLSW2NRnLw4.mp4 -> dandingles\We Made The WORST AI Music Imaginable.mp4
2026-03-31 19:27:33,260 [INFO] Download complete for aLSW2NRnLw4
2026-03-31 19:27:33,260 [INFO] Channel dandingles cooling down for 30.0 seconds
2026-03-31 19:28:03,262 [INFO] Processing video rwq9UEf1qp8 (Idiots Laugh At ATROCIOUS AI Videos) from channel dandingles
2026-03-31 19:28:03,262 [INFO] Starting download for rwq9UEf1qp8 (Idiots Laugh At ATROCIOUS AI Videos)
2026-03-31 19:28:03,262 [INFO] Download attempt 1/5 for rwq9UEf1qp8
2026-03-31 19:28:03,262 [INFO] [urls:rwq9UEf1qp8:134+140] Attempt 1/5
2026-03-31 19:28:03,262 [INFO] RUN urls:rwq9UEf1qp8:134+140: C:\Tools\yt-dlp\yt-dlp.exe -g -f 134+140 https://www.youtube.com/watch?v=rwq9UEf1qp8
2026-03-31 19:28:07,760 [INFO] Got URLs for rwq9UEf1qp8 with format 134+140
2026-03-31 19:28:07,760 [INFO] Starting ffmpeg for rwq9UEf1qp8: ffmpeg -y -loglevel error -progress pipe:2 -i https://rr3---sn-uxanug5-2xgd.googlevideo.com/videoplayback?expire=1774978087&ei=x6_LaY62OOe24t4Pj_6p-Ak&ip=1.159.145.215&id=o-ALCJ4MDE-Qus4tl3kshRRpEUmOJ_OGu4l7UCwl-vsmIG&itag=134&source=youtube&requiressl=yes&xpc=EgVo2aDSNQ%3D%3D&cps=394&met=1774956487%2C&mh=X1&mm=31%2C29&mn=sn-uxanug5-2xgd%2Csn-ajhxac-5c&ms=au%2Crdu&mv=m&mvi=3&pl=17&rms=au%2Cau&initcwndbps=2076250&bui=AUUZDGKrN6_kbZDFL29tu_LxnX8kAvmFHs1vV-i1gI5W7BFwMfIGMaNTMTugFpw5wYgzSC4tPBEsLGmA&spc=jlWavc2ETXrvJKZFT2iUchDlmb9TFxymg5mIEzBJgsj5&vprv=1&svpuc=1&mime=video%2Fmp4&rqh=1&gir=yes&clen=36936302&dur=1593.399&lmt=1773107481645249&mt=1774956115&fvip=2&keepalive=yes&fexp=51565116%2C51565681&c=ANDROID_VR&txp=4532534&sparams=expire%2Cei%2Cip%2Cid%2Citag%2Csource%2Crequiressl%2Cxpc%2Cbui%2Cspc%2Cvprv%2Csvpuc%2Cmime%2Crqh%2Cgir%2Cclen%2Cdur%2Clmt&sig=AHEqNM4wRQIhANSHx9dK77LRn0TVlxtrrkdLeGOWp0Zh-gNzTG9GjHnFAiA6BgpMeDrjB1UdvzNkAUTJ1Nl0kpgDtWny7c-nDCAjyA%3D%3D&lsparams=cps%2Cmet%2Cmh%2Cmm%2Cmn%2Cms%2Cmv%2Cmvi%2Cpl%2Crms%2Cinitcwndbps&lsig=APaTxxMwRAIgUIdFhTrU0QdGJv7uwuvKFNMN5li2W4ePXrA4DV-DLNQCIGsQ7vhtXaIZXoUNkZjVo7EVhSVLE8-6FzvVI_g5XL8H -i https://rr3---sn-uxanug5-2xgd.googlevideo.com/videoplayback?expire=1774978087&ei=x6_LaY62OOe24t4Pj_6p-Ak&ip=1.159.145.215&id=o-ALCJ4MDE-Qus4tl3kshRRpEUmOJ_OGu4l7UCwl-vsmIG&itag=140&source=youtube&requiressl=yes&xpc=EgVo2aDSNQ%3D%3D&cps=394&met=1774956487%2C&mh=X1&mm=31%2C29&mn=sn-uxanug5-2xgd%2Csn-ajhxac-5c&ms=au%2Crdu&mv=m&mvi=3&pl=17&rms=au%2Cau&initcwndbps=2076250&bui=AUUZDGKrN6_kbZDFL29tu_LxnX8kAvmFHs1vV-i1gI5W7BFwMfIGMaNTMTugFpw5wYgzSC4tPBEsLGmA&spc=jlWavc2ETXrvJKZFT2iUchDlmb9TFxymg5mIEzBJgsj5&vprv=1&svpuc=1&xtags=acont%3Doriginal%3Alang%3Den-US&mime=audio%2Fmp4&rqh=1&gir=yes&clen=25789325&dur=1593.469&lmt=1773107224574040&mt=1774956115&fvip=2&keepalive=yes&fexp=51565116%2C51565681&c=ANDROID_VR&txp=4532534&sparams=expire%2Cei%2Cip%2Cid%2Citag%2Csource%2Crequiressl%2Cxpc%2Cbui%2Cspc%2Cvprv%2Csvpuc%2Cxtags%2Cmime%2Crqh%2Cgir%2Cclen%2Cdur%2Clmt&sig=AHEqNM4wRQIhAKtSaq-BE2qbTtz37MUgshtV4iX6Y3VjiEQfzHssIQNQAiAmfEu1vFy18s7V8BVYacqT45Y276rNov4WIAvd0WLUGQ%3D%3D&lsparams=cps%2Cmet%2Cmh%2Cmm%2Cmn%2Cms%2Cmv%2Cmvi%2Cpl%2Crms%2Cinitcwndbps&lsig=APaTxxMwRAIgUIdFhTrU0QdGJv7uwuvKFNMN5li2W4ePXrA4DV-DLNQCIGsQ7vhtXaIZXoUNkZjVo7EVhSVLE8-6FzvVI_g5XL8H -c copy rwq9UEf1qp8.mp4
2026-03-31 19:43:04,198 [INFO] ffmpeg finished for rwq9UEf1qp8 with code 0
2026-03-31 19:43:04,198 [INFO] [ffprobe:rwq9UEf1qp8.mp4] Attempt 1/5
2026-03-31 19:43:04,198 [INFO] RUN ffprobe:rwq9UEf1qp8.mp4: ffprobe -v error -show_entries format=duration -of default=noprint_wrappers=1:nokey=1 rwq9UEf1qp8.mp4
2026-03-31 19:43:04,244 [INFO] Validation OK for rwq9UEf1qp8.mp4 (size=63473546, duration=1593.47)
2026-03-31 19:43:04,246 [INFO] Moving rwq9UEf1qp8.mp4 -> dandingles\Idiots Laugh At ATROCIOUS AI Videos.mp4
2026-03-31 19:43:04,247 [INFO] Download complete for rwq9UEf1qp8
2026-03-31 19:43:04,247 [INFO] === EXIT ===
2026-04-01 16:02:41,154 [INFO] === START ===
2026-04-01 16:02:42,939 [INFO] yt-dlp.exe verified OK (size=18408128 bytes)
2026-04-01 16:02:42,939 [INFO] Found leftover file C:\hacking\X3M-_xdfCaA.mp4 (id=X3M-_xdfCaA), validating...
2026-04-01 16:02:42,939 [INFO] [ffprobe:X3M-_xdfCaA.mp4] Attempt 1/5
2026-04-01 16:02:42,939 [INFO] RUN ffprobe:X3M-_xdfCaA.mp4: ffprobe -v error -show_entries format=duration -of default=noprint_wrappers=1:nokey=1 C:\hacking\X3M-_xdfCaA.mp4
2026-04-01 16:02:42,993 [INFO] Validation OK for C:\hacking\X3M-_xdfCaA.mp4 (size=2795282, duration=95.27)
2026-04-01 16:02:42,993 [INFO] Leftover file C:\hacking\X3M-_xdfCaA.mp4 seems valid but unknown; leaving in place.
2026-04-01 16:02:42,993 [INFO] [playlist:https://www.youtube.com/@SMii7Yplus] Attempt 1/5
2026-04-01 16:02:42,993 [INFO] RUN playlist:https://www.youtube.com/@SMii7Yplus: C:\Tools\yt-dlp\yt-dlp.exe --dump-json --flat-playlist --extractor-args youtube:skip=dash https://www.youtube.com/@SMii7Yplus/videos
2026-04-01 16:02:53,005 [INFO] Channel https://www.youtube.com/@SMii7Yplus -> 2 videos
2026-04-01 16:02:53,005 [INFO] [playlist:https://www.youtube.com/@SMii7Y] Attempt 1/5
2026-04-01 16:02:53,005 [INFO] RUN playlist:https://www.youtube.com/@SMii7Y: C:\Tools\yt-dlp\yt-dlp.exe --dump-json --flat-playlist --extractor-args youtube:skip=dash https://www.youtube.com/@SMii7Y/videos
2026-04-01 16:03:23,083 [INFO] Channel https://www.youtube.com/@SMii7Y -> 2 videos
2026-04-01 16:03:23,083 [INFO] [playlist:https://www.youtube.com/@dougdougdoug] Attempt 1/5
2026-04-01 16:03:23,083 [INFO] RUN playlist:https://www.youtube.com/@dougdougdoug: C:\Tools\yt-dlp\yt-dlp.exe --dump-json --flat-playlist --extractor-args youtube:skip=dash https://www.youtube.com/@dougdougdoug/videos
2026-04-01 16:03:28,019 [INFO] Channel https://www.youtube.com/@dougdougdoug -> 2 videos
2026-04-01 16:03:28,019 [INFO] [playlist:https://www.youtube.com/@failboat] Attempt 1/5
2026-04-01 16:03:28,019 [INFO] RUN playlist:https://www.youtube.com/@failboat: C:\Tools\yt-dlp\yt-dlp.exe --dump-json --flat-playlist --extractor-args youtube:skip=dash https://www.youtube.com/@failboat/videos
2026-04-01 16:03:59,469 [INFO] Channel https://www.youtube.com/@failboat -> 2 videos
2026-04-01 16:03:59,469 [INFO] [playlist:https://www.youtube.com/@LetsGameItOut] Attempt 1/5
2026-04-01 16:03:59,469 [INFO] RUN playlist:https://www.youtube.com/@LetsGameItOut: C:\Tools\yt-dlp\yt-dlp.exe --dump-json --flat-playlist --extractor-args youtube:skip=dash https://www.youtube.com/@LetsGameItOut/videos
2026-04-01 16:04:16,051 [INFO] Channel https://www.youtube.com/@LetsGameItOut -> 2 videos
2026-04-01 16:04:16,051 [INFO] [playlist:https://www.youtube.com/@dandingles] Attempt 1/5
2026-04-01 16:04:16,051 [INFO] RUN playlist:https://www.youtube.com/@dandingles: C:\Tools\yt-dlp\yt-dlp.exe --dump-json --flat-playlist --extractor-args youtube:skip=dash https://www.youtube.com/@dandingles/videos
2026-04-01 16:04:27,376 [INFO] Channel https://www.youtube.com/@dandingles -> 2 videos
2026-04-01 16:04:27,376 [INFO] [playlist:https://www.youtube.com/@markiplier] Attempt 1/5
2026-04-01 16:04:27,376 [INFO] RUN playlist:https://www.youtube.com/@markiplier: C:\Tools\yt-dlp\yt-dlp.exe --dump-json --flat-playlist --extractor-args youtube:skip=dash https://www.youtube.com/@markiplier/videos
2026-04-01 16:06:48,394 [INFO] Channel https://www.youtube.com/@markiplier -> 2 videos
2026-04-01 16:06:48,394 [INFO] Queue size: 14
2026-04-01 16:06:48,394 [INFO] Processing video L5E1psfEEfI (Going Over The Top is NOT Fun) from channel SMii7Yplus
2026-04-01 16:06:48,394 [INFO] Starting download for L5E1psfEEfI (Going Over The Top is NOT Fun)
2026-04-01 16:06:48,396 [INFO] Download attempt 1/5 for L5E1psfEEfI
2026-04-01 16:06:48,396 [INFO] [urls:L5E1psfEEfI:134+140] Attempt 1/5
2026-04-01 16:06:48,396 [INFO] RUN urls:L5E1psfEEfI:134+140: C:\Tools\yt-dlp\yt-dlp.exe -g -f 134+140 https://www.youtube.com/watch?v=L5E1psfEEfI
2026-04-01 16:06:52,396 [INFO] Got URLs for L5E1psfEEfI with format 134+140
2026-04-01 16:06:52,396 [INFO] Starting ffmpeg for L5E1psfEEfI: ffmpeg -y -loglevel error -progress pipe:2 -i https://rr3---sn-uxanug5-2xgd.googlevideo.com/videoplayback?expire=1775052412&ei=G9LMaf_-PLja3LUP-dTBqQQ&ip=1.159.145.215&id=o-AFgF_2tpP7RQ8QF-2c4fKgXfsQZke0qmYqcHvNmsHnHg&itag=134&source=youtube&requiressl=yes&xpc=EgVo2aDSNQ%3D%3D&cps=824&met=1775030812%2C&mh=pD&mm=31%2C29&mn=sn-uxanug5-2xgd%2Csn-ajhxac-5c&ms=au%2Crdu&mv=m&mvi=3&pl=17&rms=au%2Cau&initcwndbps=2002500&bui=AUUZDGIInaVIKyQOyR4uG2HWU0lfcavXp0403gvQZikKN2odFS9PAZJQb8B3nhiqh_4Axa4sl6fCc8dW&spc=jlWavV1JNfL8jbbuwhjiSZ8JsBy-WX8AdlxqY3AODg0N&vprv=1&svpuc=1&mime=video%2Fmp4&rqh=1&gir=yes&clen=61622873&dur=1154.599&lmt=1774984816897327&mt=1775030476&fvip=3&keepalive=yes&fexp=51565115%2C51565682&c=ANDROID_VR&txp=3309224&sparams=expire%2Cei%2Cip%2Cid%2Citag%2Csource%2Crequiressl%2Cxpc%2Cbui%2Cspc%2Cvprv%2Csvpuc%2Cmime%2Crqh%2Cgir%2Cclen%2Cdur%2Clmt&sig=AHEqNM4wRgIhAJNg8i-8wTymTczBGkF_rqEsSnnh-Jaym8aaV-lDLEICAiEAsmoU5kvNsuBlaSf9tk5zW10DgeYnhItsBvZEpLshorA%3D&lsparams=cps%2Cmet%2Cmh%2Cmm%2Cmn%2Cms%2Cmv%2Cmvi%2Cpl%2Crms%2Cinitcwndbps&lsig=APaTxxMwRAIgIYgdIQoEWsGZjM4rleiz0pn6KFqFbo-9rt4IVtiKUeYCIHMCtScvsu4OdD2iNVzQMBwZXyfcfv6f8NH-Ba3WOGIW -i https://rr3---sn-uxanug5-2xgd.googlevideo.com/videoplayback?expire=1775052412&ei=G9LMaf_-PLja3LUP-dTBqQQ&ip=1.159.145.215&id=o-AFgF_2tpP7RQ8QF-2c4fKgXfsQZke0qmYqcHvNmsHnHg&itag=140&source=youtube&requiressl=yes&xpc=EgVo2aDSNQ%3D%3D&cps=824&met=1775030812%2C&mh=pD&mm=31%2C29&mn=sn-uxanug5-2xgd%2Csn-ajhxac-5c&ms=au%2Crdu&mv=m&mvi=3&pl=17&rms=au%2Cau&initcwndbps=2002500&bui=AUUZDGIInaVIKyQOyR4uG2HWU0lfcavXp0403gvQZikKN2odFS9PAZJQb8B3nhiqh_4Axa4sl6fCc8dW&spc=jlWavV1JNfL8jbbuwhjiSZ8JsBy-WX8AdlxqY3AODg0N&vprv=1&svpuc=1&mime=audio%2Fmp4&rqh=1&gir=yes&clen=18687657&dur=1154.658&lmt=1774984794853450&mt=1775030476&fvip=3&keepalive=yes&fexp=51565115%2C51565682&c=ANDROID_VR&txp=3308224&sparams=expire%2Cei%2Cip%2Cid%2Citag%2Csource%2Crequiressl%2Cxpc%2Cbui%2Cspc%2Cvprv%2Csvpuc%2Cmime%2Crqh%2Cgir%2Cclen%2Cdur%2Clmt&sig=AHEqNM4wRQIgPdFNCE1yQc3EJX9d_ZBv0tCwEKpL3DVaMWu8z3nAiqYCIQDGa_kgBBCPKHqaq4-TooTRe4oLyUcE8D5kc_jkUyo2kQ%3D%3D&lsparams=cps%2Cmet%2Cmh%2Cmm%2Cmn%2Cms%2Cmv%2Cmvi%2Cpl%2Crms%2Cinitcwndbps&lsig=APaTxxMwRAIgIYgdIQoEWsGZjM4rleiz0pn6KFqFbo-9rt4IVtiKUeYCIHMCtScvsu4OdD2iNVzQMBwZXyfcfv6f8NH-Ba3WOGIW -c copy L5E1psfEEfI.mp4
2026-04-01 16:17:25,072 [INFO] ffmpeg finished for L5E1psfEEfI with code 0
2026-04-01 16:17:25,074 [INFO] [ffprobe:L5E1psfEEfI.mp4] Attempt 1/5
2026-04-01 16:17:25,074 [INFO] RUN ffprobe:L5E1psfEEfI.mp4: ffprobe -v error -show_entries format=duration -of default=noprint_wrappers=1:nokey=1 L5E1psfEEfI.mp4
2026-04-01 16:17:25,114 [INFO] Validation OK for L5E1psfEEfI.mp4 (size=79652444, duration=1154.60)
2026-04-01 16:17:25,114 [INFO] Moving L5E1psfEEfI.mp4 -> SMii7Yplus\Going Over The Top is NOT Fun.mp4
2026-04-01 16:17:25,117 [INFO] Download complete for L5E1psfEEfI
2026-04-01 16:17:25,117 [INFO] Skipping already downloaded video MbfTjB-SZPA (We Played A Cursed Train Game)
2026-04-01 16:17:25,117 [INFO] Skipping already downloaded video zSsTR-vu5ZE (The Most Frustrating Game We've Played This Year)
2026-04-01 16:17:25,117 [INFO] Skipping already downloaded video ZNFUsVBPck4 (We Found The Best New Basketball Game)
2026-04-01 16:17:25,117 [INFO] Skipping already downloaded video ItQHQIJvF98 (What happens if you tell ChatGPT to make Fortnite 2?)
2026-04-01 16:17:25,117 [INFO] Skipping already downloaded video RhmRDXRdYFM (I've made 10 years of YouTube videos. Let's rank them.)
2026-04-01 16:17:25,117 [INFO] Skipping already downloaded video ULm2jpMDJ8E (Letting my vengeful Editors control the Video)
2026-04-01 16:17:25,117 [INFO] Skipping already downloaded video yOk-1OPl02k (The REAL Way to Play Pokopia..)
2026-04-01 16:17:25,121 [INFO] Skipping already downloaded video 802J6OnLBgc (I Beat This Entire Factory Game With Basically No Factory - StarRupture)
2026-04-01 16:17:25,121 [INFO] Skipping already downloaded video UEQbFC2BIAc (They Asked for a Factory, I Built Them a Chaotic Nightmare - Arknights: Endfield)
2026-04-01 16:17:25,121 [INFO] Processing video zitMh_7SfMY (Laughing At Sora 2 One Last Time...) from channel dandingles
2026-04-01 16:17:25,121 [INFO] Starting download for zitMh_7SfMY (Laughing At Sora 2 One Last Time...)
2026-04-01 16:17:25,121 [INFO] Download attempt 1/5 for zitMh_7SfMY
2026-04-01 16:17:25,121 [INFO] [urls:zitMh_7SfMY:134+140] Attempt 1/5
2026-04-01 16:17:25,121 [INFO] RUN urls:zitMh_7SfMY:134+140: C:\Tools\yt-dlp\yt-dlp.exe -g -f 134+140 https://www.youtube.com/watch?v=zitMh_7SfMY
2026-04-01 16:17:29,114 [INFO] Got URLs for zitMh_7SfMY with format 134+140
2026-04-01 16:17:29,114 [INFO] Starting ffmpeg for zitMh_7SfMY: ffmpeg -y -loglevel error -progress pipe:2 -i https://rr2---sn-uxanug5-2xgd.googlevideo.com/videoplayback?expire=1775053048&ei=mNTMadGWK57HssUP1JrAwQk&ip=1.159.145.215&id=o-AC-bVEXLOYgMv5YtfVGQotLd73z3Jwmu5Uuy1oX1UwdA&itag=134&source=youtube&requiressl=yes&xpc=EgVo2aDSNQ%3D%3D&cps=312&met=1775031448%2C&mh=ia&mm=31%2C29&mn=sn-uxanug5-2xgd%2Csn-ajhxac-5c&ms=au%2Crdu&mv=m&mvi=2&pl=17&rms=au%2Cau&initcwndbps=2035000&bui=AUUZDGLcI4XcgOUU087MXihdQcRd_PTlKQH8O10j1uAjIlAdI1RD2LuVIVzHQszD_0sCPsjxvvbu1e1n&spc=jlWavRZiwwU8JHfUvm7UkX20fNIU8xCg4BmA8qnYFlxe&vprv=1&svpuc=1&mime=video%2Fmp4&rqh=1&gir=yes&clen=14360771&dur=648.266&lmt=1775004419983364&mt=1775030946&fvip=3&keepalive=yes&fexp=51565116%2C51565682&c=ANDROID_VR&txp=4432534&sparams=expire%2Cei%2Cip%2Cid%2Citag%2Csource%2Crequiressl%2Cxpc%2Cbui%2Cspc%2Cvprv%2Csvpuc%2Cmime%2Crqh%2Cgir%2Cclen%2Cdur%2Clmt&sig=AHEqNM4wRQIgBp6ncfPTykTqNWbmbFZKZ5jOqhr-3kvvivdMEGBcUQ0CIQDvVCDxiDkUfUfI-RD_POa5jao5yrQ_Q1R8LfJejZYGLg%3D%3D&lsparams=cps%2Cmet%2Cmh%2Cmm%2Cmn%2Cms%2Cmv%2Cmvi%2Cpl%2Crms%2Cinitcwndbps&lsig=APaTxxMwRgIhAJd_4tN0I7yuI5vNNiKhMzRbS5RydOJm0Qv4UB2HQHfNAiEAidqfRP7ZaEiuW5SZBqupv0CAIuCaCSlBDZKNFAKx_H4%3D -i https://rr2---sn-uxanug5-2xgd.googlevideo.com/videoplayback?expire=1775053048&ei=mNTMadGWK57HssUP1JrAwQk&ip=1.159.145.215&id=o-AC-bVEXLOYgMv5YtfVGQotLd73z3Jwmu5Uuy1oX1UwdA&itag=140&source=youtube&requiressl=yes&xpc=EgVo2aDSNQ%3D%3D&cps=312&met=1775031448%2C&mh=ia&mm=31%2C29&mn=sn-uxanug5-2xgd%2Csn-ajhxac-5c&ms=au%2Crdu&mv=m&mvi=2&pl=17&rms=au%2Cau&initcwndbps=2035000&bui=AUUZDGLcI4XcgOUU087MXihdQcRd_PTlKQH8O10j1uAjIlAdI1RD2LuVIVzHQszD_0sCPsjxvvbu1e1n&spc=jlWavRZiwwU8JHfUvm7UkX20fNIU8xCg4BmA8qnYFlxe&vprv=1&svpuc=1&xtags=acont%3Doriginal%3Alang%3Den-US&mime=audio%2Fmp4&rqh=1&gir=yes&clen=10493384&dur=648.324&lmt=1775000205438122&mt=1775030946&fvip=3&keepalive=yes&fexp=51565116%2C51565682&c=ANDROID_VR&txp=4432534&sparams=expire%2Cei%2Cip%2Cid%2Citag%2Csource%2Crequiressl%2Cxpc%2Cbui%2Cspc%2Cvprv%2Csvpuc%2Cxtags%2Cmime%2Crqh%2Cgir%2Cclen%2Cdur%2Clmt&sig=AHEqNM4wRgIhAPGRuSn0ZTVLlQP637MHaMMIYNkXqD9Zl9S3TkTjoqX9AiEApwkDCuCgVXr4eKNDvraSyR0ApB54QY5CktmrNXSJU1Q%3D&lsparams=cps%2Cmet%2Cmh%2Cmm%2Cmn%2Cms%2Cmv%2Cmvi%2Cpl%2Crms%2Cinitcwndbps&lsig=APaTxxMwRgIhAJd_4tN0I7yuI5vNNiKhMzRbS5RydOJm0Qv4UB2HQHfNAiEAidqfRP7ZaEiuW5SZBqupv0CAIuCaCSlBDZKNFAKx_H4%3D -c copy zitMh_7SfMY.mp4
2026-04-01 16:22:54,502 [INFO] ffmpeg finished for zitMh_7SfMY with code 0
2026-04-01 16:22:54,502 [INFO] [ffprobe:zitMh_7SfMY.mp4] Attempt 1/5
2026-04-01 16:22:54,502 [INFO] RUN ffprobe:zitMh_7SfMY.mp4: ffprobe -v error -show_entries format=duration -of default=noprint_wrappers=1:nokey=1 zitMh_7SfMY.mp4
2026-04-01 16:22:54,543 [INFO] Validation OK for zitMh_7SfMY.mp4 (size=25159402, duration=648.32)
2026-04-01 16:22:54,544 [INFO] Moving zitMh_7SfMY.mp4 -> dandingles\Laughing At Sora 2 One Last Time.mp4
2026-04-01 16:22:54,545 [INFO] Download complete for zitMh_7SfMY
2026-04-01 16:22:54,547 [INFO] Skipping already downloaded video aLSW2NRnLw4 (We Made The WORST AI Music Imaginable)
2026-04-01 16:22:54,547 [INFO] Processing video TtGmheVrXUg (LIXIAN'S BEST GAME YET!! | Project Lunky) from channel markiplier
2026-04-01 16:22:54,548 [INFO] Starting download for TtGmheVrXUg (LIXIAN'S BEST GAME YET!! | Project Lunky)
2026-04-01 16:22:54,549 [INFO] Download attempt 1/5 for TtGmheVrXUg
2026-04-01 16:22:54,549 [INFO] [urls:TtGmheVrXUg:134+140] Attempt 1/5
2026-04-01 16:22:54,549 [INFO] RUN urls:TtGmheVrXUg:134+140: C:\Tools\yt-dlp\yt-dlp.exe -g -f 134+140 https://www.youtube.com/watch?v=TtGmheVrXUg
2026-04-01 16:22:58,721 [INFO] Got URLs for TtGmheVrXUg with format 134+140
2026-04-01 16:22:58,721 [INFO] Starting ffmpeg for TtGmheVrXUg: ffmpeg -y -loglevel error -progress pipe:2 -i https://rr2---sn-uxanug5-2xg6.googlevideo.com/videoplayback?expire=1775053378&ei=4tXMac_IFPKu9fwPxa3i6AU&ip=1.159.145.215&id=o-AGYGv40dIAafr6k6MYt8gOGQRVePeRTEmFb2G4qIdhot&itag=134&source=youtube&requiressl=yes&xpc=EgVo2aDSNQ%3D%3D&cps=625&met=1775031778%2C&mh=RQ&mm=31%2C29&mn=sn-uxanug5-2xg6%2Csn-ajhxac-5c&ms=au%2Crdu&mv=m&mvi=2&pl=17&rms=au%2Cau&initcwndbps=2077500&bui=AUUZDGI_5DyfH1LJN7f-OV3noOBu3XAmqDUJRrhu1358TUG9vJfWwe6RF3RWYxHevAecMXVbcYneJWkN&spc=jlWavUw8rjn9X4LsrBZEaXVdGxmkSCMgyNdUKdoRel9k&vprv=1&svpuc=1&mime=video%2Fmp4&rqh=1&gir=yes&clen=181758078&dur=5234.600&lmt=1774891895970952&mt=1775031433&fvip=2&keepalive=yes&fexp=51565115%2C51565682&c=ANDROID_VR&txp=3309224&sparams=expire%2Cei%2Cip%2Cid%2Citag%2Csource%2Crequiressl%2Cxpc%2Cbui%2Cspc%2Cvprv%2Csvpuc%2Cmime%2Crqh%2Cgir%2Cclen%2Cdur%2Clmt&sig=AHEqNM4wRAIgVaCMgATE4XL0oygHVbv-zLfU2IhAD2l8wQdB8WrdafMCIFZBorJO5iFi1YmiZO2XQiAsXfNs0lki2PQUM4C5tK3M&lsparams=cps%2Cmet%2Cmh%2Cmm%2Cmn%2Cms%2Cmv%2Cmvi%2Cpl%2Crms%2Cinitcwndbps&lsig=APaTxxMwRQIhAJ-Ptpt6L56OyJ60H92d-ccj-Sl2uMLH2un2iBpeFhF0AiAnchEGvheCKtC7Fp-f9XhsoSnzvzIp6Sy8AxTR3A1t7Q%3D%3D -i https://rr2---sn-uxanug5-2xg6.googlevideo.com/videoplayback?expire=1775053378&ei=4tXMac_IFPKu9fwPxa3i6AU&ip=1.159.145.215&id=o-AGYGv40dIAafr6k6MYt8gOGQRVePeRTEmFb2G4qIdhot&itag=140&source=youtube&requiressl=yes&xpc=EgVo2aDSNQ%3D%3D&cps=625&met=1775031778%2C&mh=RQ&mm=31%2C29&mn=sn-uxanug5-2xg6%2Csn-ajhxac-5c&ms=au%2Crdu&mv=m&mvi=2&pl=17&rms=au%2Cau&initcwndbps=2077500&bui=AUUZDGI_5DyfH1LJN7f-OV3noOBu3XAmqDUJRrhu1358TUG9vJfWwe6RF3RWYxHevAecMXVbcYneJWkN&spc=jlWavUw8rjn9X4LsrBZEaXVdGxmkSCMgyNdUKdoRel9k&vprv=1&svpuc=1&mime=audio%2Fmp4&rqh=1&gir=yes&clen=84717969&dur=5234.659&lmt=1774892008853932&mt=1775031433&fvip=2&keepalive=yes&fexp=51565115%2C51565682&c=ANDROID_VR&txp=3308224&sparams=expire%2Cei%2Cip%2Cid%2Citag%2Csource%2Crequiressl%2Cxpc%2Cbui%2Cspc%2Cvprv%2Csvpuc%2Cmime%2Crqh%2Cgir%2Cclen%2Cdur%2Clmt&sig=AHEqNM4wRgIhAOrFgbTG0ytUJwu4zi6J86rIYzvVDxBZEzG0diF6RjVrAiEApQ-Cvt5IjXkoOJQq8fGys6ea7y2OB47VUH4su-wyZvM%3D&lsparams=cps%2Cmet%2Cmh%2Cmm%2Cmn%2Cms%2Cmv%2Cmvi%2Cpl%2Crms%2Cinitcwndbps&lsig=APaTxxMwRQIhAJ-Ptpt6L56OyJ60H92d-ccj-Sl2uMLH2un2iBpeFhF0AiAnchEGvheCKtC7Fp-f9XhsoSnzvzIp6Sy8AxTR3A1t7Q%3D%3D -c copy TtGmheVrXUg.mp4
2026-04-01 17:11:38,047 [INFO] ffmpeg finished for TtGmheVrXUg with code 0
2026-04-01 17:11:38,047 [INFO] [ffprobe:TtGmheVrXUg.mp4] Attempt 1/5
2026-04-01 17:11:38,047 [INFO] RUN ffprobe:TtGmheVrXUg.mp4: ffprobe -v error -show_entries format=duration -of default=noprint_wrappers=1:nokey=1 TtGmheVrXUg.mp4
2026-04-01 17:11:38,111 [INFO] Validation OK for TtGmheVrXUg.mp4 (size=267102201, duration=5234.60)
2026-04-01 17:11:38,111 [INFO] Moving TtGmheVrXUg.mp4 -> markiplier\LIXIAN'S BEST GAME YET!!  Project Lunky.mp4
2026-04-01 17:11:38,111 [INFO] Download complete for TtGmheVrXUg
2026-04-01 17:11:38,115 [INFO] Channel markiplier cooling down for 30.0 seconds
2026-04-01 17:12:08,112 [INFO] Processing video 3o7YxST3wN8 (UH OH... | Baby Steps - Part 7) from channel markiplier
2026-04-01 17:12:08,112 [INFO] Starting download for 3o7YxST3wN8 (UH OH... | Baby Steps - Part 7)
2026-04-01 17:12:08,112 [INFO] Download attempt 1/5 for 3o7YxST3wN8
2026-04-01 17:12:08,112 [INFO] [urls:3o7YxST3wN8:134+140] Attempt 1/5
2026-04-01 17:12:08,112 [INFO] RUN urls:3o7YxST3wN8:134+140: C:\Tools\yt-dlp\yt-dlp.exe -g -f 134+140 https://www.youtube.com/watch?v=3o7YxST3wN8
2026-04-01 17:12:12,202 [INFO] Got URLs for 3o7YxST3wN8 with format 134+140
2026-04-01 17:12:12,202 [INFO] Starting ffmpeg for 3o7YxST3wN8: ffmpeg -y -loglevel error -progress pipe:2 -i https://rr1---sn-uxanug5-2xg6.googlevideo.com/videoplayback?expire=1775056331&ei=a-HMaZPYOKyu9fwP__rxkQ4&ip=1.159.145.215&id=o-ALXHZuOQKZxYFKlNpn6RW7OZrRqhOIrgVgfdrqkXh1iQ&itag=134&source=youtube&requiressl=yes&xpc=EgVo2aDSNQ%3D%3D&cps=478&met=1775034731%2C&mh=zH&mm=31%2C29&mn=sn-uxanug5-2xg6%2Csn-hxa76n7z&ms=au%2Crdu&mv=m&mvi=1&pl=17&rms=au%2Cau&initcwndbps=1867500&bui=AUUZDGIW2JhbGM-kM9mN6H6CkLfP9tTgJGoiwffkBdSaX2efsdPkZO6RaOzCOfLCKowaGYELfK3uOyP3&spc=jlWavVWnFukSCD-pDZ3O4I95-fc_tGbGJUvHxVUYjDw9&vprv=1&svpuc=1&mime=video%2Fmp4&rqh=1&gir=yes&clen=124329157&dur=2878.933&lmt=1774403724374526&mt=1775034316&fvip=2&keepalive=yes&fexp=51565115%2C51565681&c=ANDROID_VR&txp=3309224&sparams=expire%2Cei%2Cip%2Cid%2Citag%2Csource%2Crequiressl%2Cxpc%2Cbui%2Cspc%2Cvprv%2Csvpuc%2Cmime%2Crqh%2Cgir%2Cclen%2Cdur%2Clmt&sig=AHEqNM4wRgIhAJpe6JPlDiepfIUwJhdsV05M95uR-bQaeM_N5simL8hGAiEAgSn6sYgcQfIr9IpROIMt0EtK1a_mbYjDB-tamxUcao0%3D&lsparams=cps%2Cmet%2Cmh%2Cmm%2Cmn%2Cms%2Cmv%2Cmvi%2Cpl%2Crms%2Cinitcwndbps&lsig=APaTxxMwRgIhALjXohFNvHtJwcuAptor3zuEqHpY0nLjkCEnud1FyV2AAiEAvfmiVuC-rZ3Wod5dNPeksfKLDBIKVcEob_C7iqoxZB8%3D -i https://rr1---sn-uxanug5-2xg6.googlevideo.com/videoplayback?expire=1775056331&ei=a-HMaZPYOKyu9fwP__rxkQ4&ip=1.159.145.215&id=o-ALXHZuOQKZxYFKlNpn6RW7OZrRqhOIrgVgfdrqkXh1iQ&itag=140&source=youtube&requiressl=yes&xpc=EgVo2aDSNQ%3D%3D&cps=478&met=1775034731%2C&mh=zH&mm=31%2C29&mn=sn-uxanug5-2xg6%2Csn-hxa76n7z&ms=au%2Crdu&mv=m&mvi=1&pl=17&rms=au%2Cau&initcwndbps=1867500&bui=AUUZDGIW2JhbGM-kM9mN6H6CkLfP9tTgJGoiwffkBdSaX2efsdPkZO6RaOzCOfLCKowaGYELfK3uOyP3&spc=jlWavVWnFukSCD-pDZ3O4I95-fc_tGbGJUvHxVUYjDw9&vprv=1&svpuc=1&mime=audio%2Fmp4&rqh=1&gir=yes&clen=46593787&dur=2878.972&lmt=1774403726279012&mt=1775034316&fvip=2&keepalive=yes&fexp=51565115%2C51565681&c=ANDROID_VR&txp=3308224&sparams=expire%2Cei%2Cip%2Cid%2Citag%2Csource%2Crequiressl%2Cxpc%2Cbui%2Cspc%2Cvprv%2Csvpuc%2Cmime%2Crqh%2Cgir%2Cclen%2Cdur%2Clmt&sig=AHEqNM4wRgIhAJjzjOSF5muI_5nyI0sAjrv4gqUMTrxSoG2oDnWBk0V8AiEAw1lYhI_EY8u1osyxXpG3hqiClhKZjTxRD97vlPfVuzM%3D&lsparams=cps%2Cmet%2Cmh%2Cmm%2Cmn%2Cms%2Cmv%2Cmvi%2Cpl%2Crms%2Cinitcwndbps&lsig=APaTxxMwRgIhALjXohFNvHtJwcuAptor3zuEqHpY0nLjkCEnud1FyV2AAiEAvfmiVuC-rZ3Wod5dNPeksfKLDBIKVcEob_C7iqoxZB8%3D -c copy 3o7YxST3wN8.mp4
2026-04-03 19:53:37,141 [INFO] === START ===
2026-04-03 19:53:39,088 [INFO] yt-dlp.exe verified OK (size=18408128 bytes)
2026-04-03 19:53:39,092 [INFO] Found leftover file C:\yt\X3M-_xdfCaA.mp4 (id=X3M-_xdfCaA), validating...
2026-04-03 19:53:39,092 [INFO] [ffprobe:X3M-_xdfCaA.mp4] Attempt 1/5
2026-04-03 19:53:39,092 [INFO] RUN ffprobe:X3M-_xdfCaA.mp4: ffprobe -v error -show_entries format=duration -of default=noprint_wrappers=1:nokey=1 C:\yt\X3M-_xdfCaA.mp4
2026-04-03 19:53:39,227 [INFO] Validation OK for C:\yt\X3M-_xdfCaA.mp4 (size=2795282, duration=95.27)
2026-04-03 19:53:39,227 [INFO] Leftover file C:\yt\X3M-_xdfCaA.mp4 seems valid but unknown; leaving in place.
2026-04-03 19:53:39,227 [INFO] Clearing in_progress (3o7YxST3wN8) because temp file missing.
2026-04-03 19:53:39,230 [INFO] [playlist:https://www.youtube.com/@SMii7Yplus] Attempt 1/5
2026-04-03 19:53:39,230 [INFO] RUN playlist:https://www.youtube.com/@SMii7Yplus: C:\Tools\yt-dlp\yt-dlp.exe --dump-json --flat-playlist --extractor-args youtube:skip=dash https://www.youtube.com/@SMii7Yplus/videos
2026-04-03 19:53:49,055 [INFO] Channel https://www.youtube.com/@SMii7Yplus -> 2 videos
2026-04-03 19:53:49,055 [INFO] [playlist:https://www.youtube.com/@SMii7Y] Attempt 1/5
2026-04-03 19:53:49,055 [INFO] RUN playlist:https://www.youtube.com/@SMii7Y: C:\Tools\yt-dlp\yt-dlp.exe --dump-json --flat-playlist --extractor-args youtube:skip=dash https://www.youtube.com/@SMii7Y/videos
2026-04-03 19:54:15,759 [INFO] Channel https://www.youtube.com/@SMii7Y -> 2 videos
2026-04-03 19:54:15,759 [INFO] [playlist:https://www.youtube.com/@dougdougdoug] Attempt 1/5
2026-04-03 19:54:15,759 [INFO] RUN playlist:https://www.youtube.com/@dougdougdoug: C:\Tools\yt-dlp\yt-dlp.exe --dump-json --flat-playlist --extractor-args youtube:skip=dash https://www.youtube.com/@dougdougdoug/videos
2026-04-03 19:54:20,182 [INFO] Channel https://www.youtube.com/@dougdougdoug -> 2 videos
2026-04-03 19:54:20,182 [INFO] [playlist:https://www.youtube.com/@failboat] Attempt 1/5
2026-04-03 19:54:20,182 [INFO] RUN playlist:https://www.youtube.com/@failboat: C:\Tools\yt-dlp\yt-dlp.exe --dump-json --flat-playlist --extractor-args youtube:skip=dash https://www.youtube.com/@failboat/videos
2026-04-03 19:54:50,498 [INFO] Channel https://www.youtube.com/@failboat -> 2 videos
2026-04-03 19:54:50,498 [INFO] [playlist:https://www.youtube.com/@LetsGameItOut] Attempt 1/5
2026-04-03 19:54:50,498 [INFO] RUN playlist:https://www.youtube.com/@LetsGameItOut: C:\Tools\yt-dlp\yt-dlp.exe --dump-json --flat-playlist --extractor-args youtube:skip=dash https://www.youtube.com/@LetsGameItOut/videos
2026-04-03 19:55:07,863 [INFO] Channel https://www.youtube.com/@LetsGameItOut -> 2 videos
2026-04-03 19:55:07,863 [INFO] [playlist:https://www.youtube.com/@dandingles] Attempt 1/5
2026-04-03 19:55:07,863 [INFO] RUN playlist:https://www.youtube.com/@dandingles: C:\Tools\yt-dlp\yt-dlp.exe --dump-json --flat-playlist --extractor-args youtube:skip=dash https://www.youtube.com/@dandingles/videos
2026-04-03 19:55:11,736 [INFO] Channel https://www.youtube.com/@dandingles -> 2 videos
2026-04-03 19:55:11,736 [INFO] [playlist:https://www.youtube.com/@markiplier] Attempt 1/5
2026-04-03 19:55:11,736 [INFO] RUN playlist:https://www.youtube.com/@markiplier: C:\Tools\yt-dlp\yt-dlp.exe --dump-json --flat-playlist --extractor-args youtube:skip=dash https://www.youtube.com/@markiplier/videos
2026-04-03 19:56:58,812 [INFO] Channel https://www.youtube.com/@markiplier -> 2 videos
2026-04-03 19:56:58,812 [INFO] Queue size: 14
2026-04-03 19:56:58,812 [INFO] Skipping already downloaded video L5E1psfEEfI (Going Over The Top is NOT Fun)
2026-04-03 19:56:58,816 [INFO] Skipping already downloaded video MbfTjB-SZPA (We Played A Cursed Train Game)
2026-04-03 19:56:58,816 [INFO] Skipping already downloaded video zSsTR-vu5ZE (The Most Frustrating Game We've Played This Year)
2026-04-03 19:56:58,816 [INFO] Skipping already downloaded video ZNFUsVBPck4 (We Found The Best New Basketball Game)
2026-04-03 19:56:58,816 [INFO] Skipping already downloaded video ItQHQIJvF98 (What happens if you tell ChatGPT to make Fortnite 2?)
2026-04-03 19:56:58,816 [INFO] Skipping already downloaded video RhmRDXRdYFM (I've made 10 years of YouTube videos. Let's rank them.)
2026-04-03 19:56:58,816 [INFO] Skipping already downloaded video ULm2jpMDJ8E (Letting my vengeful Editors control the Video)
2026-04-03 19:56:58,816 [INFO] Skipping already downloaded video yOk-1OPl02k (The REAL Way to Play Pokopia..)
2026-04-03 19:56:58,816 [INFO] Skipping already downloaded video 802J6OnLBgc (I Beat This Entire Factory Game With Basically No Factory - StarRupture)
2026-04-03 19:56:58,816 [INFO] Skipping already downloaded video UEQbFC2BIAc (They Asked for a Factory, I Built Them a Chaotic Nightmare - Arknights: Endfield)
2026-04-03 19:56:58,816 [INFO] Skipping already downloaded video zitMh_7SfMY (Laughing At Sora 2 One Last Time...)
2026-04-03 19:56:58,816 [INFO] Skipping already downloaded video aLSW2NRnLw4 (We Made The WORST AI Music Imaginable)
2026-04-03 19:56:58,816 [INFO] Processing video HKWlY_vKHEk (SUBSUMED) from channel markiplier
2026-04-03 19:56:58,816 [INFO] Starting download for HKWlY_vKHEk (SUBSUMED)
2026-04-03 19:56:58,820 [INFO] Download attempt 1/5 for HKWlY_vKHEk
2026-04-03 19:56:58,820 [INFO] [urls:HKWlY_vKHEk:134+140] Attempt 1/5
2026-04-03 19:56:58,820 [INFO] RUN urls:HKWlY_vKHEk:134+140: C:\Tools\yt-dlp\yt-dlp.exe -g -f 134+140 https://www.youtube.com/watch?v=HKWlY_vKHEk
2026-04-03 19:57:02,670 [INFO] Got URLs for HKWlY_vKHEk with format 134+140
2026-04-03 19:57:02,670 [INFO] Starting ffmpeg for HKWlY_vKHEk: ffmpeg -y -loglevel error -progress pipe:2 -i https://rr2---sn-uxanug5-2xg6.googlevideo.com/videoplayback?expire=1775239022&ei=DqvPaY-YHOOCjuMP3NeQiQU&ip=1.159.145.215&id=o-AK4tfVccClGpjtrEhR0QJ51bbnEnqXO1-QhnJgiLjSQD&itag=134&source=youtube&requiressl=yes&xpc=EgVo2aDSNQ%3D%3D&cps=938&met=1775217422%2C&mh=r2&mm=31%2C29&mn=sn-uxanug5-2xg6%2Csn-hxa76n7s&ms=au%2Crdu&mv=m&mvi=2&pl=17&rms=au%2Cau&initcwndbps=1917500&bui=AUUZDGJYvbPqpqmkoIl1b8kZlrwrVMfSzO80YGglut7gZcadNiyz9inDEX7osKeW6h3mPmimg4Y4jit5&spc=jlWavT_7xVIRxFZUryAJ6H0JvPOb-fcoSBt30Hs3Okwz&vprv=1&svpuc=1&mime=video%2Fmp4&rqh=1&gir=yes&clen=111533638&dur=2428.566&lmt=1775147464486597&mt=1775217201&fvip=3&keepalive=yes&fexp=51565115%2C51565682&c=ANDROID_VR&txp=3309224&sparams=expire%2Cei%2Cip%2Cid%2Citag%2Csource%2Crequiressl%2Cxpc%2Cbui%2Cspc%2Cvprv%2Csvpuc%2Cmime%2Crqh%2Cgir%2Cclen%2Cdur%2Clmt&sig=AHEqNM4wRgIhAO28tb8AvjCQYiZiZwB1KEjBTBONM3gCwdK1CpwyqbnLAiEAoUxwbcudc2nEfe2Ps3F0S98HXkhcFxWc7aIVv3c3wuQ%3D&lsparams=cps%2Cmet%2Cmh%2Cmm%2Cmn%2Cms%2Cmv%2Cmvi%2Cpl%2Crms%2Cinitcwndbps&lsig=APaTxxMwRAIgRWu550ryBze1zpEXOeILAWgFiaSWTGY2HW1u7-222zACIFWi41n6ZOyC_wKabh334JEB0HC3gpDjrEOY5HtM-smz -i https://rr2---sn-uxanug5-2xg6.googlevideo.com/videoplayback?expire=1775239022&ei=DqvPaY-YHOOCjuMP3NeQiQU&ip=1.159.145.215&id=o-AK4tfVccClGpjtrEhR0QJ51bbnEnqXO1-QhnJgiLjSQD&itag=140&source=youtube&requiressl=yes&xpc=EgVo2aDSNQ%3D%3D&cps=938&met=1775217422%2C&mh=r2&mm=31%2C29&mn=sn-uxanug5-2xg6%2Csn-hxa76n7s&ms=au%2Crdu&mv=m&mvi=2&pl=17&rms=au%2Cau&initcwndbps=1917500&bui=AUUZDGJYvbPqpqmkoIl1b8kZlrwrVMfSzO80YGglut7gZcadNiyz9inDEX7osKeW6h3mPmimg4Y4jit5&spc=jlWavT_7xVIRxFZUryAJ6H0JvPOb-fcoSBt30Hs3Okwz&vprv=1&svpuc=1&xtags=acont%3Doriginal%3Alang%3Den-US&mime=audio%2Fmp4&rqh=1&gir=yes&clen=39305828&dur=2428.644&lmt=1775157094820778&mt=1775217201&fvip=3&keepalive=yes&fexp=51565115%2C51565682&c=ANDROID_VR&txp=3308224&sparams=expire%2Cei%2Cip%2Cid%2Citag%2Csource%2Crequiressl%2Cxpc%2Cbui%2Cspc%2Cvprv%2Csvpuc%2Cxtags%2Cmime%2Crqh%2Cgir%2Cclen%2Cdur%2Clmt&sig=AHEqNM4wRgIhAJ6F8fRzFYVVeaBQ4dvpMznrgN65sdW3IgkrPcHzxVIMAiEA3CK4XnVP8ncb_4tAyhbcCqDa-v2adQJ6mDpCA63Zr4A%3D&lsparams=cps%2Cmet%2Cmh%2Cmm%2Cmn%2Cms%2Cmv%2Cmvi%2Cpl%2Crms%2Cinitcwndbps&lsig=APaTxxMwRAIgRWu550ryBze1zpEXOeILAWgFiaSWTGY2HW1u7-222zACIFWi41n6ZOyC_wKabh334JEB0HC3gpDjrEOY5HtM-smz -c copy HKWlY_vKHEk.mp4
2026-04-03 20:19:00,603 [INFO] ffmpeg finished for HKWlY_vKHEk with code 0
2026-04-03 20:19:00,603 [INFO] [ffprobe:HKWlY_vKHEk.mp4] Attempt 1/5
2026-04-03 20:19:00,603 [INFO] RUN ffprobe:HKWlY_vKHEk.mp4: ffprobe -v error -show_entries format=duration -of default=noprint_wrappers=1:nokey=1 HKWlY_vKHEk.mp4
2026-04-03 20:19:00,653 [INFO] Validation OK for HKWlY_vKHEk.mp4 (size=151708405, duration=2428.64)
2026-04-03 20:19:00,653 [INFO] Moving HKWlY_vKHEk.mp4 -> markiplier\SUBSUMED.mp4
2026-04-03 20:19:00,653 [INFO] Download complete for HKWlY_vKHEk
2026-04-03 20:19:00,657 [INFO] Skipping already downloaded video TtGmheVrXUg (LIXIAN'S BEST GAME YET!! | Project Lunky)
2026-04-03 20:19:00,657 [INFO] === EXIT ===
2026-04-07 19:15:19,020 [INFO] === START ===
2026-04-07 19:15:20,964 [INFO] yt-dlp.exe verified OK (size=18408128 bytes)
2026-04-07 19:15:20,966 [INFO] Found leftover file C:\yt\X3M-_xdfCaA.mp4 (id=X3M-_xdfCaA), validating...
2026-04-07 19:15:20,966 [INFO] [ffprobe:X3M-_xdfCaA.mp4] Attempt 1/5
2026-04-07 19:15:20,966 [INFO] RUN ffprobe:X3M-_xdfCaA.mp4: ffprobe -v error -show_entries format=duration -of default=noprint_wrappers=1:nokey=1 C:\yt\X3M-_xdfCaA.mp4
2026-04-07 19:15:22,665 [INFO] Validation OK for C:\yt\X3M-_xdfCaA.mp4 (size=2795282, duration=95.27)
2026-04-07 19:15:22,665 [INFO] Leftover file C:\yt\X3M-_xdfCaA.mp4 seems valid but unknown; leaving in place.
2026-04-07 19:15:22,665 [INFO] [playlist:https://www.youtube.com/@SMii7Yplus] Attempt 1/5
2026-04-07 19:15:22,665 [INFO] RUN playlist:https://www.youtube.com/@SMii7Yplus: C:\Tools\yt-dlp\yt-dlp.exe --dump-json --flat-playlist --extractor-args youtube:skip=dash https://www.youtube.com/@SMii7Yplus/videos
2026-04-07 19:15:33,144 [INFO] Channel https://www.youtube.com/@SMii7Yplus -> 2 videos
2026-04-07 19:15:33,144 [INFO] [playlist:https://www.youtube.com/@SMii7Y] Attempt 1/5
2026-04-07 19:15:33,144 [INFO] RUN playlist:https://www.youtube.com/@SMii7Y: C:\Tools\yt-dlp\yt-dlp.exe --dump-json --flat-playlist --extractor-args youtube:skip=dash https://www.youtube.com/@SMii7Y/videos
2026-04-07 19:16:00,692 [INFO] Channel https://www.youtube.com/@SMii7Y -> 2 videos
2026-04-07 19:16:00,692 [INFO] [playlist:https://www.youtube.com/@dougdougdoug] Attempt 1/5
2026-04-07 19:16:00,692 [INFO] RUN playlist:https://www.youtube.com/@dougdougdoug: C:\Tools\yt-dlp\yt-dlp.exe --dump-json --flat-playlist --extractor-args youtube:skip=dash https://www.youtube.com/@dougdougdoug/videos
2026-04-07 19:16:04,987 [INFO] Channel https://www.youtube.com/@dougdougdoug -> 2 videos
2026-04-07 19:16:04,987 [INFO] [playlist:https://www.youtube.com/@failboat] Attempt 1/5
2026-04-07 19:16:04,987 [INFO] RUN playlist:https://www.youtube.com/@failboat: C:\Tools\yt-dlp\yt-dlp.exe --dump-json --flat-playlist --extractor-args youtube:skip=dash https://www.youtube.com/@failboat/videos
2026-04-07 19:16:33,677 [INFO] Channel https://www.youtube.com/@failboat -> 2 videos
2026-04-07 19:16:33,681 [INFO] [playlist:https://www.youtube.com/@LetsGameItOut] Attempt 1/5
2026-04-07 19:16:33,681 [INFO] RUN playlist:https://www.youtube.com/@LetsGameItOut: C:\Tools\yt-dlp\yt-dlp.exe --dump-json --flat-playlist --extractor-args youtube:skip=dash https://www.youtube.com/@LetsGameItOut/videos
2026-04-07 19:16:49,536 [INFO] Channel https://www.youtube.com/@LetsGameItOut -> 2 videos
2026-04-07 19:16:49,540 [INFO] [playlist:https://www.youtube.com/@dandingles] Attempt 1/5
2026-04-07 19:16:49,540 [INFO] RUN playlist:https://www.youtube.com/@dandingles: C:\Tools\yt-dlp\yt-dlp.exe --dump-json --flat-playlist --extractor-args youtube:skip=dash https://www.youtube.com/@dandingles/videos
2026-04-07 19:16:53,271 [INFO] Channel https://www.youtube.com/@dandingles -> 2 videos
2026-04-07 19:16:53,271 [INFO] [playlist:https://www.youtube.com/@markiplier] Attempt 1/5
2026-04-07 19:16:53,271 [INFO] RUN playlist:https://www.youtube.com/@markiplier: C:\Tools\yt-dlp\yt-dlp.exe --dump-json --flat-playlist --extractor-args youtube:skip=dash https://www.youtube.com/@markiplier/videos
2026-04-07 19:18:38,237 [INFO] Channel https://www.youtube.com/@markiplier -> 2 videos
2026-04-07 19:18:38,237 [INFO] Queue size: 14
2026-04-07 19:18:38,237 [INFO] Processing video 3Aspc9fmifU (DEEP DIH DUNGEON) from channel SMii7Yplus
2026-04-07 19:18:38,237 [INFO] Starting download for 3Aspc9fmifU (DEEP DIH DUNGEON)
2026-04-07 19:18:38,241 [INFO] Download attempt 1/5 for 3Aspc9fmifU
2026-04-07 19:18:38,241 [INFO] [urls:3Aspc9fmifU:134+140] Attempt 1/5
2026-04-07 19:18:38,243 [INFO] RUN urls:3Aspc9fmifU:134+140: C:\Tools\yt-dlp\yt-dlp.exe -g -f 134+140 https://www.youtube.com/watch?v=3Aspc9fmifU
2026-04-07 19:18:42,101 [INFO] Got URLs for 3Aspc9fmifU with format 134+140
2026-04-07 19:18:42,101 [INFO] Starting ffmpeg for 3Aspc9fmifU: ffmpeg -y -loglevel error -progress pipe:2 -i https://rr3---sn-uxanug5-2xgd.googlevideo.com/videoplayback?expire=1775582321&ei=EejUafWTIqTgssUPvYvl8Ao&ip=1.159.145.215&id=o-AHmo9bXr5kJ6EdOQ_p4T2W36oOg-J_4zB1ygZHfYIWfu&itag=134&source=youtube&requiressl=yes&xpc=EgVo2aDSNQ%3D%3D&cps=573&met=1775560721%2C&mh=je&mm=31%2C29&mn=sn-uxanug5-2xgd%2Csn-ntqe6n7k&ms=au%2Crdu&mv=m&mvi=3&pl=17&rms=au%2Cau&initcwndbps=1877500&bui=AUUZDGLlDDrhq-ZNc_OjQKqeXRYIksUHJssgPGdCHv5VKvmlxflpTrqciHwdwu-TR3gsoa7KThbNN4Pl&spc=jlWavSis6wHSaTfNyNKx9L-pvuiWYeM6ssD4zc-O9_AO&vprv=1&svpuc=1&mime=video%2Fmp4&rqh=1&gir=yes&clen=66794295&dur=1303.399&lmt=1775411019817094&mt=1775560182&fvip=4&keepalive=yes&fexp=51565116%2C51565681&c=ANDROID_VR&txp=3309224&sparams=expire%2Cei%2Cip%2Cid%2Citag%2Csource%2Crequiressl%2Cxpc%2Cbui%2Cspc%2Cvprv%2Csvpuc%2Cmime%2Crqh%2Cgir%2Cclen%2Cdur%2Clmt&sig=AHEqNM4wRQIhAJHyzjMEX1nlxODdjbT90ey7l3rJKBADF2Zx5aXt9DguAiAGAaWyGOtnq5zmwbGIW41G6umOmzVy9uZAxM5-geeTDw%3D%3D&lsparams=cps%2Cmet%2Cmh%2Cmm%2Cmn%2Cms%2Cmv%2Cmvi%2Cpl%2Crms%2Cinitcwndbps&lsig=APaTxxMwRgIhAIjX9LJ-HAB1qREBhADuWOYsjXTvbc54a3z36NBvDiXpAiEA0OmnPYf1GWXAB6uvETAGwBNNhZ31dNOIL7VIE9_JjxE%3D -i https://rr3---sn-uxanug5-2xgd.googlevideo.com/videoplayback?expire=1775582321&ei=EejUafWTIqTgssUPvYvl8Ao&ip=1.159.145.215&id=o-AHmo9bXr5kJ6EdOQ_p4T2W36oOg-J_4zB1ygZHfYIWfu&itag=140&source=youtube&requiressl=yes&xpc=EgVo2aDSNQ%3D%3D&cps=573&met=1775560721%2C&mh=je&mm=31%2C29&mn=sn-uxanug5-2xgd%2Csn-ntqe6n7k&ms=au%2Crdu&mv=m&mvi=3&pl=17&rms=au%2Cau&initcwndbps=1877500&bui=AUUZDGLlDDrhq-ZNc_OjQKqeXRYIksUHJssgPGdCHv5VKvmlxflpTrqciHwdwu-TR3gsoa7KThbNN4Pl&spc=jlWavSis6wHSaTfNyNKx9L-pvuiWYeM6ssD4zc-O9_AO&vprv=1&svpuc=1&mime=audio%2Fmp4&rqh=1&gir=yes&clen=21095879&dur=1303.452&lmt=1775410990398310&mt=1775560182&fvip=4&keepalive=yes&fexp=51565116%2C51565681&c=ANDROID_VR&txp=3308224&sparams=expire%2Cei%2Cip%2Cid%2Citag%2Csource%2Crequiressl%2Cxpc%2Cbui%2Cspc%2Cvprv%2Csvpuc%2Cmime%2Crqh%2Cgir%2Cclen%2Cdur%2Clmt&sig=AHEqNM4wRQIgb0PNjirVmTXmGDKuVdGNBxX6K2N2GR-KFl4NoRotMr8CIQCucA1gjP1TFHn2cr0t6USC6Nfr8w-O147r9X-LzqPjuw%3D%3D&lsparams=cps%2Cmet%2Cmh%2Cmm%2Cmn%2Cms%2Cmv%2Cmvi%2Cpl%2Crms%2Cinitcwndbps&lsig=APaTxxMwRgIhAIjX9LJ-HAB1qREBhADuWOYsjXTvbc54a3z36NBvDiXpAiEA0OmnPYf1GWXAB6uvETAGwBNNhZ31dNOIL7VIE9_JjxE%3D -c copy 3Aspc9fmifU.mp4
2026-04-07 19:32:09,302 [INFO] ffmpeg finished for 3Aspc9fmifU with code 0
2026-04-07 19:32:09,302 [INFO] [ffprobe:3Aspc9fmifU.mp4] Attempt 1/5
2026-04-07 19:32:09,307 [INFO] RUN ffprobe:3Aspc9fmifU.mp4: ffprobe -v error -show_entries format=duration -of default=noprint_wrappers=1:nokey=1 3Aspc9fmifU.mp4
2026-04-07 19:32:09,352 [INFO] Validation OK for 3Aspc9fmifU.mp4 (size=88375269, duration=1303.45)
2026-04-07 19:32:09,352 [INFO] Moving 3Aspc9fmifU.mp4 -> SMii7Yplus\DEEP DIH DUNGEON.mp4
2026-04-07 19:32:09,352 [INFO] Download complete for 3Aspc9fmifU
2026-04-07 19:32:09,356 [INFO] Skipping already downloaded video L5E1psfEEfI (Going Over The Top is NOT Fun)
2026-04-07 19:32:09,356 [INFO] Processing video u8sRY0tKTuc (This Airport Security Game is Insane) from channel SMii7Y
2026-04-07 19:32:09,356 [INFO] Starting download for u8sRY0tKTuc (This Airport Security Game is Insane)
2026-04-07 19:32:09,356 [INFO] Download attempt 1/5 for u8sRY0tKTuc
2026-04-07 19:32:09,356 [INFO] [urls:u8sRY0tKTuc:134+140] Attempt 1/5
2026-04-07 19:32:09,356 [INFO] RUN urls:u8sRY0tKTuc:134+140: C:\Tools\yt-dlp\yt-dlp.exe -g -f 134+140 https://www.youtube.com/watch?v=u8sRY0tKTuc
2026-04-07 19:32:14,172 [INFO] Got URLs for u8sRY0tKTuc with format 134+140
2026-04-07 19:32:14,172 [INFO] Starting ffmpeg for u8sRY0tKTuc: ffmpeg -y -loglevel error -progress pipe:2 -i https://rr2---sn-uxanug5-2xgd.googlevideo.com/videoplayback?expire=1775583133&ei=PevUaYSbHvC-1_oPle6CsQo&ip=1.159.145.215&id=o-APEKuDQh2NFWmucIWJxTpgw35AAqD1OcXCR57IeqO4KL&itag=134&source=youtube&requiressl=yes&xpc=EgVo2aDSNQ%3D%3D&cps=748&met=1775561533%2C&mh=EZ&mm=31%2C29&mn=sn-uxanug5-2xgd%2Csn-ntqe6n7k&ms=au%2Crdu&mv=m&mvi=2&pl=17&rms=au%2Cau&initcwndbps=1930000&bui=AUUZDGJf4RlLEQvWS_zqtpbjtiPOxF5iKiqyiawb6M-R0pjTVnlq5Avqmu6MGGr1XweTdtq2iFo6QWji&spc=jlWavQkoWMaSK4-DY1e-BSny_HajZy8yfYdnWC7nA3Xx&vprv=1&svpuc=1&mime=video%2Fmp4&rqh=1&gir=yes&clen=129097148&dur=1939.633&lmt=1775246489210336&mt=1775561149&fvip=2&keepalive=yes&fexp=51565115%2C51565681&c=ANDROID_VR&txp=3309224&sparams=expire%2Cei%2Cip%2Cid%2Citag%2Csource%2Crequiressl%2Cxpc%2Cbui%2Cspc%2Cvprv%2Csvpuc%2Cmime%2Crqh%2Cgir%2Cclen%2Cdur%2Clmt&sig=AHEqNM4wRQIhAJ6iQclTvMD-oMwKHECAQmYE_yIMyoRwefJV18WpAWuFAiBFoFsOq6snq0yovtaNHQzg8TQREoGljMuB9EurDm7ohg%3D%3D&lsparams=cps%2Cmet%2Cmh%2Cmm%2Cmn%2Cms%2Cmv%2Cmvi%2Cpl%2Crms%2Cinitcwndbps&lsig=APaTxxMwRQIgVyeR1i6AW-THPkaxR2FyqAvwc0WFD_5y-6kYPeDDnuACIQD1Msgv8x1qw3la6WrOycqzCnQ6dUjdWxj-v7LMfjMbxA%3D%3D -i https://rr2---sn-uxanug5-2xgd.googlevideo.com/videoplayback?expire=1775583133&ei=PevUaYSbHvC-1_oPle6CsQo&ip=1.159.145.215&id=o-APEKuDQh2NFWmucIWJxTpgw35AAqD1OcXCR57IeqO4KL&itag=140&source=youtube&requiressl=yes&xpc=EgVo2aDSNQ%3D%3D&cps=748&met=1775561533%2C&mh=EZ&mm=31%2C29&mn=sn-uxanug5-2xgd%2Csn-ntqe6n7k&ms=au%2Crdu&mv=m&mvi=2&pl=17&rms=au%2Cau&initcwndbps=1930000&bui=AUUZDGJf4RlLEQvWS_zqtpbjtiPOxF5iKiqyiawb6M-R0pjTVnlq5Avqmu6MGGr1XweTdtq2iFo6QWji&spc=jlWavQkoWMaSK4-DY1e-BSny_HajZy8yfYdnWC7nA3Xx&vprv=1&svpuc=1&mime=audio%2Fmp4&rqh=1&gir=yes&clen=31392377&dur=1939.678&lmt=1775246473133876&mt=1775561149&fvip=2&keepalive=yes&fexp=51565115%2C51565681&c=ANDROID_VR&txp=3308224&sparams=expire%2Cei%2Cip%2Cid%2Citag%2Csource%2Crequiressl%2Cxpc%2Cbui%2Cspc%2Cvprv%2Csvpuc%2Cmime%2Crqh%2Cgir%2Cclen%2Cdur%2Clmt&sig=AHEqNM4wRAIgCZkIInIsIh73KC2VgCzdoHWnpCgPVKemmW7jxt-9UmICIBc71_by1jxQWkJVFKi2UKQvcXdjEcYUYKmnfInbcQPk&lsparams=cps%2Cmet%2Cmh%2Cmm%2Cmn%2Cms%2Cmv%2Cmvi%2Cpl%2Crms%2Cinitcwndbps&lsig=APaTxxMwRQIgVyeR1i6AW-THPkaxR2FyqAvwc0WFD_5y-6kYPeDDnuACIQD1Msgv8x1qw3la6WrOycqzCnQ6dUjdWxj-v7LMfjMbxA%3D%3D -c copy u8sRY0tKTuc.mp4
2026-04-07 19:50:28,243 [INFO] ffmpeg finished for u8sRY0tKTuc with code 0
2026-04-07 19:50:28,243 [INFO] [ffprobe:u8sRY0tKTuc.mp4] Attempt 1/5
2026-04-07 19:50:28,243 [INFO] RUN ffprobe:u8sRY0tKTuc.mp4: ffprobe -v error -show_entries format=duration -of default=noprint_wrappers=1:nokey=1 u8sRY0tKTuc.mp4
2026-04-07 19:50:28,292 [INFO] Validation OK for u8sRY0tKTuc.mp4 (size=161234484, duration=1939.68)
2026-04-07 19:50:28,292 [INFO] Moving u8sRY0tKTuc.mp4 -> SMii7Y\This Airport Security Game is Insane.mp4
2026-04-07 19:50:28,296 [INFO] Download complete for u8sRY0tKTuc
2026-04-07 19:50:28,296 [INFO] Skipping already downloaded video zSsTR-vu5ZE (The Most Frustrating Game We've Played This Year)
2026-04-07 19:50:28,296 [INFO] Skipping already downloaded video ItQHQIJvF98 (What happens if you tell ChatGPT to make Fortnite 2?)
2026-04-07 19:50:28,296 [INFO] Skipping already downloaded video RhmRDXRdYFM (I've made 10 years of YouTube videos. Let's rank them.)
2026-04-07 19:50:28,296 [INFO] Processing video dScpydu_HRE (I programmed a turtle) from channel failboat
2026-04-07 19:50:28,296 [INFO] Starting download for dScpydu_HRE (I programmed a turtle)
2026-04-07 19:50:28,296 [INFO] Download attempt 1/5 for dScpydu_HRE
2026-04-07 19:50:28,296 [INFO] [urls:dScpydu_HRE:134+140] Attempt 1/5
2026-04-07 19:50:28,296 [INFO] RUN urls:dScpydu_HRE:134+140: C:\Tools\yt-dlp\yt-dlp.exe -g -f 134+140 https://www.youtube.com/watch?v=dScpydu_HRE
2026-04-07 19:50:32,286 [INFO] Got URLs for dScpydu_HRE with format 134+140
2026-04-07 19:50:32,286 [INFO] Starting ffmpeg for dScpydu_HRE: ffmpeg -y -loglevel error -progress pipe:2 -i https://rr1---sn-uxanug5-2xg6.googlevideo.com/videoplayback?expire=1775584231&ei=h-_UaeW3LZjbg8UPrNmS6QU&ip=1.159.145.215&id=o-ALWRZHJnEhdVYCF4RiLNQAogPSqkFe92ZzJxIDq3TGXd&itag=134&source=youtube&requiressl=yes&xpc=EgVo2aDSNQ%3D%3D&cps=513&met=1775562631%2C&mh=Mn&mm=31%2C29&mn=sn-uxanug5-2xg6%2Csn-ntq7yned&ms=au%2Crdu&mv=m&mvi=1&pl=17&rms=au%2Cau&pcm2=yes&initcwndbps=1946250&bui=AUUZDGKy2Q-QE-u3fGt7V-afrvFRpz-QLsds3RFlczsRhibzdoF9JjqCShRupOWyPcgm9NFvF77XNufB&spc=jlWavf0Qr6sWEF5wipXFziZ8BwFEl9cUtcWh8-gPfaws&vprv=1&svpuc=1&mime=video%2Fmp4&rqh=1&gir=yes&clen=65890190&dur=1516.166&lmt=1775531957297138&mt=1775562114&fvip=3&keepalive=yes&fexp=51565116%2C51565681&c=ANDROID_VR&txp=4535534&sparams=expire%2Cei%2Cip%2Cid%2Citag%2Csource%2Crequiressl%2Cxpc%2Cpcm2%2Cbui%2Cspc%2Cvprv%2Csvpuc%2Cmime%2Crqh%2Cgir%2Cclen%2Cdur%2Clmt&sig=AHEqNM4wRQIgdLx9WiRb43jPI2a7HWh8n17BaSRGhYr7tGoFwLV7SEYCIQDWqHsVqpQNCiq0P7zY3GExGm7-WM0SXF4VVnsIt87fsg%3D%3D&lsparams=cps%2Cmet%2Cmh%2Cmm%2Cmn%2Cms%2Cmv%2Cmvi%2Cpl%2Crms%2Cinitcwndbps&lsig=APaTxxMwRQIhAPLJLxfxZKAjg3zjNwyapt727RBc1T94baMHyjjfLg9NAiAnF9La-VcCr-_kUIbZxnzFJrf4Jw7cx7yWmlS2q95TLg%3D%3D -i https://rr1---sn-uxanug5-2xg6.googlevideo.com/videoplayback?expire=1775584231&ei=h-_UaeW3LZjbg8UPrNmS6QU&ip=1.159.145.215&id=o-ALWRZHJnEhdVYCF4RiLNQAogPSqkFe92ZzJxIDq3TGXd&itag=140&source=youtube&requiressl=yes&xpc=EgVo2aDSNQ%3D%3D&cps=513&met=1775562631%2C&mh=Mn&mm=31%2C29&mn=sn-uxanug5-2xg6%2Csn-ntq7yned&ms=au%2Crdu&mv=m&mvi=1&pl=17&rms=au%2Cau&pcm2=yes&initcwndbps=1946250&bui=AUUZDGKy2Q-QE-u3fGt7V-afrvFRpz-QLsds3RFlczsRhibzdoF9JjqCShRupOWyPcgm9NFvF77XNufB&spc=jlWavf0Qr6sWEF5wipXFziZ8BwFEl9cUtcWh8-gPfaws&vprv=1&svpuc=1&mime=audio%2Fmp4&rqh=1&gir=yes&clen=24539237&dur=1516.216&lmt=1775523176120149&mt=1775562114&fvip=3&keepalive=yes&fexp=51565116%2C51565681&c=ANDROID_VR&txp=4532534&sparams=expire%2Cei%2Cip%2Cid%2Citag%2Csource%2Crequiressl%2Cxpc%2Cpcm2%2Cbui%2Cspc%2Cvprv%2Csvpuc%2Cmime%2Crqh%2Cgir%2Cclen%2Cdur%2Clmt&sig=AHEqNM4wRAIgLX4nFkR9qT7rE9VubhEwZ1Sn626o5F3sRIACdIrdNW8CIHzoj58LmxVimHBdH43Sk9HETa656odJ9I4aLKdwqQIU&lsparams=cps%2Cmet%2Cmh%2Cmm%2Cmn%2Cms%2Cmv%2Cmvi%2Cpl%2Crms%2Cinitcwndbps&lsig=APaTxxMwRQIhAPLJLxfxZKAjg3zjNwyapt727RBc1T94baMHyjjfLg9NAiAnF9La-VcCr-_kUIbZxnzFJrf4Jw7cx7yWmlS2q95TLg%3D%3D -c copy dScpydu_HRE.mp4
2026-04-07 20:04:54,121 [INFO] ffmpeg finished for dScpydu_HRE with code 0
2026-04-07 20:04:54,122 [INFO] [ffprobe:dScpydu_HRE.mp4] Attempt 1/5
2026-04-07 20:04:54,122 [INFO] RUN ffprobe:dScpydu_HRE.mp4: ffprobe -v error -show_entries format=duration -of default=noprint_wrappers=1:nokey=1 dScpydu_HRE.mp4
2026-04-07 20:04:54,170 [INFO] Validation OK for dScpydu_HRE.mp4 (size=91135174, duration=1516.22)
2026-04-07 20:04:54,170 [INFO] Moving dScpydu_HRE.mp4 -> failboat\I programmed a turtle.mp4
2026-04-07 20:04:54,172 [INFO] Download complete for dScpydu_HRE
2026-04-07 20:04:54,174 [INFO] Skipping already downloaded video ULm2jpMDJ8E (Letting my vengeful Editors control the Video)
2026-04-07 20:04:54,174 [INFO] Skipping already downloaded video 802J6OnLBgc (I Beat This Entire Factory Game With Basically No Factory - StarRupture)
2026-04-07 20:04:54,175 [INFO] Skipping already downloaded video UEQbFC2BIAc (They Asked for a Factory, I Built Them a Chaotic Nightmare - Arknights: Endfield)
2026-04-07 20:04:54,175 [INFO] Processing video fGLL4cbVqCs (Who the heck is Dan Dingle? (250k Q&A)) from channel dandingles
2026-04-07 20:04:54,175 [INFO] Starting download for fGLL4cbVqCs (Who the heck is Dan Dingle? (250k Q&A))
2026-04-07 20:04:54,177 [INFO] Download attempt 1/5 for fGLL4cbVqCs
2026-04-07 20:04:54,177 [INFO] [urls:fGLL4cbVqCs:134+140] Attempt 1/5
2026-04-07 20:04:54,177 [INFO] RUN urls:fGLL4cbVqCs:134+140: C:\Tools\yt-dlp\yt-dlp.exe -g -f 134+140 https://www.youtube.com/watch?v=fGLL4cbVqCs
2026-04-07 20:04:58,196 [INFO] Got URLs for fGLL4cbVqCs with format 134+140
2026-04-07 20:04:58,196 [INFO] Starting ffmpeg for fGLL4cbVqCs: ffmpeg -y -loglevel error -progress pipe:2 -i https://rr5---sn-uxanug5-2xgd.googlevideo.com/videoplayback?expire=1775585097&ei=6fLUaYmVKNuQssUPkeDc6Q0&ip=1.159.145.215&id=o-ANXjLQ91uVp2ePdcGrGZCYJ-IOJ_bzHVB-UPp3sImGyP&itag=134&source=youtube&requiressl=yes&xpc=EgVo2aDSNQ%3D%3D&cps=275&met=1775563497%2C&mh=wd&mm=31%2C29&mn=sn-uxanug5-2xgd%2Csn-ntq7yner&ms=au%2Crdu&mv=m&mvi=5&pcm2cms=yes&pl=17&rms=au%2Cau&initcwndbps=1905000&bui=AUUZDGIxnJP2ojs0nDcX1cDlDnyQ1lGfFKs8r1JgEeW-pzn3xB4zZZEwzj2ZdvpKsu53RlBm2Tj1mNmx&spc=jlWavdAR0b-PQ7WhgqfFF5Ui568YrPBSxO4v0ehiQgmc&vprv=1&svpuc=1&mime=video%2Fmp4&rqh=1&gir=yes&clen=13448783&dur=798.499&lmt=1775086297898369&mt=1775563061&fvip=5&keepalive=yes&fexp=51565115%2C51565681&c=ANDROID_VR&txp=4432534&sparams=expire%2Cei%2Cip%2Cid%2Citag%2Csource%2Crequiressl%2Cxpc%2Cbui%2Cspc%2Cvprv%2Csvpuc%2Cmime%2Crqh%2Cgir%2Cclen%2Cdur%2Clmt&sig=AHEqNM4wRQIhAIYzLoglZ1UAWlAN76wckQHiSNZm9ZF1G1SRTB27mMD3AiA5K2JS2u7E_5mikBzOx79loJQkKn3Ya4Jv7UEyvKoakw%3D%3D&lsparams=cps%2Cmet%2Cmh%2Cmm%2Cmn%2Cms%2Cmv%2Cmvi%2Cpcm2cms%2Cpl%2Crms%2Cinitcwndbps&lsig=APaTxxMwRgIhAOXD0TSgOOqk6njm1zppuM15rsCKb81Ukhxczq2CHvtbAiEAxmxb4eow8rfARWo0TPmJRiEOaDgMlAoVldyHiHHuy0U%3D -i https://rr5---sn-uxanug5-2xgd.googlevideo.com/videoplayback?expire=1775585097&ei=6fLUaYmVKNuQssUPkeDc6Q0&ip=1.159.145.215&id=o-ANXjLQ91uVp2ePdcGrGZCYJ-IOJ_bzHVB-UPp3sImGyP&itag=140&source=youtube&requiressl=yes&xpc=EgVo2aDSNQ%3D%3D&cps=275&met=1775563497%2C&mh=wd&mm=31%2C29&mn=sn-uxanug5-2xgd%2Csn-ntq7yner&ms=au%2Crdu&mv=m&mvi=5&pcm2cms=yes&pl=17&rms=au%2Cau&initcwndbps=1905000&bui=AUUZDGIxnJP2ojs0nDcX1cDlDnyQ1lGfFKs8r1JgEeW-pzn3xB4zZZEwzj2ZdvpKsu53RlBm2Tj1mNmx&spc=jlWavdAR0b-PQ7WhgqfFF5Ui568YrPBSxO4v0ehiQgmc&vprv=1&svpuc=1&mime=audio%2Fmp4&rqh=1&gir=yes&clen=12924785&dur=798.557&lmt=1775085689913374&mt=1775563061&fvip=5&keepalive=yes&fexp=51565115%2C51565681&c=ANDROID_VR&txp=4432534&sparams=expire%2Cei%2Cip%2Cid%2Citag%2Csource%2Crequiressl%2Cxpc%2Cbui%2Cspc%2Cvprv%2Csvpuc%2Cmime%2Crqh%2Cgir%2Cclen%2Cdur%2Clmt&sig=AHEqNM4wRQIhAP6EBXEf6hcU8zQn9AC-EuhW5iwEX97gQ8aeWP-7lXBhAiBaqQNOVXS1XXBNpVCvG00QIrtFGDuOmZnOjJRHeEm_zA%3D%3D&lsparams=cps%2Cmet%2Cmh%2Cmm%2Cmn%2Cms%2Cmv%2Cmvi%2Cpcm2cms%2Cpl%2Crms%2Cinitcwndbps&lsig=APaTxxMwRgIhAOXD0TSgOOqk6njm1zppuM15rsCKb81Ukhxczq2CHvtbAiEAxmxb4eow8rfARWo0TPmJRiEOaDgMlAoVldyHiHHuy0U%3D -c copy fGLL4cbVqCs.mp4
2026-04-07 20:12:02,039 [INFO] ffmpeg finished for fGLL4cbVqCs with code 0
2026-04-07 20:12:02,039 [INFO] [ffprobe:fGLL4cbVqCs.mp4] Attempt 1/5
2026-04-07 20:12:02,039 [INFO] RUN ffprobe:fGLL4cbVqCs.mp4: ffprobe -v error -show_entries format=duration -of default=noprint_wrappers=1:nokey=1 fGLL4cbVqCs.mp4
2026-04-07 20:12:02,082 [INFO] Validation OK for fGLL4cbVqCs.mp4 (size=26757735, duration=798.56)
2026-04-07 20:12:02,083 [INFO] Moving fGLL4cbVqCs.mp4 -> dandingles\Who the heck is Dan Dingle (250k Q&A).mp4
2026-04-07 20:12:02,085 [INFO] Download complete for fGLL4cbVqCs
2026-04-07 20:12:02,087 [INFO] Skipping already downloaded video zitMh_7SfMY (Laughing At Sora 2 One Last Time...)
2026-04-07 20:12:02,087 [INFO] Processing video ohsqwJBX_nM (NOT FROM EAR) from channel markiplier
2026-04-07 20:12:02,087 [INFO] Starting download for ohsqwJBX_nM (NOT FROM EAR)
2026-04-07 20:12:02,088 [INFO] Download attempt 1/5 for ohsqwJBX_nM
2026-04-07 20:12:02,089 [INFO] [urls:ohsqwJBX_nM:134+140] Attempt 1/5
2026-04-07 20:12:02,089 [INFO] RUN urls:ohsqwJBX_nM:134+140: C:\Tools\yt-dlp\yt-dlp.exe -g -f 134+140 https://www.youtube.com/watch?v=ohsqwJBX_nM
2026-04-07 20:12:05,805 [INFO] Got URLs for ohsqwJBX_nM with format 134+140
2026-04-07 20:12:05,805 [INFO] Starting ffmpeg for ohsqwJBX_nM: ffmpeg -y -loglevel error -progress pipe:2 -i https://rr2---sn-uxanug5-2xg6.googlevideo.com/videoplayback?expire=1775585525&ei=lfTUaZTNEbus9fwPntTpgAE&ip=1.159.145.215&id=o-AKwwQtPYJ421R9rLjHgIrTFVkRs6kFGzr00WwZ34oNlJ&itag=134&source=youtube&requiressl=yes&xpc=EgVo2aDSNQ%3D%3D&cps=834&met=1775563925%2C&mh=4T&mm=31%2C29&mn=sn-uxanug5-2xg6%2Csn-ntq7yner&ms=au%2Crdu&mv=m&mvi=2&pl=17&rms=au%2Cau&initcwndbps=1828750&bui=AUUZDGIt26_O85IhS_mHATFvVINFfBgYf3C7QR8h1xEpaJ1ewsP0QLriymLILMCMcEuMNiSeWhxLbXA1&spc=jlWavVUkviakl9i1W5n063VYyhx1c6FAfdQtVJ1EXyH9&vprv=1&svpuc=1&mime=video%2Fmp4&rqh=1&gir=yes&clen=68705677&dur=1867.499&lmt=1775499549941624&mt=1775563543&fvip=3&keepalive=yes&fexp=51565115%2C51565681&c=ANDROID_VR&txp=3309224&sparams=expire%2Cei%2Cip%2Cid%2Citag%2Csource%2Crequiressl%2Cxpc%2Cbui%2Cspc%2Cvprv%2Csvpuc%2Cmime%2Crqh%2Cgir%2Cclen%2Cdur%2Clmt&sig=AHEqNM4wRAIgYej2f-B0s4d_OfN5AS9rRzT_wsfFS5MAsNq5cSOkZL0CIHSHD9JuJr2QCxY33lzp48B410CmPbWRUL4ANqVvg5de&lsparams=cps%2Cmet%2Cmh%2Cmm%2Cmn%2Cms%2Cmv%2Cmvi%2Cpl%2Crms%2Cinitcwndbps&lsig=APaTxxMwRAIgLQSsk7hwVT2QaJL2sSi5Ofdv9egGC8BIYz-1MVY-j2ICIHudKr7yO7W-WeirTGLTShO125aCqVbzHnem3hvjqpAJ -i https://rr2---sn-uxanug5-2xg6.googlevideo.com/videoplayback?expire=1775585525&ei=lfTUaZTNEbus9fwPntTpgAE&ip=1.159.145.215&id=o-AKwwQtPYJ421R9rLjHgIrTFVkRs6kFGzr00WwZ34oNlJ&itag=140&source=youtube&requiressl=yes&xpc=EgVo2aDSNQ%3D%3D&cps=834&met=1775563925%2C&mh=4T&mm=31%2C29&mn=sn-uxanug5-2xg6%2Csn-ntq7yner&ms=au%2Crdu&mv=m&mvi=2&pl=17&rms=au%2Cau&initcwndbps=1828750&bui=AUUZDGIt26_O85IhS_mHATFvVINFfBgYf3C7QR8h1xEpaJ1ewsP0QLriymLILMCMcEuMNiSeWhxLbXA1&spc=jlWavVUkviakl9i1W5n063VYyhx1c6FAfdQtVJ1EXyH9&vprv=1&svpuc=1&mime=audio%2Fmp4&rqh=1&gir=yes&clen=30224827&dur=1867.534&lmt=1775499454981942&mt=1775563543&fvip=3&keepalive=yes&fexp=51565115%2C51565681&c=ANDROID_VR&txp=3308224&sparams=expire%2Cei%2Cip%2Cid%2Citag%2Csource%2Crequiressl%2Cxpc%2Cbui%2Cspc%2Cvprv%2Csvpuc%2Cmime%2Crqh%2Cgir%2Cclen%2Cdur%2Clmt&sig=AHEqNM4wRQIgcavAD3gw9p989FtGhLkVHQ6HyATJ0CRk9f-JrKgqR_ECIQDz6f04SzBICTyADpBOnx7wmngwByAW9jNnuOy0OXfCwQ%3D%3D&lsparams=cps%2Cmet%2Cmh%2Cmm%2Cmn%2Cms%2Cmv%2Cmvi%2Cpl%2Crms%2Cinitcwndbps&lsig=APaTxxMwRAIgLQSsk7hwVT2QaJL2sSi5Ofdv9egGC8BIYz-1MVY-j2ICIHudKr7yO7W-WeirTGLTShO125aCqVbzHnem3hvjqpAJ -c copy ohsqwJBX_nM.mp4
2026-04-07 20:35:37,182 [INFO] ffmpeg finished for ohsqwJBX_nM with code 0
2026-04-07 20:35:37,182 [INFO] [ffprobe:ohsqwJBX_nM.mp4] Attempt 1/5
2026-04-07 20:35:37,182 [INFO] RUN ffprobe:ohsqwJBX_nM.mp4: ffprobe -v error -show_entries format=duration -of default=noprint_wrappers=1:nokey=1 ohsqwJBX_nM.mp4
2026-04-07 20:35:37,231 [INFO] Validation OK for ohsqwJBX_nM.mp4 (size=99613747, duration=1867.53)
2026-04-07 20:35:37,231 [INFO] Moving ohsqwJBX_nM.mp4 -> markiplier\NOT FROM EAR.mp4
2026-04-07 20:35:37,231 [INFO] Download complete for ohsqwJBX_nM
2026-04-07 20:35:37,236 [INFO] Channel markiplier cooling down for 30.0 seconds
2026-04-07 20:36:07,233 [INFO] Processing video SnY34dD7lvA (THE HARDEST CLIMB | Baby Steps - Part 8) from channel markiplier
2026-04-07 20:36:07,233 [INFO] Starting download for SnY34dD7lvA (THE HARDEST CLIMB | Baby Steps - Part 8)
2026-04-07 20:36:07,233 [INFO] Download attempt 1/5 for SnY34dD7lvA
2026-04-07 20:36:07,233 [INFO] [urls:SnY34dD7lvA:134+140] Attempt 1/5
2026-04-07 20:36:07,233 [INFO] RUN urls:SnY34dD7lvA:134+140: C:\Tools\yt-dlp\yt-dlp.exe -g -f 134+140 https://www.youtube.com/watch?v=SnY34dD7lvA
2026-04-07 20:36:11,863 [INFO] Got URLs for SnY34dD7lvA with format 134+140
2026-04-07 20:36:11,863 [INFO] Starting ffmpeg for SnY34dD7lvA: ffmpeg -y -loglevel error -progress pipe:2 -i https://rr1---sn-ntqe6nez.googlevideo.com/videoplayback?expire=1775586971&ei=O_rUaZDHEvWo9fwPhv_S8A4&ip=1.159.145.215&id=o-ABEm6Uv62HsIqv4wee4J-xqcpI2hP6CruZHtFHsLJ9NL&itag=134&source=youtube&requiressl=yes&xpc=EgVo2aDSNQ%3D%3D&cps=651&met=1775565371%2C&mh=9Y&mm=31%2C29&mn=sn-ntqe6nez%2Csn-ntq7yney&ms=au%2Crdu&mv=m&mvi=1&pl=17&rms=au%2Cau&initcwndbps=1820000&bui=AUUZDGLazDp92z0ziFyF5Li-mfjAtIeDXh-yDFbcZKjvxRQrRRQarXRcs6Ku59cOvyxRmyA7pPyooutJ&spc=jlWavZ3Sf592SH1jbXlzUT-CT_Bxwqf-v9Bla2pBJ_KO&vprv=1&svpuc=1&mime=video%2Fmp4&rqh=1&gir=yes&clen=149208505&dur=3964.366&lmt=1775237404765968&mt=1775564842&fvip=2&keepalive=yes&fexp=51565116%2C51565682&c=ANDROID_VR&txp=3309224&sparams=expire%2Cei%2Cip%2Cid%2Citag%2Csource%2Crequiressl%2Cxpc%2Cbui%2Cspc%2Cvprv%2Csvpuc%2Cmime%2Crqh%2Cgir%2Cclen%2Cdur%2Clmt&sig=AHEqNM4wRgIhAJg38X9bHGiFflyMIyPaoS3Uui1g276uHtDjPG_sI9v7AiEAyiHlUszFdBkijjHB0BBiw7KRoczxhse0dh4iPAdJJMc%3D&lsparams=cps%2Cmet%2Cmh%2Cmm%2Cmn%2Cms%2Cmv%2Cmvi%2Cpl%2Crms%2Cinitcwndbps&lsig=APaTxxMwRQIgeZg8FpzF7X06SWVjG9V4KJRtM94T_g8jEBQy-mUpqMQCIQC2WtcK4VynsisPONqqvbVCsQKkqD55AjMlEPcTh-ukxA%3D%3D -i https://rr1---sn-ntqe6nez.googlevideo.com/videoplayback?expire=1775586971&ei=O_rUaZDHEvWo9fwPhv_S8A4&ip=1.159.145.215&id=o-ABEm6Uv62HsIqv4wee4J-xqcpI2hP6CruZHtFHsLJ9NL&itag=140&source=youtube&requiressl=yes&xpc=EgVo2aDSNQ%3D%3D&cps=651&met=1775565371%2C&mh=9Y&mm=31%2C29&mn=sn-ntqe6nez%2Csn-ntq7yney&ms=au%2Crdu&mv=m&mvi=1&pl=17&rms=au%2Cau&initcwndbps=1820000&bui=AUUZDGLazDp92z0ziFyF5Li-mfjAtIeDXh-yDFbcZKjvxRQrRRQarXRcs6Ku59cOvyxRmyA7pPyooutJ&spc=jlWavZ3Sf592SH1jbXlzUT-CT_Bxwqf-v9Bla2pBJ_KO&vprv=1&svpuc=1&mime=audio%2Fmp4&rqh=1&gir=yes&clen=64160079&dur=3964.389&lmt=1775237441987924&mt=1775564842&fvip=2&keepalive=yes&fexp=51565116%2C51565682&c=ANDROID_VR&txp=3308224&sparams=expire%2Cei%2Cip%2Cid%2Citag%2Csource%2Crequiressl%2Cxpc%2Cbui%2Cspc%2Cvprv%2Csvpuc%2Cmime%2Crqh%2Cgir%2Cclen%2Cdur%2Clmt&sig=AHEqNM4wRAIgNH0L1E5IEAePAXIXN5Qj8GWdlua2OMfy4aB6Qh-5rNcCIAP1-ErPRO919ZJYWtW4qZQd-msvgM8jxn0Cai-RTKKn&lsparams=cps%2Cmet%2Cmh%2Cmm%2Cmn%2Cms%2Cmv%2Cmvi%2Cpl%2Crms%2Cinitcwndbps&lsig=APaTxxMwRQIgeZg8FpzF7X06SWVjG9V4KJRtM94T_g8jEBQy-mUpqMQCIQC2WtcK4VynsisPONqqvbVCsQKkqD55AjMlEPcTh-ukxA%3D%3D -c copy SnY34dD7lvA.mp4
2026-04-07 21:15:12,540 [INFO] ffmpeg finished for SnY34dD7lvA with code 0
2026-04-07 21:15:12,540 [INFO] [ffprobe:SnY34dD7lvA.mp4] Attempt 1/5
2026-04-07 21:15:12,540 [INFO] RUN ffprobe:SnY34dD7lvA.mp4: ffprobe -v error -show_entries format=duration -of default=noprint_wrappers=1:nokey=1 SnY34dD7lvA.mp4
2026-04-07 21:15:12,599 [INFO] Validation OK for SnY34dD7lvA.mp4 (size=214417424, duration=3964.37)
2026-04-07 21:15:12,599 [INFO] Moving SnY34dD7lvA.mp4 -> markiplier\THE HARDEST CLIMB  Baby Steps - Part 8.mp4
2026-04-07 21:15:12,603 [INFO] Download complete for SnY34dD7lvA
2026-04-07 21:15:12,603 [INFO] === EXIT ===
2026-04-08 18:37:03,068 [INFO] === START ===
2026-04-08 18:37:04,833 [INFO] yt-dlp.exe verified OK (size=18408128 bytes)
2026-04-08 18:37:04,836 [INFO] Found leftover file C:\yt\X3M-_xdfCaA.mp4 (id=X3M-_xdfCaA), validating...
2026-04-08 18:37:04,836 [INFO] [ffprobe:X3M-_xdfCaA.mp4] Attempt 1/5
2026-04-08 18:37:04,836 [INFO] RUN ffprobe:X3M-_xdfCaA.mp4: ffprobe -v error -show_entries format=duration -of default=noprint_wrappers=1:nokey=1 C:\yt\X3M-_xdfCaA.mp4
2026-04-08 18:37:04,890 [INFO] Validation OK for C:\yt\X3M-_xdfCaA.mp4 (size=2795282, duration=95.27)
2026-04-08 18:37:04,890 [INFO] Leftover file C:\yt\X3M-_xdfCaA.mp4 seems valid but unknown; leaving in place.
2026-04-08 18:37:04,890 [INFO] [playlist:https://www.youtube.com/@SMii7Yplus] Attempt 1/5
2026-04-08 18:37:04,890 [INFO] RUN playlist:https://www.youtube.com/@SMii7Yplus: C:\Tools\yt-dlp\yt-dlp.exe --dump-json --flat-playlist --extractor-args youtube:skip=dash https://www.youtube.com/@SMii7Yplus/videos
2026-04-08 18:37:39,661 [INFO] Channel https://www.youtube.com/@SMii7Yplus -> 2 videos
2026-04-08 18:37:39,661 [INFO] [playlist:https://www.youtube.com/@SMii7Y] Attempt 1/5
2026-04-08 18:37:39,661 [INFO] RUN playlist:https://www.youtube.com/@SMii7Y: C:\Tools\yt-dlp\yt-dlp.exe --dump-json --flat-playlist --extractor-args youtube:skip=dash https://www.youtube.com/@SMii7Y/videos
2026-04-08 18:39:18,959 [INFO] Channel https://www.youtube.com/@SMii7Y -> 2 videos
2026-04-08 18:39:18,959 [INFO] [playlist:https://www.youtube.com/@dougdougdoug] Attempt 1/5
2026-04-08 18:39:18,959 [INFO] RUN playlist:https://www.youtube.com/@dougdougdoug: C:\Tools\yt-dlp\yt-dlp.exe --dump-json --flat-playlist --extractor-args youtube:skip=dash https://www.youtube.com/@dougdougdoug/videos
2026-04-08 18:39:32,637 [INFO] Channel https://www.youtube.com/@dougdougdoug -> 2 videos
2026-04-08 18:39:32,637 [INFO] [playlist:https://www.youtube.com/@failboat] Attempt 1/5
2026-04-08 18:39:32,637 [INFO] RUN playlist:https://www.youtube.com/@failboat: C:\Tools\yt-dlp\yt-dlp.exe --dump-json --flat-playlist --extractor-args youtube:skip=dash https://www.youtube.com/@failboat/videos
2026-04-08 18:41:08,576 [INFO] Channel https://www.youtube.com/@failboat -> 2 videos
2026-04-08 18:41:08,576 [INFO] [playlist:https://www.youtube.com/@LetsGameItOut] Attempt 1/5
2026-04-08 18:41:08,576 [INFO] RUN playlist:https://www.youtube.com/@LetsGameItOut: C:\Tools\yt-dlp\yt-dlp.exe --dump-json --flat-playlist --extractor-args youtube:skip=dash https://www.youtube.com/@LetsGameItOut/videos
2026-04-08 18:41:57,783 [INFO] Channel https://www.youtube.com/@LetsGameItOut -> 2 videos
2026-04-08 18:41:57,783 [INFO] [playlist:https://www.youtube.com/@dandingles] Attempt 1/5
2026-04-08 18:41:57,783 [INFO] RUN playlist:https://www.youtube.com/@dandingles: C:\Tools\yt-dlp\yt-dlp.exe --dump-json --flat-playlist --extractor-args youtube:skip=dash https://www.youtube.com/@dandingles/videos
2026-04-08 18:42:10,527 [INFO] Channel https://www.youtube.com/@dandingles -> 2 videos
2026-04-08 18:42:10,527 [INFO] [playlist:https://www.youtube.com/@markiplier] Attempt 1/5
2026-04-08 18:42:10,527 [INFO] RUN playlist:https://www.youtube.com/@markiplier: C:\Tools\yt-dlp\yt-dlp.exe --dump-json --flat-playlist --extractor-args youtube:skip=dash https://www.youtube.com/@markiplier/videos
2026-04-08 18:47:38,276 [INFO] Channel https://www.youtube.com/@markiplier -> 2 videos
2026-04-08 18:47:38,276 [INFO] Queue size: 14
2026-04-08 18:47:38,276 [INFO] Skipping already downloaded video 3Aspc9fmifU (DEEP DIH DUNGEON)
2026-04-08 18:47:38,276 [INFO] Skipping already downloaded video L5E1psfEEfI (Going Over The Top is NOT Fun)
2026-04-08 18:47:38,276 [INFO] Processing video 5IS5FLUbpDo (DO NOT Play Super Battle Golf Like This) from channel SMii7Y
2026-04-08 18:47:38,280 [INFO] Starting download for 5IS5FLUbpDo (DO NOT Play Super Battle Golf Like This)
2026-04-08 18:47:38,280 [INFO] Download attempt 1/5 for 5IS5FLUbpDo
2026-04-08 18:47:38,280 [INFO] [urls:5IS5FLUbpDo:134+140] Attempt 1/5
2026-04-08 18:47:38,280 [INFO] RUN urls:5IS5FLUbpDo:134+140: C:\Tools\yt-dlp\yt-dlp.exe -g -f 134+140 https://www.youtube.com/watch?v=5IS5FLUbpDo
2026-04-08 18:47:51,511 [INFO] Got URLs for 5IS5FLUbpDo with format 134+140
2026-04-08 18:47:51,511 [INFO] Starting ffmpeg for 5IS5FLUbpDo: ffmpeg -y -loglevel error -progress pipe:2 -i https://rr1---sn-uxanug5-2xg6.googlevideo.com/videoplayback?expire=1775666871&ei=VzLWac2DF-Obz7sPtcOEqAc&ip=1.159.145.215&id=o-AKhb2eegmyh2pQyfUmWct10MLgsg87zrhWMySBS-uEN_&itag=134&source=youtube&requiressl=yes&xpc=EgVo2aDSNQ%3D%3D&cps=839&met=1775645271%2C&mh=vW&mm=31%2C29&mn=sn-uxanug5-2xg6%2Csn-u1ntq5-52&ms=au%2Crdu&mv=m&mvi=1&pl=17&rms=au%2Cau&pcm2=no&initcwndbps=1975000&bui=AUUZDGKnfUGnby7iKEVc2T0vsS0t_X8flzZKdaqP0aN4SH8qAFSIXRH1JUaZLtF4AfPV92xTBTrDo9Ov&spc=jlWavdFn67ZJD2KMaYLqgRzBGQB7jPTEviZZAll2I5uU&vprv=1&svpuc=1&mime=video%2Fmp4&rqh=1&gir=yes&clen=158848175&dur=3039.666&lmt=1775594919064296&mt=1775644862&fvip=2&keepalive=yes&fexp=51565115%2C51565682&c=ANDROID_VR&txp=3309224&sparams=expire%2Cei%2Cip%2Cid%2Citag%2Csource%2Crequiressl%2Cxpc%2Cpcm2%2Cbui%2Cspc%2Cvprv%2Csvpuc%2Cmime%2Crqh%2Cgir%2Cclen%2Cdur%2Clmt&sig=AHEqNM4wRQIhAIgX2k8Gnj1pWeQ4h-3Ym0wszbzXacboLq5D3Yl8IaT5AiArO6uR7ewQKcf-zf-iwECeH7agdw8G926fxX6g8u3n-Q%3D%3D&lsparams=cps%2Cmet%2Cmh%2Cmm%2Cmn%2Cms%2Cmv%2Cmvi%2Cpl%2Crms%2Cinitcwndbps&lsig=APaTxxMwRQIgCZ35v1OtO_69aS0Tc-IPumW95irn8kNWblsMnQo_I_ICIQDqZX_35tUrkn-K8G-YMWPW5t-MBu9mUKsZX5eo2qWbiQ%3D%3D -i https://rr1---sn-uxanug5-2xg6.googlevideo.com/videoplayback?expire=1775666871&ei=VzLWac2DF-Obz7sPtcOEqAc&ip=1.159.145.215&id=o-AKhb2eegmyh2pQyfUmWct10MLgsg87zrhWMySBS-uEN_&itag=140&source=youtube&requiressl=yes&xpc=EgVo2aDSNQ%3D%3D&cps=839&met=1775645271%2C&mh=vW&mm=31%2C29&mn=sn-uxanug5-2xg6%2Csn-u1ntq5-52&ms=au%2Crdu&mv=m&mvi=1&pl=17&rms=au%2Cau&pcm2=no&initcwndbps=1975000&bui=AUUZDGKnfUGnby7iKEVc2T0vsS0t_X8flzZKdaqP0aN4SH8qAFSIXRH1JUaZLtF4AfPV92xTBTrDo9Ov&spc=jlWavdFn67ZJD2KMaYLqgRzBGQB7jPTEviZZAll2I5uU&vprv=1&svpuc=1&mime=audio%2Fmp4&rqh=1&gir=yes&clen=49195816&dur=3039.747&lmt=1775594935599799&mt=1775644862&fvip=2&keepalive=yes&fexp=51565115%2C51565682&c=ANDROID_VR&txp=3308224&sparams=expire%2Cei%2Cip%2Cid%2Citag%2Csource%2Crequiressl%2Cxpc%2Cpcm2%2Cbui%2Cspc%2Cvprv%2Csvpuc%2Cmime%2Crqh%2Cgir%2Cclen%2Cdur%2Clmt&sig=AHEqNM4wRgIhAP9l1oG1p3V9TUliGaFzDRL2CoH-UCO_F9Uke6OBoClFAiEAplU_BSnxjBeO5EWn8NTXuC2PP9aX2ki1A-Q10FTmMcY%3D&lsparams=cps%2Cmet%2Cmh%2Cmm%2Cmn%2Cms%2Cmv%2Cmvi%2Cpl%2Crms%2Cinitcwndbps&lsig=APaTxxMwRQIgCZ35v1OtO_69aS0Tc-IPumW95irn8kNWblsMnQo_I_ICIQDqZX_35tUrkn-K8G-YMWPW5t-MBu9mUKsZX5eo2qWbiQ%3D%3D -c copy 5IS5FLUbpDo.mp4
2026-04-08 19:18:05,407 [INFO] ffmpeg finished for 5IS5FLUbpDo with code 0
2026-04-08 19:18:05,407 [INFO] [ffprobe:5IS5FLUbpDo.mp4] Attempt 1/5
2026-04-08 19:18:05,407 [INFO] RUN ffprobe:5IS5FLUbpDo.mp4: ffprobe -v error -show_entries format=duration -of default=noprint_wrappers=1:nokey=1 5IS5FLUbpDo.mp4
2026-04-08 19:18:05,463 [INFO] Validation OK for 5IS5FLUbpDo.mp4 (size=209216354, duration=3039.75)
2026-04-08 19:18:05,463 [INFO] Moving 5IS5FLUbpDo.mp4 -> SMii7Y\DO NOT Play Super Battle Golf Like This.mp4
2026-04-08 19:18:05,465 [INFO] Download complete for 5IS5FLUbpDo
2026-04-08 19:18:05,465 [INFO] Skipping already downloaded video u8sRY0tKTuc (This Airport Security Game is Insane)
2026-04-08 19:18:05,465 [INFO] Skipping already downloaded video ItQHQIJvF98 (What happens if you tell ChatGPT to make Fortnite 2?)
2026-04-08 19:18:05,465 [INFO] Skipping already downloaded video RhmRDXRdYFM (I've made 10 years of YouTube videos. Let's rank them.)
2026-04-08 19:18:05,469 [INFO] Skipping already downloaded video dScpydu_HRE (I programmed a turtle)
2026-04-08 19:18:05,469 [INFO] Skipping already downloaded video ULm2jpMDJ8E (Letting my vengeful Editors control the Video)
2026-04-08 19:18:05,469 [INFO] Skipping already downloaded video 802J6OnLBgc (I Beat This Entire Factory Game With Basically No Factory - StarRupture)
2026-04-08 19:18:05,469 [INFO] Skipping already downloaded video UEQbFC2BIAc (They Asked for a Factory, I Built Them a Chaotic Nightmare - Arknights: Endfield)
2026-04-08 19:18:05,469 [INFO] Skipping already downloaded video fGLL4cbVqCs (Who the heck is Dan Dingle? (250k Q&A))
2026-04-08 19:18:05,469 [INFO] Skipping already downloaded video zitMh_7SfMY (Laughing At Sora 2 One Last Time...)
2026-04-08 19:18:05,469 [INFO] Processing video zVeFQHwW_10 (LAUGHING INTO THE SKY | Approximately Up) from channel markiplier
2026-04-08 19:18:05,469 [INFO] Starting download for zVeFQHwW_10 (LAUGHING INTO THE SKY | Approximately Up)
2026-04-08 19:18:05,472 [INFO] Download attempt 1/5 for zVeFQHwW_10
2026-04-08 19:18:05,472 [INFO] [urls:zVeFQHwW_10:134+140] Attempt 1/5
2026-04-08 19:18:05,472 [INFO] RUN urls:zVeFQHwW_10:134+140: C:\Tools\yt-dlp\yt-dlp.exe -g -f 134+140 https://www.youtube.com/watch?v=zVeFQHwW_10
2026-04-08 19:18:16,600 [INFO] Got URLs for zVeFQHwW_10 with format 134+140
2026-04-08 19:18:16,600 [INFO] Starting ffmpeg for zVeFQHwW_10: ffmpeg -y -loglevel error -progress pipe:2 -i https://rr1---sn-uxanug5-2xg6.googlevideo.com/videoplayback?expire=1775668697&ei=eTnWaZHzEsyRssUPtqC6iAk&ip=1.159.145.215&id=o-APSTzABn70Cob3YPsf5UvWjSs_-XbppoZWtu_iDzSpTB&itag=134&source=youtube&requiressl=yes&xpc=EgVo2aDSNQ%3D%3D&cps=845&met=1775647097%2C&mh=X8&mm=31%2C29&mn=sn-uxanug5-2xg6%2Csn-ntqe6n7r&ms=au%2Crdu&mv=m&mvi=1&pl=17&rms=au%2Cau&initcwndbps=1951250&bui=AUUZDGImA7H6RAHo-2PHV9V0hpQTEeKh1JPElNbRCY0aZwdN9eA_oesRLRPYt0oAq0uZkcD0cr_9YaqA&spc=jlWavUlSYrrDHWunQsscAIYjcZnuaTA9l37J02PVTzpq&vprv=1&svpuc=1&mime=video%2Fmp4&rqh=1&gir=yes&clen=203312631&dur=4446.066&lmt=1775582953658435&mt=1775646568&fvip=5&keepalive=yes&fexp=51565115%2C51565682&c=ANDROID_VR&txp=3309224&sparams=expire%2Cei%2Cip%2Cid%2Citag%2Csource%2Crequiressl%2Cxpc%2Cbui%2Cspc%2Cvprv%2Csvpuc%2Cmime%2Crqh%2Cgir%2Cclen%2Cdur%2Clmt&sig=AHEqNM4wRQIgCWB62f59PKTi61M-xSLtsuIAW4M6dDX3rdMZhMxHWaECIQDqeg_fnqxt00OhVNx41E5M26LVulLnak8PsbwDqGf38Q%3D%3D&lsparams=cps%2Cmet%2Cmh%2Cmm%2Cmn%2Cms%2Cmv%2Cmvi%2Cpl%2Crms%2Cinitcwndbps&lsig=APaTxxMwRAIgfIgCtfDG_ut8yAuNuK2Dlzbz3tQQq9wuSjHrCHy5bNECIAVyR50_nMnkNWFmU2Rsppk27ds2DkbzGnJTu9OVV7aO -i https://rr1---sn-uxanug5-2xg6.googlevideo.com/videoplayback?expire=1775668697&ei=eTnWaZHzEsyRssUPtqC6iAk&ip=1.159.145.215&id=o-APSTzABn70Cob3YPsf5UvWjSs_-XbppoZWtu_iDzSpTB&itag=140&source=youtube&requiressl=yes&xpc=EgVo2aDSNQ%3D%3D&cps=845&met=1775647097%2C&mh=X8&mm=31%2C29&mn=sn-uxanug5-2xg6%2Csn-ntqe6n7r&ms=au%2Crdu&mv=m&mvi=1&pl=17&rms=au%2Cau&initcwndbps=1951250&bui=AUUZDGImA7H6RAHo-2PHV9V0hpQTEeKh1JPElNbRCY0aZwdN9eA_oesRLRPYt0oAq0uZkcD0cr_9YaqA&spc=jlWavUlSYrrDHWunQsscAIYjcZnuaTA9l37J02PVTzpq&vprv=1&svpuc=1&mime=audio%2Fmp4&rqh=1&gir=yes&clen=71956170&dur=4446.110&lmt=1775583000251678&mt=1775646568&fvip=5&keepalive=yes&fexp=51565115%2C51565682&c=ANDROID_VR&txp=3308224&sparams=expire%2Cei%2Cip%2Cid%2Citag%2Csource%2Crequiressl%2Cxpc%2Cbui%2Cspc%2Cvprv%2Csvpuc%2Cmime%2Crqh%2Cgir%2Cclen%2Cdur%2Clmt&sig=AHEqNM4wRgIhAIATA44IQbLSHyWJKrNTAcpnAd0NW5MZg8Uo_UNNTtgVAiEAjhNmMNyWVwSs55Wz-hsC89Gxf-bR6q1CEXYg5r6DZ4I%3D&lsparams=cps%2Cmet%2Cmh%2Cmm%2Cmn%2Cms%2Cmv%2Cmvi%2Cpl%2Crms%2Cinitcwndbps&lsig=APaTxxMwRAIgfIgCtfDG_ut8yAuNuK2Dlzbz3tQQq9wuSjHrCHy5bNECIAVyR50_nMnkNWFmU2Rsppk27ds2DkbzGnJTu9OVV7aO -c copy zVeFQHwW_10.mp4
2026-04-08 19:58:17,825 [INFO] ffmpeg finished for zVeFQHwW_10 with code 0
2026-04-08 19:58:17,825 [INFO] [ffprobe:zVeFQHwW_10.mp4] Attempt 1/5
2026-04-08 19:58:17,825 [INFO] RUN ffprobe:zVeFQHwW_10.mp4: ffprobe -v error -show_entries format=duration -of default=noprint_wrappers=1:nokey=1 zVeFQHwW_10.mp4
2026-04-08 19:58:17,885 [INFO] Validation OK for zVeFQHwW_10.mp4 (size=276933008, duration=4446.11)
2026-04-08 19:58:17,885 [INFO] Moving zVeFQHwW_10.mp4 -> markiplier\LAUGHING INTO THE SKY  Approximately Up.mp4
2026-04-08 19:58:17,888 [INFO] Download complete for zVeFQHwW_10
2026-04-08 19:58:17,890 [INFO] Skipping already downloaded video ohsqwJBX_nM (NOT FROM EAR)
2026-04-08 19:58:17,890 [INFO] === EXIT ===
2026-04-08 20:18:09,118 [INFO] === START ===
2026-04-08 20:18:10,824 [INFO] yt-dlp.exe verified OK (size=18408128 bytes)
2026-04-08 20:18:10,825 [INFO] Found leftover file C:\yt\X3M-_xdfCaA.mp4 (id=X3M-_xdfCaA), validating...
2026-04-08 20:18:10,825 [INFO] [ffprobe:X3M-_xdfCaA.mp4] Attempt 1/5
2026-04-08 20:18:10,825 [INFO] RUN ffprobe:X3M-_xdfCaA.mp4: ffprobe -v error -show_entries format=duration -of default=noprint_wrappers=1:nokey=1 C:\yt\X3M-_xdfCaA.mp4
2026-04-08 20:18:10,867 [INFO] Validation OK for C:\yt\X3M-_xdfCaA.mp4 (size=2795282, duration=95.27)
2026-04-08 20:18:10,868 [INFO] Leftover file C:\yt\X3M-_xdfCaA.mp4 seems valid but unknown; leaving in place.
2026-04-08 20:18:10,868 [INFO] [playlist:https://www.youtube.com/@SMii7Yplus] Attempt 1/5
2026-04-08 20:18:10,868 [INFO] RUN playlist:https://www.youtube.com/@SMii7Yplus: C:\Tools\yt-dlp\yt-dlp.exe --dump-json --flat-playlist --extractor-args youtube:skip=dash https://www.youtube.com/@SMii7Yplus/videos
2026-04-08 20:18:20,103 [INFO] Channel https://www.youtube.com/@SMii7Yplus -> 2 videos
2026-04-08 20:18:20,103 [INFO] [playlist:https://www.youtube.com/@SMii7Y] Attempt 1/5
2026-04-08 20:18:20,103 [INFO] RUN playlist:https://www.youtube.com/@SMii7Y: C:\Tools\yt-dlp\yt-dlp.exe --dump-json --flat-playlist --extractor-args youtube:skip=dash https://www.youtube.com/@SMii7Y/videos
2026-04-08 20:18:45,564 [INFO] Channel https://www.youtube.com/@SMii7Y -> 2 videos
2026-04-08 20:18:45,564 [INFO] [playlist:https://www.youtube.com/@dougdougdoug] Attempt 1/5
2026-04-08 20:18:45,564 [INFO] RUN playlist:https://www.youtube.com/@dougdougdoug: C:\Tools\yt-dlp\yt-dlp.exe --dump-json --flat-playlist --extractor-args youtube:skip=dash https://www.youtube.com/@dougdougdoug/videos
2026-04-08 20:18:49,530 [INFO] Channel https://www.youtube.com/@dougdougdoug -> 2 videos
2026-04-08 20:18:49,530 [INFO] [playlist:https://www.youtube.com/@failboat] Attempt 1/5
2026-04-08 20:18:49,531 [INFO] RUN playlist:https://www.youtube.com/@failboat: C:\Tools\yt-dlp\yt-dlp.exe --dump-json --flat-playlist --extractor-args youtube:skip=dash https://www.youtube.com/@failboat/videos
2026-04-08 20:19:16,396 [INFO] Channel https://www.youtube.com/@failboat -> 2 videos
2026-04-08 20:19:16,396 [INFO] [playlist:https://www.youtube.com/@LetsGameItOut] Attempt 1/5
2026-04-08 20:19:16,397 [INFO] RUN playlist:https://www.youtube.com/@LetsGameItOut: C:\Tools\yt-dlp\yt-dlp.exe --dump-json --flat-playlist --extractor-args youtube:skip=dash https://www.youtube.com/@LetsGameItOut/videos
2026-04-08 20:19:31,415 [INFO] Channel https://www.youtube.com/@LetsGameItOut -> 2 videos
2026-04-08 20:19:31,415 [INFO] [playlist:https://www.youtube.com/@dandingles] Attempt 1/5
2026-04-08 20:19:31,415 [INFO] RUN playlist:https://www.youtube.com/@dandingles: C:\Tools\yt-dlp\yt-dlp.exe --dump-json --flat-playlist --extractor-args youtube:skip=dash https://www.youtube.com/@dandingles/videos
2026-04-08 20:19:43,364 [INFO] Channel https://www.youtube.com/@dandingles -> 2 videos
2026-04-08 20:19:43,364 [INFO] [playlist:https://www.youtube.com/@markiplier] Attempt 1/5
2026-04-08 20:19:43,364 [INFO] RUN playlist:https://www.youtube.com/@markiplier: C:\Tools\yt-dlp\yt-dlp.exe --dump-json --flat-playlist --extractor-args youtube:skip=dash https://www.youtube.com/@markiplier/videos
2026-04-08 20:21:19,543 [INFO] Channel https://www.youtube.com/@markiplier -> 2 videos
2026-04-08 20:21:19,543 [INFO] [playlist:https://www.youtube.com/@Fir] Attempt 1/5
2026-04-08 20:21:19,543 [INFO] RUN playlist:https://www.youtube.com/@Fir: C:\Tools\yt-dlp\yt-dlp.exe --dump-json --flat-playlist --extractor-args youtube:skip=dash https://www.youtube.com/@Fir/videos
2026-04-08 20:21:25,031 [INFO] Channel https://www.youtube.com/@Fir -> 2 videos
2026-04-08 20:21:25,031 [INFO] Queue size: 16
2026-04-08 20:21:25,031 [INFO] Skipping already downloaded video 3Aspc9fmifU (DEEP DIH DUNGEON)
2026-04-08 20:21:25,032 [INFO] Skipping already downloaded video L5E1psfEEfI (Going Over The Top is NOT Fun)
2026-04-08 20:21:25,032 [INFO] Skipping already downloaded video 5IS5FLUbpDo (DO NOT Play Super Battle Golf Like This)
2026-04-08 20:21:25,032 [INFO] Skipping already downloaded video u8sRY0tKTuc (This Airport Security Game is Insane)
2026-04-08 20:21:25,033 [INFO] Skipping already downloaded video ItQHQIJvF98 (What happens if you tell ChatGPT to make Fortnite 2?)
2026-04-08 20:21:25,033 [INFO] Skipping already downloaded video RhmRDXRdYFM (I've made 10 years of YouTube videos. Let's rank them.)
2026-04-08 20:21:25,033 [INFO] Skipping already downloaded video dScpydu_HRE (I programmed a turtle)
2026-04-08 20:21:25,034 [INFO] Skipping already downloaded video ULm2jpMDJ8E (Letting my vengeful Editors control the Video)
2026-04-08 20:21:25,034 [INFO] Skipping already downloaded video 802J6OnLBgc (I Beat This Entire Factory Game With Basically No Factory - StarRupture)
2026-04-08 20:21:25,034 [INFO] Skipping already downloaded video UEQbFC2BIAc (They Asked for a Factory, I Built Them a Chaotic Nightmare - Arknights: Endfield)
2026-04-08 20:21:25,035 [INFO] Skipping already downloaded video fGLL4cbVqCs (Who the heck is Dan Dingle? (250k Q&A))
2026-04-08 20:21:25,035 [INFO] Skipping already downloaded video zitMh_7SfMY (Laughing At Sora 2 One Last Time...)
2026-04-08 20:21:25,035 [INFO] Skipping already downloaded video zVeFQHwW_10 (LAUGHING INTO THE SKY | Approximately Up)
2026-04-08 20:21:25,036 [INFO] Skipping already downloaded video ohsqwJBX_nM (NOT FROM EAR)
2026-04-08 20:21:25,036 [INFO] Processing video eEtIMzhJeYo (They Added Over 60 Types to Pokemon) from channel Fir
2026-04-08 20:21:25,036 [INFO] Starting download for eEtIMzhJeYo (They Added Over 60 Types to Pokemon)
2026-04-08 20:21:25,038 [INFO] Download attempt 1/5 for eEtIMzhJeYo
2026-04-08 20:21:25,038 [INFO] [urls:eEtIMzhJeYo:134+140] Attempt 1/5
2026-04-08 20:21:25,038 [INFO] RUN urls:eEtIMzhJeYo:134+140: C:\Tools\yt-dlp\yt-dlp.exe -g -f 134+140 https://www.youtube.com/watch?v=eEtIMzhJeYo
2026-04-08 20:21:28,956 [INFO] Got URLs for eEtIMzhJeYo with format 134+140
2026-04-08 20:21:28,956 [INFO] Starting ffmpeg for eEtIMzhJeYo: ffmpeg -y -loglevel error -progress pipe:2 -i https://rr1---sn-uxanug5-2xg6.googlevideo.com/videoplayback?expire=1775672488&ei=SEjWaaDVM_HO9fwP6d2u-Ag&ip=1.159.145.215&id=o-AEgiojaFs20z7l1DYw2D8qAqyE9rJrCLc3tArdPmO5wL&itag=134&source=youtube&requiressl=yes&xpc=EgVo2aDSNQ%3D%3D&cps=381&met=1775650888%2C&mh=se&mm=31%2C29&mn=sn-uxanug5-2xg6%2Csn-ntq7yned&ms=au%2Crdu&mv=m&mvi=1&pl=17&rms=au%2Cau&initcwndbps=1880000&bui=AUUZDGL3cAN_usS_CBqv-74KzbSZCacWOkNk3wT6Us9Gjr3rajpV1tSgoy501SrbyVkbxet_3HZxabx0&spc=jlWavcmlEy2JMnOxu9Ur531DH2NWDGyatcctSCRSo47I&vprv=1&svpuc=1&mime=video%2Fmp4&rqh=1&gir=yes&clen=385245379&dur=9338.033&lmt=1773693591366688&mt=1775650423&fvip=1&keepalive=yes&fexp=51565115%2C51565682&c=ANDROID_VR&txp=3309224&sparams=expire%2Cei%2Cip%2Cid%2Citag%2Csource%2Crequiressl%2Cxpc%2Cbui%2Cspc%2Cvprv%2Csvpuc%2Cmime%2Crqh%2Cgir%2Cclen%2Cdur%2Clmt&sig=AHEqNM4wRQIgFVlwzEX8_fUsOSdyvd0PJa_Oas0rdttiSdHdoKhlHrwCIQCaD55VBuodWZ6ViBekSQ7yErHEHrQBh1__Qw_EBEZOPg%3D%3D&lsparams=cps%2Cmet%2Cmh%2Cmm%2Cmn%2Cms%2Cmv%2Cmvi%2Cpl%2Crms%2Cinitcwndbps&lsig=APaTxxMwRgIhAJPJRUl1c-TMXScwRYJaj5tGwqtWiNP-DWyhV9-NdDQkAiEA6wGClP2-8YEWfm_u0eFx4t9ZMmEb3AapHaKnreMTwDI%3D -i https://rr1---sn-uxanug5-2xg6.googlevideo.com/videoplayback?expire=1775672488&ei=SEjWaaDVM_HO9fwP6d2u-Ag&ip=1.159.145.215&id=o-AEgiojaFs20z7l1DYw2D8qAqyE9rJrCLc3tArdPmO5wL&itag=140&source=youtube&requiressl=yes&xpc=EgVo2aDSNQ%3D%3D&cps=381&met=1775650888%2C&mh=se&mm=31%2C29&mn=sn-uxanug5-2xg6%2Csn-ntq7yned&ms=au%2Crdu&mv=m&mvi=1&pl=17&rms=au%2Cau&initcwndbps=1880000&bui=AUUZDGL3cAN_usS_CBqv-74KzbSZCacWOkNk3wT6Us9Gjr3rajpV1tSgoy501SrbyVkbxet_3HZxabx0&spc=jlWavcmlEy2JMnOxu9Ur531DH2NWDGyatcctSCRSo47I&vprv=1&svpuc=1&mime=audio%2Fmp4&rqh=1&gir=yes&clen=151127500&dur=9338.090&lmt=1773693628196732&mt=1775650423&fvip=1&keepalive=yes&fexp=51565115%2C51565682&c=ANDROID_VR&txp=3308224&sparams=expire%2Cei%2Cip%2Cid%2Citag%2Csource%2Crequiressl%2Cxpc%2Cbui%2Cspc%2Cvprv%2Csvpuc%2Cmime%2Crqh%2Cgir%2Cclen%2Cdur%2Clmt&sig=AHEqNM4wRAIgbFVaTm4itMmpHDNt4i-MM0fsPWsUIJ8YAp7HhLYJXJkCIF7knf2NVqNCAoFO2XkTbP30TekCgTu3d7VbtCxfQ6H5&lsparams=cps%2Cmet%2Cmh%2Cmm%2Cmn%2Cms%2Cmv%2Cmvi%2Cpl%2Crms%2Cinitcwndbps&lsig=APaTxxMwRgIhAJPJRUl1c-TMXScwRYJaj5tGwqtWiNP-DWyhV9-NdDQkAiEA6wGClP2-8YEWfm_u0eFx4t9ZMmEb3AapHaKnreMTwDI%3D -c copy eEtIMzhJeYo.mp4
2026-04-08 21:42:23,993 [INFO] ffmpeg finished for eEtIMzhJeYo with code 0
2026-04-08 21:42:23,993 [INFO] [ffprobe:eEtIMzhJeYo.mp4] Attempt 1/5
2026-04-08 21:42:23,993 [INFO] RUN ffprobe:eEtIMzhJeYo.mp4: ffprobe -v error -show_entries format=duration -of default=noprint_wrappers=1:nokey=1 eEtIMzhJeYo.mp4
2026-04-08 21:42:24,075 [INFO] Validation OK for eEtIMzhJeYo.mp4 (size=539723498, duration=9338.09)
2026-04-08 21:42:24,076 [INFO] Moving eEtIMzhJeYo.mp4 -> Fir\They Added Over 60 Types to Pokemon.mp4
2026-04-08 21:42:24,078 [INFO] Download complete for eEtIMzhJeYo
2026-04-08 21:42:24,079 [INFO] Channel Fir cooling down for 30.0 seconds
2026-04-08 21:42:54,079 [INFO] Processing video 7EGCiTlQG1g (Mario Odyssey but the world is "Tile-Locked") from channel Fir
2026-04-08 21:42:54,079 [INFO] Starting download for 7EGCiTlQG1g (Mario Odyssey but the world is "Tile-Locked")
2026-04-08 21:42:54,080 [INFO] Download attempt 1/5 for 7EGCiTlQG1g
2026-04-08 21:42:54,080 [INFO] [urls:7EGCiTlQG1g:134+140] Attempt 1/5
2026-04-08 21:42:54,080 [INFO] RUN urls:7EGCiTlQG1g:134+140: C:\Tools\yt-dlp\yt-dlp.exe -g -f 134+140 https://www.youtube.com/watch?v=7EGCiTlQG1g
2026-04-08 21:42:57,895 [INFO] Got URLs for 7EGCiTlQG1g with format 134+140
2026-04-08 21:42:57,896 [INFO] Starting ffmpeg for 7EGCiTlQG1g: ffmpeg -y -loglevel error -progress pipe:2 -i https://rr5---sn-uxanug5-2xg6.googlevideo.com/videoplayback?expire=1775677377&ei=YVvWaa7XOO-y9fwP46DkyQ4&ip=1.159.145.215&id=o-AGS2zCxSPBsNXeSwVlv1XldIjcIR9GVOZqagxtvuesHu&itag=134&source=youtube&requiressl=yes&xpc=EgVo2aDSNQ%3D%3D&cps=296&met=1775655777%2C&mh=4x&mm=31%2C29&mn=sn-uxanug5-2xg6%2Csn-ntq7ynle&ms=au%2Crdu&mv=m&mvi=5&pl=17&rms=au%2Cau&initcwndbps=1927500&bui=AUUZDGJwP2Lr-iYdZtGsh8i3rVhnWz9AUBT1u_GTrGtRQTlx42MSltp_yST-kR2uvIL07HM7urEFWRIP&spc=jlWavZCTAm_Ym-CFUEPtiVJsWebUQIPRDPglFz-Lyl4x&vprv=1&svpuc=1&mime=video%2Fmp4&rqh=1&gir=yes&clen=254593259&dur=4067.133&lmt=1773281020206340&mt=1775655270&fvip=2&keepalive=yes&fexp=51565116%2C51565682&c=ANDROID_VR&txp=3309224&sparams=expire%2Cei%2Cip%2Cid%2Citag%2Csource%2Crequiressl%2Cxpc%2Cbui%2Cspc%2Cvprv%2Csvpuc%2Cmime%2Crqh%2Cgir%2Cclen%2Cdur%2Clmt&sig=AHEqNM4wRgIhAPcx3CARh9EsMpwJTR1MQ4xgQMHReEbl965HLB4qGuYVAiEA2eFPyLXAVfQdF4IGMvTjyHRUlXfKnXl8uefMwfegjpE%3D&lsparams=cps%2Cmet%2Cmh%2Cmm%2Cmn%2Cms%2Cmv%2Cmvi%2Cpl%2Crms%2Cinitcwndbps&lsig=APaTxxMwRQIhAIn1fvz4bVHHaud0Su0-yMkM8uyASPK332d4aj0faQHsAiAWEYeAh7d71gtUFgvZ4iWpBzFm9hYX1yC-M0aPx9Dgyg%3D%3D -i https://rr5---sn-uxanug5-2xg6.googlevideo.com/videoplayback?expire=1775677377&ei=YVvWaa7XOO-y9fwP46DkyQ4&ip=1.159.145.215&id=o-AGS2zCxSPBsNXeSwVlv1XldIjcIR9GVOZqagxtvuesHu&itag=140&source=youtube&requiressl=yes&xpc=EgVo2aDSNQ%3D%3D&cps=296&met=1775655777%2C&mh=4x&mm=31%2C29&mn=sn-uxanug5-2xg6%2Csn-ntq7ynle&ms=au%2Crdu&mv=m&mvi=5&pl=17&rms=au%2Cau&initcwndbps=1927500&bui=AUUZDGJwP2Lr-iYdZtGsh8i3rVhnWz9AUBT1u_GTrGtRQTlx42MSltp_yST-kR2uvIL07HM7urEFWRIP&spc=jlWavZCTAm_Ym-CFUEPtiVJsWebUQIPRDPglFz-Lyl4x&vprv=1&svpuc=1&mime=audio%2Fmp4&rqh=1&gir=yes&clen=65823998&dur=4067.183&lmt=1773280957746634&mt=1775655270&fvip=2&keepalive=yes&fexp=51565116%2C51565682&c=ANDROID_VR&txp=3308224&sparams=expire%2Cei%2Cip%2Cid%2Citag%2Csource%2Crequiressl%2Cxpc%2Cbui%2Cspc%2Cvprv%2Csvpuc%2Cmime%2Crqh%2Cgir%2Cclen%2Cdur%2Clmt&sig=AHEqNM4wRQIgG4XzJFae8RcQxF_VlfwdKnjFbkVJGBFahIf_FhQT6MECIQCdjOCtmv2D_GuDMcXU_lrx3Ez4r4otBi0hz7oSZJ3dPA%3D%3D&lsparams=cps%2Cmet%2Cmh%2Cmm%2Cmn%2Cms%2Cmv%2Cmvi%2Cpl%2Crms%2Cinitcwndbps&lsig=APaTxxMwRQIhAIn1fvz4bVHHaud0Su0-yMkM8uyASPK332d4aj0faQHsAiAWEYeAh7d71gtUFgvZ4iWpBzFm9hYX1yC-M0aPx9Dgyg%3D%3D -c copy 7EGCiTlQG1g.mp4
2026-04-08 22:08:04,421 [WARNING] Ctrl+C detected — graceful shutdown requested.
2026-04-08 22:08:04,421 [WARNING] Terminated ffmpeg for 7EGCiTlQG1g due to Ctrl+C.
2026-04-08 22:08:04,421 [ERROR] ffmpeg failed for 7EGCiTlQG1g on attempt 1
2026-04-08 22:08:04,421 [WARNING] Moving corrupted file 7EGCiTlQG1g.mp4 -> corrupted\7EGCiTlQG1g.mp4
2026-04-08 22:08:09,424 [WARNING] Interrupted during download of 7EGCiTlQG1g — aborting safely.
2026-04-08 22:08:09,426 [INFO] === EXIT ===
2026-04-09 11:20:26,054 [INFO] === START ===
2026-04-09 11:20:28,195 [INFO] yt-dlp.exe verified OK (size=18408128 bytes)
2026-04-09 11:20:28,195 [INFO] Found leftover file C:\yt\X3M-_xdfCaA.mp4 (id=X3M-_xdfCaA), validating...
2026-04-09 11:20:28,195 [INFO] [ffprobe:X3M-_xdfCaA.mp4] Attempt 1/5
2026-04-09 11:20:28,195 [INFO] RUN ffprobe:X3M-_xdfCaA.mp4: ffprobe -v error -show_entries format=duration -of default=noprint_wrappers=1:nokey=1 C:\yt\X3M-_xdfCaA.mp4
2026-04-09 11:20:28,243 [INFO] Validation OK for C:\yt\X3M-_xdfCaA.mp4 (size=2795282, duration=95.27)
2026-04-09 11:20:28,243 [INFO] Leftover file C:\yt\X3M-_xdfCaA.mp4 seems valid but unknown; leaving in place.
2026-04-09 11:20:28,243 [INFO] Clearing in_progress (7EGCiTlQG1g) because temp file missing.
2026-04-09 11:20:28,243 [INFO] [playlist:https://www.youtube.com/@SMii7Yplus] Attempt 1/5
2026-04-09 11:20:28,259 [INFO] RUN playlist:https://www.youtube.com/@SMii7Yplus: C:\Tools\yt-dlp\yt-dlp.exe --dump-json --flat-playlist --extractor-args youtube:skip=dash https://www.youtube.com/@SMii7Yplus/videos
2026-04-09 11:20:30,034 [WARNING] [playlist:https://www.youtube.com/@SMii7Yplus] Failed (code 1).
2026-04-09 11:20:30,034 [INFO] [playlist:https://www.youtube.com/@SMii7Yplus] Retrying in 5 seconds...
2026-04-09 11:20:35,035 [INFO] [playlist:https://www.youtube.com/@SMii7Yplus] Attempt 2/5
2026-04-09 11:20:35,035 [INFO] RUN playlist:https://www.youtube.com/@SMii7Yplus: C:\Tools\yt-dlp\yt-dlp.exe --dump-json --flat-playlist --extractor-args youtube:skip=dash https://www.youtube.com/@SMii7Yplus/videos
2026-04-09 11:20:36,895 [WARNING] [playlist:https://www.youtube.com/@SMii7Yplus] Failed (code 1).
2026-04-09 11:20:36,895 [INFO] [playlist:https://www.youtube.com/@SMii7Yplus] Retrying in 5 seconds...
2026-04-09 11:20:41,905 [INFO] [playlist:https://www.youtube.com/@SMii7Yplus] Attempt 3/5
2026-04-09 11:20:41,905 [INFO] RUN playlist:https://www.youtube.com/@SMii7Yplus: C:\Tools\yt-dlp\yt-dlp.exe --dump-json --flat-playlist --extractor-args youtube:skip=dash https://www.youtube.com/@SMii7Yplus/videos
2026-04-09 11:20:43,772 [WARNING] [playlist:https://www.youtube.com/@SMii7Yplus] Failed (code 1).
2026-04-09 11:20:43,772 [INFO] [playlist:https://www.youtube.com/@SMii7Yplus] Retrying in 5 seconds...
2026-04-09 11:20:48,772 [INFO] [playlist:https://www.youtube.com/@SMii7Yplus] Attempt 4/5
2026-04-09 11:20:48,772 [INFO] RUN playlist:https://www.youtube.com/@SMii7Yplus: C:\Tools\yt-dlp\yt-dlp.exe --dump-json --flat-playlist --extractor-args youtube:skip=dash https://www.youtube.com/@SMii7Yplus/videos
2026-04-09 11:21:01,041 [INFO] Channel https://www.youtube.com/@SMii7Yplus -> 2 videos
2026-04-09 11:21:01,041 [INFO] [playlist:https://www.youtube.com/@SMii7Y] Attempt 1/5
2026-04-09 11:21:01,042 [INFO] RUN playlist:https://www.youtube.com/@SMii7Y: C:\Tools\yt-dlp\yt-dlp.exe --dump-json --flat-playlist --extractor-args youtube:skip=dash https://www.youtube.com/@SMii7Y/videos
2026-04-09 11:21:30,407 [INFO] Channel https://www.youtube.com/@SMii7Y -> 2 videos
2026-04-09 11:21:30,407 [INFO] [playlist:https://www.youtube.com/@dougdougdoug] Attempt 1/5
2026-04-09 11:21:30,407 [INFO] RUN playlist:https://www.youtube.com/@dougdougdoug: C:\Tools\yt-dlp\yt-dlp.exe --dump-json --flat-playlist --extractor-args youtube:skip=dash https://www.youtube.com/@dougdougdoug/videos
2026-04-09 11:21:34,774 [INFO] Channel https://www.youtube.com/@dougdougdoug -> 2 videos
2026-04-09 11:21:34,774 [INFO] [playlist:https://www.youtube.com/@failboat] Attempt 1/5
2026-04-09 11:21:34,774 [INFO] RUN playlist:https://www.youtube.com/@failboat: C:\Tools\yt-dlp\yt-dlp.exe --dump-json --flat-playlist --extractor-args youtube:skip=dash https://www.youtube.com/@failboat/videos
2026-04-09 11:22:06,464 [INFO] Channel https://www.youtube.com/@failboat -> 2 videos
2026-04-09 11:22:06,465 [INFO] [playlist:https://www.youtube.com/@LetsGameItOut] Attempt 1/5
2026-04-09 11:22:06,465 [INFO] RUN playlist:https://www.youtube.com/@LetsGameItOut: C:\Tools\yt-dlp\yt-dlp.exe --dump-json --flat-playlist --extractor-args youtube:skip=dash https://www.youtube.com/@LetsGameItOut/videos
2026-04-09 11:22:22,580 [INFO] Channel https://www.youtube.com/@LetsGameItOut -> 2 videos
2026-04-09 11:22:22,581 [INFO] [playlist:https://www.youtube.com/@dandingles] Attempt 1/5
2026-04-09 11:22:22,581 [INFO] RUN playlist:https://www.youtube.com/@dandingles: C:\Tools\yt-dlp\yt-dlp.exe --dump-json --flat-playlist --extractor-args youtube:skip=dash https://www.youtube.com/@dandingles/videos
2026-04-09 11:22:26,419 [INFO] Channel https://www.youtube.com/@dandingles -> 2 videos
2026-04-09 11:22:26,419 [INFO] [playlist:https://www.youtube.com/@markiplier] Attempt 1/5
2026-04-09 11:22:26,419 [INFO] RUN playlist:https://www.youtube.com/@markiplier: C:\Tools\yt-dlp\yt-dlp.exe --dump-json --flat-playlist --extractor-args youtube:skip=dash https://www.youtube.com/@markiplier/videos
2026-04-09 11:24:04,900 [INFO] Channel https://www.youtube.com/@markiplier -> 2 videos
2026-04-09 11:24:04,900 [INFO] [playlist:https://www.youtube.com/@Fir] Attempt 1/5
2026-04-09 11:24:04,900 [INFO] RUN playlist:https://www.youtube.com/@Fir: C:\Tools\yt-dlp\yt-dlp.exe --dump-json --flat-playlist --extractor-args youtube:skip=dash https://www.youtube.com/@Fir/videos
2026-04-09 11:24:10,737 [INFO] Channel https://www.youtube.com/@Fir -> 2 videos
2026-04-09 11:24:10,737 [INFO] [playlist:https://www.youtube.com/@PointCrow] Attempt 1/5
2026-04-09 11:24:10,737 [INFO] RUN playlist:https://www.youtube.com/@PointCrow: C:\Tools\yt-dlp\yt-dlp.exe --dump-json --flat-playlist --extractor-args youtube:skip=dash https://www.youtube.com/@PointCrow/videos
2026-04-09 11:24:17,281 [INFO] Channel https://www.youtube.com/@PointCrow -> 2 videos
2026-04-09 11:24:17,282 [INFO] [playlist:https://www.youtube.com/@DougDougHaters] Attempt 1/5
2026-04-09 11:24:17,282 [INFO] RUN playlist:https://www.youtube.com/@DougDougHaters: C:\Tools\yt-dlp\yt-dlp.exe --dump-json --flat-playlist --extractor-args youtube:skip=dash https://www.youtube.com/@DougDougHaters/videos
2026-04-09 11:24:22,065 [INFO] Channel https://www.youtube.com/@DougDougHaters -> 2 videos
2026-04-09 11:24:22,065 [INFO] [playlist:https://www.youtube.com/@ElectroBOOM] Attempt 1/5
2026-04-09 11:24:22,065 [INFO] RUN playlist:https://www.youtube.com/@ElectroBOOM: C:\Tools\yt-dlp\yt-dlp.exe --dump-json --flat-playlist --extractor-args youtube:skip=dash https://www.youtube.com/@ElectroBOOM/videos
2026-04-09 11:24:28,804 [INFO] Channel https://www.youtube.com/@ElectroBOOM -> 2 videos
2026-04-09 11:24:28,805 [INFO] Queue size: 22
2026-04-09 11:24:28,805 [INFO] Skipping already downloaded video 3Aspc9fmifU (DEEP DIH DUNGEON)
2026-04-09 11:24:28,805 [INFO] Skipping already downloaded video L5E1psfEEfI (Going Over The Top is NOT Fun)
2026-04-09 11:24:28,806 [INFO] Skipping already downloaded video 5IS5FLUbpDo (DO NOT Play Super Battle Golf Like This)
2026-04-09 11:24:28,806 [INFO] Skipping already downloaded video u8sRY0tKTuc (This Airport Security Game is Insane)
2026-04-09 11:24:28,806 [INFO] Skipping already downloaded video ItQHQIJvF98 (What happens if you tell ChatGPT to make Fortnite 2?)
2026-04-09 11:24:28,806 [INFO] Skipping already downloaded video RhmRDXRdYFM (I've made 10 years of YouTube videos. Let's rank them.)
2026-04-09 11:24:28,808 [INFO] Skipping already downloaded video dScpydu_HRE (I programmed a turtle)
2026-04-09 11:24:28,808 [INFO] Skipping already downloaded video ULm2jpMDJ8E (Letting my vengeful Editors control the Video)
2026-04-09 11:24:28,808 [INFO] Skipping already downloaded video 802J6OnLBgc (I Beat This Entire Factory Game With Basically No Factory - StarRupture)
2026-04-09 11:24:28,809 [INFO] Skipping already downloaded video UEQbFC2BIAc (They Asked for a Factory, I Built Them a Chaotic Nightmare - Arknights: Endfield)
2026-04-09 11:24:28,809 [INFO] Skipping already downloaded video fGLL4cbVqCs (Who the heck is Dan Dingle? (250k Q&A))
2026-04-09 11:24:28,809 [INFO] Skipping already downloaded video zitMh_7SfMY (Laughing At Sora 2 One Last Time...)
2026-04-09 11:24:28,809 [INFO] Processing video 1nDcd873gO0 (PSYCHO INN) from channel markiplier
2026-04-09 11:24:28,809 [INFO] Starting download for 1nDcd873gO0 (PSYCHO INN)
2026-04-09 11:24:28,811 [INFO] Download attempt 1/5 for 1nDcd873gO0
2026-04-09 11:24:28,811 [INFO] [urls:1nDcd873gO0:134+140] Attempt 1/5
2026-04-09 11:24:28,811 [INFO] RUN urls:1nDcd873gO0:134+140: C:\Tools\yt-dlp\yt-dlp.exe -g -f 134+140 https://www.youtube.com/watch?v=1nDcd873gO0
2026-04-09 11:24:32,710 [INFO] Got URLs for 1nDcd873gO0 with format 134+140
2026-04-09 11:24:32,710 [INFO] Starting ffmpeg for 1nDcd873gO0: ffmpeg -y -loglevel error -progress pipe:2 -i https://rr5---sn-uxanug5-2xgd.googlevideo.com/videoplayback?expire=1775726673&ei=8RvXaaXqBNiez7sPwvnfUQ&ip=1.159.145.215&id=o-ANYPhK2EqrJeLXepJOGyiXbJYWOngbB-8rBck0indmHv&itag=134&source=youtube&requiressl=yes&xpc=EgVo2aDSNQ%3D%3D&cps=786&met=1775705073%2C&mh=kX&mm=31%2C29&mn=sn-uxanug5-2xgd%2Csn-hxa76n7s&ms=au%2Crdu&mv=m&mvi=5&pl=17&rms=au%2Cau&initcwndbps=2110000&bui=AUUZDGIXbQ-KQPTeJ8bLX3Qy-28NuxRze7BSEfG8jqgLPJHMxllwWj-jOvVXYrccpJDjO-q0Ixsk35BF&spc=jlWavbOKFUcLoqvS4y8w_o6PnK5BYdODm28BkL-hDB5R&vprv=1&svpuc=1&mime=video%2Fmp4&rqh=1&gir=yes&clen=68581739&dur=1576.866&lmt=1775674217053112&mt=1775703679&fvip=1&keepalive=yes&fexp=51565116%2C51565681&c=ANDROID_VR&txp=3309224&sparams=expire%2Cei%2Cip%2Cid%2Citag%2Csource%2Crequiressl%2Cxpc%2Cbui%2Cspc%2Cvprv%2Csvpuc%2Cmime%2Crqh%2Cgir%2Cclen%2Cdur%2Clmt&sig=AHEqNM4wRAIgYl7ED2Dawikc2czeoC4jrC0fsY4WX_Nfj0y89mDz90ECIBmU4Z1CSDHELw5HRO8ErWGOmUG013z97ufb7CRSIebj&lsparams=cps%2Cmet%2Cmh%2Cmm%2Cmn%2Cms%2Cmv%2Cmvi%2Cpl%2Crms%2Cinitcwndbps&lsig=APaTxxMwRAIgPofxGaMJtmT3YqLvKtm2AEAjXRJPHXcYi5iLYNmL1Z8CIFN-0HSuqAv0PWv0Ey7_fwAAtlEkPmIAkG_gVsdFsGQB -i https://rr5---sn-uxanug5-2xgd.googlevideo.com/videoplayback?expire=1775726673&ei=8RvXaaXqBNiez7sPwvnfUQ&ip=1.159.145.215&id=o-ANYPhK2EqrJeLXepJOGyiXbJYWOngbB-8rBck0indmHv&itag=140&source=youtube&requiressl=yes&xpc=EgVo2aDSNQ%3D%3D&cps=786&met=1775705073%2C&mh=kX&mm=31%2C29&mn=sn-uxanug5-2xgd%2Csn-hxa76n7s&ms=au%2Crdu&mv=m&mvi=5&pl=17&rms=au%2Cau&initcwndbps=2110000&bui=AUUZDGIXbQ-KQPTeJ8bLX3Qy-28NuxRze7BSEfG8jqgLPJHMxllwWj-jOvVXYrccpJDjO-q0Ixsk35BF&spc=jlWavbOKFUcLoqvS4y8w_o6PnK5BYdODm28BkL-hDB5R&vprv=1&svpuc=1&mime=audio%2Fmp4&rqh=1&gir=yes&clen=25520972&dur=1576.890&lmt=1775674137626375&mt=1775703679&fvip=1&keepalive=yes&fexp=51565116%2C51565681&c=ANDROID_VR&txp=3308224&sparams=expire%2Cei%2Cip%2Cid%2Citag%2Csource%2Crequiressl%2Cxpc%2Cbui%2Cspc%2Cvprv%2Csvpuc%2Cmime%2Crqh%2Cgir%2Cclen%2Cdur%2Clmt&sig=AHEqNM4wRAIgXir5ObG2evUsfgasYLWmmfYWIIKxKufO5URsowOKTEgCIAxCZF1F1Hz-dTDEHs-SrYf1yqsyUrj8TZgdYR2H16rN&lsparams=cps%2Cmet%2Cmh%2Cmm%2Cmn%2Cms%2Cmv%2Cmvi%2Cpl%2Crms%2Cinitcwndbps&lsig=APaTxxMwRAIgPofxGaMJtmT3YqLvKtm2AEAjXRJPHXcYi5iLYNmL1Z8CIFN-0HSuqAv0PWv0Ey7_fwAAtlEkPmIAkG_gVsdFsGQB -c copy 1nDcd873gO0.mp4
2026-04-09 11:39:26,519 [INFO] ffmpeg finished for 1nDcd873gO0 with code 0
2026-04-09 11:39:26,520 [INFO] [ffprobe:1nDcd873gO0.mp4] Attempt 1/5
2026-04-09 11:39:26,520 [INFO] RUN ffprobe:1nDcd873gO0.mp4: ffprobe -v error -show_entries format=duration -of default=noprint_wrappers=1:nokey=1 1nDcd873gO0.mp4
2026-04-09 11:39:26,568 [INFO] Validation OK for 1nDcd873gO0.mp4 (size=94672458, duration=1576.89)
2026-04-09 11:39:26,569 [INFO] Moving 1nDcd873gO0.mp4 -> markiplier\PSYCHO INN.mp4
2026-04-09 11:39:26,571 [INFO] Download complete for 1nDcd873gO0
2026-04-09 11:39:26,573 [INFO] Skipping already downloaded video zVeFQHwW_10 (LAUGHING INTO THE SKY | Approximately Up)
2026-04-09 11:39:26,573 [INFO] Skipping already downloaded video eEtIMzhJeYo (They Added Over 60 Types to Pokemon)
2026-04-09 11:39:26,573 [INFO] Processing video 7EGCiTlQG1g (Mario Odyssey but the world is "Tile-Locked") from channel Fir
2026-04-09 11:39:26,573 [INFO] Starting download for 7EGCiTlQG1g (Mario Odyssey but the world is "Tile-Locked")
2026-04-09 11:39:26,574 [INFO] Download attempt 1/5 for 7EGCiTlQG1g
2026-04-09 11:39:26,574 [INFO] [urls:7EGCiTlQG1g:134+140] Attempt 1/5
2026-04-09 11:39:26,574 [INFO] RUN urls:7EGCiTlQG1g:134+140: C:\Tools\yt-dlp\yt-dlp.exe -g -f 134+140 https://www.youtube.com/watch?v=7EGCiTlQG1g
2026-04-09 11:39:30,599 [INFO] Got URLs for 7EGCiTlQG1g with format 134+140
2026-04-09 11:39:30,599 [INFO] Starting ffmpeg for 7EGCiTlQG1g: ffmpeg -y -loglevel error -progress pipe:2 -i https://rr5---sn-uxanug5-2xg6.googlevideo.com/videoplayback?expire=1775727571&ei=ch_XacncO__BssUPwOTP6A0&ip=1.159.145.215&id=o-ACgSS4yh1CAOl0Q91iFUWzOyY_0YDVWZ72Gb2GgEY-Np&itag=134&source=youtube&requiressl=yes&xpc=EgVo2aDSNQ%3D%3D&cps=228&met=1775705971%2C&mh=4x&mm=31%2C29&mn=sn-uxanug5-2xg6%2Csn-hxa7zn7s&ms=au%2Crdu&mv=m&mvi=5&pl=17&rms=au%2Cau&initcwndbps=2173750&bui=AUUZDGI1gRYHVVKv33LkSOOWCw3GuDVN6dC5ih7T0EZb9UA03z1cnLw3hwiLY0K5YmG8uuiaL2IoXKGN&spc=jlWavU5-Qdt3I8s2FfkSu92p4Vk_9hyA7BokzolYejMf&vprv=1&svpuc=1&mime=video%2Fmp4&rqh=1&gir=yes&clen=254593259&dur=4067.133&lmt=1773281020206340&mt=1775705570&fvip=3&keepalive=yes&fexp=51565115%2C51565682&c=ANDROID_VR&txp=3309224&sparams=expire%2Cei%2Cip%2Cid%2Citag%2Csource%2Crequiressl%2Cxpc%2Cbui%2Cspc%2Cvprv%2Csvpuc%2Cmime%2Crqh%2Cgir%2Cclen%2Cdur%2Clmt&sig=AHEqNM4wRAIgAWXktJAshGf6BStTmNaY31QvBGLkb0C9tk5zH2Yxh5wCIEnN-UvQf06qQ7W5t5oR_xSgsclAD2EeElZnq3qzliLK&lsparams=cps%2Cmet%2Cmh%2Cmm%2Cmn%2Cms%2Cmv%2Cmvi%2Cpl%2Crms%2Cinitcwndbps&lsig=APaTxxMwRgIhAMY0UO2iuaJl4wcOdQyScMM6CbnZ_zL1fAZbyQPOHPmYAiEArKrK4ut0LfyhlhZch7a6psG1zXr7RO2yVQTbtx41kE8%3D -i https://rr5---sn-uxanug5-2xg6.googlevideo.com/videoplayback?expire=1775727571&ei=ch_XacncO__BssUPwOTP6A0&ip=1.159.145.215&id=o-ACgSS4yh1CAOl0Q91iFUWzOyY_0YDVWZ72Gb2GgEY-Np&itag=140&source=youtube&requiressl=yes&xpc=EgVo2aDSNQ%3D%3D&cps=228&met=1775705971%2C&mh=4x&mm=31%2C29&mn=sn-uxanug5-2xg6%2Csn-hxa7zn7s&ms=au%2Crdu&mv=m&mvi=5&pl=17&rms=au%2Cau&initcwndbps=2173750&bui=AUUZDGI1gRYHVVKv33LkSOOWCw3GuDVN6dC5ih7T0EZb9UA03z1cnLw3hwiLY0K5YmG8uuiaL2IoXKGN&spc=jlWavU5-Qdt3I8s2FfkSu92p4Vk_9hyA7BokzolYejMf&vprv=1&svpuc=1&mime=audio%2Fmp4&rqh=1&gir=yes&clen=65823998&dur=4067.183&lmt=1773280957746634&mt=1775705570&fvip=3&keepalive=yes&fexp=51565115%2C51565682&c=ANDROID_VR&txp=3308224&sparams=expire%2Cei%2Cip%2Cid%2Citag%2Csource%2Crequiressl%2Cxpc%2Cbui%2Cspc%2Cvprv%2Csvpuc%2Cmime%2Crqh%2Cgir%2Cclen%2Cdur%2Clmt&sig=AHEqNM4wRAIgWhNDFW-b1lkO9OyaTcAv9c7pNvWpdrOKQWyimiyVc5gCIAIhjgsrXmyUFPc1RUD-7uzTbp1DxYjZK2yJa9PCHynA&lsparams=cps%2Cmet%2Cmh%2Cmm%2Cmn%2Cms%2Cmv%2Cmvi%2Cpl%2Crms%2Cinitcwndbps&lsig=APaTxxMwRgIhAMY0UO2iuaJl4wcOdQyScMM6CbnZ_zL1fAZbyQPOHPmYAiEArKrK4ut0LfyhlhZch7a6psG1zXr7RO2yVQTbtx41kE8%3D -c copy 7EGCiTlQG1g.mp4
2026-04-09 12:13:43,974 [INFO] ffmpeg finished for 7EGCiTlQG1g with code 0
2026-04-09 12:13:43,975 [INFO] [ffprobe:7EGCiTlQG1g.mp4] Attempt 1/5
2026-04-09 12:13:43,975 [INFO] RUN ffprobe:7EGCiTlQG1g.mp4: ffprobe -v error -show_entries format=duration -of default=noprint_wrappers=1:nokey=1 7EGCiTlQG1g.mp4
2026-04-09 12:13:44,036 [INFO] Validation OK for 7EGCiTlQG1g.mp4 (size=322042512, duration=4067.18)
2026-04-09 12:13:44,038 [INFO] Moving 7EGCiTlQG1g.mp4 -> Fir\Mario Odyssey but the world is Tile-Locked.mp4
2026-04-09 12:13:44,039 [INFO] Download complete for 7EGCiTlQG1g
2026-04-09 12:13:44,041 [INFO] Processing video GjeuMXoa-7Y (Pokemon, but it has more rules than other YouTubers) from channel PointCrow
2026-04-09 12:13:44,041 [INFO] Starting download for GjeuMXoa-7Y (Pokemon, but it has more rules than other YouTubers)
2026-04-09 12:13:44,043 [INFO] Download attempt 1/5 for GjeuMXoa-7Y
2026-04-09 12:13:44,043 [INFO] [urls:GjeuMXoa-7Y:134+140] Attempt 1/5
2026-04-09 12:13:44,043 [INFO] RUN urls:GjeuMXoa-7Y:134+140: C:\Tools\yt-dlp\yt-dlp.exe -g -f 134+140 https://www.youtube.com/watch?v=GjeuMXoa-7Y
2026-04-09 12:13:47,757 [INFO] Got URLs for GjeuMXoa-7Y with format 134+140
2026-04-09 12:13:47,757 [INFO] Starting ffmpeg for GjeuMXoa-7Y: ffmpeg -y -loglevel error -progress pipe:2 -i https://rr3---sn-uxanug5-2xgd.googlevideo.com/videoplayback?expire=1775729628&ei=fCfXafjeDJKs9fwP6o6UoQo&ip=1.159.145.215&id=o-AFOjvXUkbQITQMyj8jj5tIQenGznpPX54UpiQ-LzMHRc&itag=134&source=youtube&requiressl=yes&xpc=EgVo2aDSNQ%3D%3D&cps=1&met=1775708028%2C&mh=6e&mm=31%2C29&mn=sn-uxanug5-2xgd%2Csn-hxa76n7s&ms=au%2Crdu&mv=m&mvi=3&pl=17&rms=au%2Cau&initcwndbps=2043750&bui=AUUZDGJY-VpPrxJycWh2wGdTPITGu9XcmJikmHo-NXhIMLrdunenGjvghMse4nzqmlokTGJNhhxxFkIZ&spc=jlWavQ1ctN16VS_p6uzVO1_pLB5RuxIV9uWMfeOi5_FL&vprv=1&svpuc=1&mime=video%2Fmp4&rqh=1&gir=yes&clen=150728376&dur=3922.566&lmt=1766528165241374&mt=1775707731&fvip=3&keepalive=yes&fexp=51565116%2C51565681&c=ANDROID_VR&txp=3309224&sparams=expire%2Cei%2Cip%2Cid%2Citag%2Csource%2Crequiressl%2Cxpc%2Cbui%2Cspc%2Cvprv%2Csvpuc%2Cmime%2Crqh%2Cgir%2Cclen%2Cdur%2Clmt&sig=AHEqNM4wRgIhAMlnjcEG5S4DVRjO7O9C1WK_yMKqHTT5WChm6ojTBh1JAiEA-puL9LhiwAKQK6vuVkZhFb9M2ucBmzUiN8Au3sl0O6Y%3D&lsparams=cps%2Cmet%2Cmh%2Cmm%2Cmn%2Cms%2Cmv%2Cmvi%2Cpl%2Crms%2Cinitcwndbps&lsig=APaTxxMwRAIgOkn3CWNR6Hlt4nPjJbc2w8mLXXzV0ortjjtBELKlyyQCICQUx_SikMVBa_c5o2-fVuhHtRFRfemb6Rnjx804CTTJ -i https://rr3---sn-uxanug5-2xgd.googlevideo.com/videoplayback?expire=1775729628&ei=fCfXafjeDJKs9fwP6o6UoQo&ip=1.159.145.215&id=o-AFOjvXUkbQITQMyj8jj5tIQenGznpPX54UpiQ-LzMHRc&itag=140&source=youtube&requiressl=yes&xpc=EgVo2aDSNQ%3D%3D&cps=1&met=1775708028%2C&mh=6e&mm=31%2C29&mn=sn-uxanug5-2xgd%2Csn-hxa76n7s&ms=au%2Crdu&mv=m&mvi=3&pl=17&rms=au%2Cau&initcwndbps=2043750&bui=AUUZDGJY-VpPrxJycWh2wGdTPITGu9XcmJikmHo-NXhIMLrdunenGjvghMse4nzqmlokTGJNhhxxFkIZ&spc=jlWavQ1ctN16VS_p6uzVO1_pLB5RuxIV9uWMfeOi5_FL&vprv=1&svpuc=1&mime=audio%2Fmp4&rqh=1&gir=yes&clen=63484316&dur=3922.639&lmt=1766528226896934&mt=1775707731&fvip=3&keepalive=yes&fexp=51565116%2C51565681&c=ANDROID_VR&txp=3308224&sparams=expire%2Cei%2Cip%2Cid%2Citag%2Csource%2Crequiressl%2Cxpc%2Cbui%2Cspc%2Cvprv%2Csvpuc%2Cmime%2Crqh%2Cgir%2Cclen%2Cdur%2Clmt&sig=AHEqNM4wRQIgLCBmZoBq5Nhl8juEZ1R2r_mUy6GEhBINh5v3T-5tu6kCIQCq3XilTzPBfFi1YkR6zrpGB7W4BcMZ8JwIIC1Cc4AMNA%3D%3D&lsparams=cps%2Cmet%2Cmh%2Cmm%2Cmn%2Cms%2Cmv%2Cmvi%2Cpl%2Crms%2Cinitcwndbps&lsig=APaTxxMwRAIgOkn3CWNR6Hlt4nPjJbc2w8mLXXzV0ortjjtBELKlyyQCICQUx_SikMVBa_c5o2-fVuhHtRFRfemb6Rnjx804CTTJ -c copy GjeuMXoa-7Y.mp4
2026-04-09 12:47:36,130 [INFO] ffmpeg finished for GjeuMXoa-7Y with code 0
2026-04-09 12:47:36,131 [INFO] [ffprobe:GjeuMXoa-7Y.mp4] Attempt 1/5
2026-04-09 12:47:36,131 [INFO] RUN ffprobe:GjeuMXoa-7Y.mp4: ffprobe -v error -show_entries format=duration -of default=noprint_wrappers=1:nokey=1 GjeuMXoa-7Y.mp4
2026-04-09 12:47:36,185 [INFO] Validation OK for GjeuMXoa-7Y.mp4 (size=215645223, duration=3922.64)
2026-04-09 12:47:36,186 [INFO] Moving GjeuMXoa-7Y.mp4 -> PointCrow\Pokemon, but it has more rules than other YouTubers.mp4
2026-04-09 12:47:36,188 [INFO] Download complete for GjeuMXoa-7Y
2026-04-09 12:47:36,190 [INFO] Channel PointCrow cooling down for 30.0 seconds
2026-04-09 12:48:06,188 [INFO] Processing video cZaAyhD3wdA (Can You Beat Pokemon Without EVER Levelling Up?) from channel PointCrow
2026-04-09 12:48:06,188 [INFO] Starting download for cZaAyhD3wdA (Can You Beat Pokemon Without EVER Levelling Up?)
2026-04-09 12:48:06,190 [INFO] Download attempt 1/5 for cZaAyhD3wdA
2026-04-09 12:48:06,190 [INFO] [urls:cZaAyhD3wdA:134+140] Attempt 1/5
2026-04-09 12:48:06,190 [INFO] RUN urls:cZaAyhD3wdA:134+140: C:\Tools\yt-dlp\yt-dlp.exe -g -f 134+140 https://www.youtube.com/watch?v=cZaAyhD3wdA
2026-04-09 12:48:10,326 [INFO] Got URLs for cZaAyhD3wdA with format 134+140
2026-04-09 12:48:10,327 [INFO] Starting ffmpeg for cZaAyhD3wdA: ffmpeg -y -loglevel error -progress pipe:2 -i https://rr4---sn-uxanug5-2xg6.googlevideo.com/videoplayback?expire=1775731690&ei=ii_XaaiVNa-PssUPtOXI4Q4&ip=1.159.145.215&id=o-AAF5RuUwfFEIJgmigWz_zFdJy5b8814qU6_IoTg6pK0p&itag=134&source=youtube&requiressl=yes&xpc=EgVo2aDSNQ%3D%3D&cps=233&met=1775710090%2C&mh=bY&mm=31%2C29&mn=sn-uxanug5-2xg6%2Csn-hxa76n7s&ms=au%2Crdu&mv=m&mvi=4&pl=17&rms=au%2Cau&initcwndbps=2015000&bui=AUUZDGIgQI7jjgTwBlYPCEKQgcyLl4pFJsh1dBxHkc-XMDnKX-3X6oz7FDoKUFZ4HDhehG82rMeZOA2p&spc=jlWavWqtCPP5srXBCppFTX9nwLBnmSIJIdIcVubaznu7&vprv=1&svpuc=1&mime=video%2Fmp4&rqh=1&gir=yes&clen=96942969&dur=2598.633&lmt=1765593708349460&mt=1775709655&fvip=1&keepalive=yes&fexp=51565115%2C51565682&c=ANDROID_VR&txp=3309224&sparams=expire%2Cei%2Cip%2Cid%2Citag%2Csource%2Crequiressl%2Cxpc%2Cbui%2Cspc%2Cvprv%2Csvpuc%2Cmime%2Crqh%2Cgir%2Cclen%2Cdur%2Clmt&sig=AHEqNM4wRQIgJfgvcchRULFKLPtq6ykAa63tcgmnLH_nqbmlpvvN0UcCIQCt5W5vBxmWZMmyfMEe0-1J-eZT0z4BRx1ya2rPqASVlA%3D%3D&lsparams=cps%2Cmet%2Cmh%2Cmm%2Cmn%2Cms%2Cmv%2Cmvi%2Cpl%2Crms%2Cinitcwndbps&lsig=APaTxxMwRQIgMDcl_HUv4FLDZdf8SCRemjfmhF3509WnP4P_jGmAEjMCIQCZNHcamnhqGEeNzOxXfVcJG63I3f6PZUriANEs2lsJrA%3D%3D -i https://rr4---sn-uxanug5-2xg6.googlevideo.com/videoplayback?expire=1775731690&ei=ii_XaaiVNa-PssUPtOXI4Q4&ip=1.159.145.215&id=o-AAF5RuUwfFEIJgmigWz_zFdJy5b8814qU6_IoTg6pK0p&itag=140&source=youtube&requiressl=yes&xpc=EgVo2aDSNQ%3D%3D&cps=233&met=1775710090%2C&mh=bY&mm=31%2C29&mn=sn-uxanug5-2xg6%2Csn-hxa76n7s&ms=au%2Crdu&mv=m&mvi=4&pl=17&rms=au%2Cau&initcwndbps=2015000&bui=AUUZDGIgQI7jjgTwBlYPCEKQgcyLl4pFJsh1dBxHkc-XMDnKX-3X6oz7FDoKUFZ4HDhehG82rMeZOA2p&spc=jlWavWqtCPP5srXBCppFTX9nwLBnmSIJIdIcVubaznu7&vprv=1&svpuc=1&mime=audio%2Fmp4&rqh=1&gir=yes&clen=42057903&dur=2598.684&lmt=1765593505605718&mt=1775709655&fvip=1&keepalive=yes&fexp=51565115%2C51565682&c=ANDROID_VR&txp=3308224&sparams=expire%2Cei%2Cip%2Cid%2Citag%2Csource%2Crequiressl%2Cxpc%2Cbui%2Cspc%2Cvprv%2Csvpuc%2Cmime%2Crqh%2Cgir%2Cclen%2Cdur%2Clmt&sig=AHEqNM4wRAIgHCTxSxK7ZP70TMb3IFSZReuGXygXL3BY5F8kRmDHhR8CIADGBeaDiUGnd-vrBzX1uArFKJTp0dmAMl40BCsDLgdQ&lsparams=cps%2Cmet%2Cmh%2Cmm%2Cmn%2Cms%2Cmv%2Cmvi%2Cpl%2Crms%2Cinitcwndbps&lsig=APaTxxMwRQIgMDcl_HUv4FLDZdf8SCRemjfmhF3509WnP4P_jGmAEjMCIQCZNHcamnhqGEeNzOxXfVcJG63I3f6PZUriANEs2lsJrA%3D%3D -c copy cZaAyhD3wdA.mp4
2026-04-09 13:10:36,347 [INFO] ffmpeg finished for cZaAyhD3wdA with code 0
2026-04-09 13:10:36,347 [INFO] [ffprobe:cZaAyhD3wdA.mp4] Attempt 1/5
2026-04-09 13:10:36,347 [INFO] RUN ffprobe:cZaAyhD3wdA.mp4: ffprobe -v error -show_entries format=duration -of default=noprint_wrappers=1:nokey=1 cZaAyhD3wdA.mp4
2026-04-09 13:10:36,397 [INFO] Validation OK for cZaAyhD3wdA.mp4 (size=139940487, duration=2598.68)
2026-04-09 13:10:36,397 [INFO] Moving cZaAyhD3wdA.mp4 -> PointCrow\Can You Beat Pokemon Without EVER Levelling Up.mp4
2026-04-09 13:10:36,399 [INFO] Download complete for cZaAyhD3wdA
2026-04-09 13:10:36,401 [INFO] Processing video Gk9USAd-9To (Can Chat beat the Tutorial before Doug beats Mario?) from channel DougDougHaters
2026-04-09 13:10:36,401 [INFO] Starting download for Gk9USAd-9To (Can Chat beat the Tutorial before Doug beats Mario?)
2026-04-09 13:10:36,404 [INFO] Download attempt 1/5 for Gk9USAd-9To
2026-04-09 13:10:36,404 [INFO] [urls:Gk9USAd-9To:134+140] Attempt 1/5
2026-04-09 13:10:36,404 [INFO] RUN urls:Gk9USAd-9To:134+140: C:\Tools\yt-dlp\yt-dlp.exe -g -f 134+140 https://www.youtube.com/watch?v=Gk9USAd-9To
2026-04-09 13:10:40,053 [INFO] Got URLs for Gk9USAd-9To with format 134+140
2026-04-09 13:10:40,053 [INFO] Starting ffmpeg for Gk9USAd-9To: ffmpeg -y -loglevel error -progress pipe:2 -i https://rr2---sn-uxanug5-2xg6.googlevideo.com/videoplayback?expire=1775733040&ei=0DTXaZfwJpXFg8UP8MWVKA&ip=1.159.145.215&id=o-ANIdMQCCrLKr8nf31Orc3-dqwW7tNdjCatfuWzTJcFfm&itag=134&source=youtube&requiressl=yes&xpc=EgVo2aDSNQ%3D%3D&cps=336&met=1775711440%2C&mh=vZ&mm=31%2C29&mn=sn-uxanug5-2xg6%2Csn-hxa76n7s&ms=au%2Crdu&mv=m&mvi=2&pcm2cms=yes&pl=17&rms=au%2Cau&initcwndbps=2045000&bui=AUUZDGIyFLaMZ8AFOcUaidzwf1NoXf9ljeRQtVascBzJF1hfNR71CFi47hVqMxYsE6Omir1MDPYaaP9z&spc=jlWaveQ7r8cy00L7atx1BVATyW0Xw3Jje2AiFyPZX0UF&vprv=1&svpuc=1&mime=video%2Fmp4&rqh=1&gir=yes&clen=44465516&dur=1622.099&lmt=1775649240082524&mt=1775711090&fvip=5&keepalive=yes&fexp=51565115%2C51565681&c=ANDROID_VR&txp=4432534&sparams=expire%2Cei%2Cip%2Cid%2Citag%2Csource%2Crequiressl%2Cxpc%2Cbui%2Cspc%2Cvprv%2Csvpuc%2Cmime%2Crqh%2Cgir%2Cclen%2Cdur%2Clmt&sig=AHEqNM4wRAIgFbcCSykpfzMIrCHAF5J28Mf7KcJ_t60XEPM-6WWe1UECIHWI89HgYcJO0GNYBrlmMlw1sifmZU99HLnSKrrEtCLO&lsparams=cps%2Cmet%2Cmh%2Cmm%2Cmn%2Cms%2Cmv%2Cmvi%2Cpcm2cms%2Cpl%2Crms%2Cinitcwndbps&lsig=APaTxxMwRQIgd2clLtD4HbEzdrQphFQLBWH2W4ut0Ssvpdkz6mjlJjkCIQDi8J44vpaIeNxJE45IZ7QSmh-GoGHDcjXQixvxprf7zQ%3D%3D -i https://rr2---sn-uxanug5-2xg6.googlevideo.com/videoplayback?expire=1775733040&ei=0DTXaZfwJpXFg8UP8MWVKA&ip=1.159.145.215&id=o-ANIdMQCCrLKr8nf31Orc3-dqwW7tNdjCatfuWzTJcFfm&itag=140&source=youtube&requiressl=yes&xpc=EgVo2aDSNQ%3D%3D&cps=336&met=1775711440%2C&mh=vZ&mm=31%2C29&mn=sn-uxanug5-2xg6%2Csn-hxa76n7s&ms=au%2Crdu&mv=m&mvi=2&pcm2cms=yes&pl=17&rms=au%2Cau&initcwndbps=2045000&bui=AUUZDGIyFLaMZ8AFOcUaidzwf1NoXf9ljeRQtVascBzJF1hfNR71CFi47hVqMxYsE6Omir1MDPYaaP9z&spc=jlWaveQ7r8cy00L7atx1BVATyW0Xw3Jje2AiFyPZX0UF&vprv=1&svpuc=1&mime=audio%2Fmp4&rqh=1&gir=yes&clen=26254104&dur=1622.169&lmt=1775648627721711&mt=1775711090&fvip=5&keepalive=yes&fexp=51565115%2C51565681&c=ANDROID_VR&txp=4432534&sparams=expire%2Cei%2Cip%2Cid%2Citag%2Csource%2Crequiressl%2Cxpc%2Cbui%2Cspc%2Cvprv%2Csvpuc%2Cmime%2Crqh%2Cgir%2Cclen%2Cdur%2Clmt&sig=AHEqNM4wRAIgIQGxmXM0gggDzUVcXspqSX7p83Q60HjDAz91BAfPPFYCIBrar8TMcusbZUznf07A2pQUJWOcwKmHJBYL7R2yRzjq&lsparams=cps%2Cmet%2Cmh%2Cmm%2Cmn%2Cms%2Cmv%2Cmvi%2Cpcm2cms%2Cpl%2Crms%2Cinitcwndbps&lsig=APaTxxMwRQIgd2clLtD4HbEzdrQphFQLBWH2W4ut0Ssvpdkz6mjlJjkCIQDi8J44vpaIeNxJE45IZ7QSmh-GoGHDcjXQixvxprf7zQ%3D%3D -c copy Gk9USAd-9To.mp4
2026-04-09 13:24:51,183 [INFO] ffmpeg finished for Gk9USAd-9To with code 0
2026-04-09 13:24:51,183 [INFO] [ffprobe:Gk9USAd-9To.mp4] Attempt 1/5
2026-04-09 13:24:51,184 [INFO] RUN ffprobe:Gk9USAd-9To.mp4: ffprobe -v error -show_entries format=duration -of default=noprint_wrappers=1:nokey=1 Gk9USAd-9To.mp4
2026-04-09 13:24:51,234 [INFO] Validation OK for Gk9USAd-9To.mp4 (size=71487295, duration=1622.17)
2026-04-09 13:24:51,234 [INFO] Moving Gk9USAd-9To.mp4 -> DougDougHaters\Can Chat beat the Tutorial before Doug beats Mario.mp4
2026-04-09 13:24:51,236 [INFO] Download complete for Gk9USAd-9To
2026-04-09 13:24:51,238 [INFO] Channel DougDougHaters cooling down for 30.0 seconds
2026-04-09 13:25:21,238 [INFO] Processing video dIfXQBqHxIM (When DougDoug Takes Damage a Cutscene Plays) from channel DougDougHaters
2026-04-09 13:25:21,238 [INFO] Starting download for dIfXQBqHxIM (When DougDoug Takes Damage a Cutscene Plays)
2026-04-09 13:25:21,240 [INFO] Download attempt 1/5 for dIfXQBqHxIM
2026-04-09 13:25:21,240 [INFO] [urls:dIfXQBqHxIM:134+140] Attempt 1/5
2026-04-09 13:25:21,240 [INFO] RUN urls:dIfXQBqHxIM:134+140: C:\Tools\yt-dlp\yt-dlp.exe -g -f 134+140 https://www.youtube.com/watch?v=dIfXQBqHxIM
2026-04-09 13:25:24,916 [INFO] Got URLs for dIfXQBqHxIM with format 134+140
2026-04-09 13:25:24,916 [INFO] Starting ffmpeg for dIfXQBqHxIM: ffmpeg -y -loglevel error -progress pipe:2 -i https://rr5---sn-uxanug5-2xg6.googlevideo.com/videoplayback?expire=1775733925&ei=RTjXaYOaJM2Rz7sPrtDDgA0&ip=1.159.145.215&id=o-AFGKOqHwA9TEYhw6RL23Xi568LnrB88WAzA0HdMAaOZ1&itag=134&source=youtube&requiressl=yes&xpc=EgVo2aDSNQ%3D%3D&cps=340&met=1775712325%2C&mh=ka&mm=31%2C29&mn=sn-uxanug5-2xg6%2Csn-ajhxac-5c&ms=au%2Crdu&mv=m&mvi=5&pcm2cms=yes&pl=17&rms=au%2Cau&initcwndbps=2000000&bui=AUUZDGJVO98mzB64ssqZ2jkjXaGLkmSm0l-B3fKBy61sIsWmNHPzH44kmgRSZlaXyNTg53tgaheEWzaU&spc=jlWavSVXwyZE7D6-HV3943EyNy7nd-SRiQRNLkrTwo9j&vprv=1&svpuc=1&mime=video%2Fmp4&rqh=1&gir=yes&clen=100929542&dur=2324.789&lmt=1775261348247276&mt=1775711810&fvip=4&keepalive=yes&fexp=51565115%2C51565681&c=ANDROID_VR&txp=4432534&sparams=expire%2Cei%2Cip%2Cid%2Citag%2Csource%2Crequiressl%2Cxpc%2Cbui%2Cspc%2Cvprv%2Csvpuc%2Cmime%2Crqh%2Cgir%2Cclen%2Cdur%2Clmt&sig=AHEqNM4wRAIgY_yqdqDJ4N79JRlnEDh1X86hDN2OXTE-7lS6GYNAwNkCIGkSpW6OHCHSp4LiZitjjV3OuIyiKyCE9VuTSB_YXAH3&lsparams=cps%2Cmet%2Cmh%2Cmm%2Cmn%2Cms%2Cmv%2Cmvi%2Cpcm2cms%2Cpl%2Crms%2Cinitcwndbps&lsig=APaTxxMwRAIgTLrEIgZjHibhcCQnq2BywZBfbn665CdRCSkv5GP7DF4CIAOKliFvrUA6QeEdaOfflOVtWpIzoSIhFnrThIEdhu_D -i https://rr5---sn-uxanug5-2xg6.googlevideo.com/videoplayback?expire=1775733925&ei=RTjXaYOaJM2Rz7sPrtDDgA0&ip=1.159.145.215&id=o-AFGKOqHwA9TEYhw6RL23Xi568LnrB88WAzA0HdMAaOZ1&itag=140&source=youtube&requiressl=yes&xpc=EgVo2aDSNQ%3D%3D&cps=340&met=1775712325%2C&mh=ka&mm=31%2C29&mn=sn-uxanug5-2xg6%2Csn-ajhxac-5c&ms=au%2Crdu&mv=m&mvi=5&pcm2cms=yes&pl=17&rms=au%2Cau&initcwndbps=2000000&bui=AUUZDGJVO98mzB64ssqZ2jkjXaGLkmSm0l-B3fKBy61sIsWmNHPzH44kmgRSZlaXyNTg53tgaheEWzaU&spc=jlWavSVXwyZE7D6-HV3943EyNy7nd-SRiQRNLkrTwo9j&vprv=1&svpuc=1&mime=audio%2Fmp4&rqh=1&gir=yes&clen=37626029&dur=2324.851&lmt=1775259212165879&mt=1775711810&fvip=4&keepalive=yes&fexp=51565115%2C51565681&c=ANDROID_VR&txp=4432534&sparams=expire%2Cei%2Cip%2Cid%2Citag%2Csource%2Crequiressl%2Cxpc%2Cbui%2Cspc%2Cvprv%2Csvpuc%2Cmime%2Crqh%2Cgir%2Cclen%2Cdur%2Clmt&sig=AHEqNM4wRAIgTiZteqvqbcpN04lpNImV9EA75o_sNej71aLCqBklg60CIDetbc1n2tJT5U79CXntERtlGqejUb8mQobrCTaHiEl-&lsparams=cps%2Cmet%2Cmh%2Cmm%2Cmn%2Cms%2Cmv%2Cmvi%2Cpcm2cms%2Cpl%2Crms%2Cinitcwndbps&lsig=APaTxxMwRAIgTLrEIgZjHibhcCQnq2BywZBfbn665CdRCSkv5GP7DF4CIAOKliFvrUA6QeEdaOfflOVtWpIzoSIhFnrThIEdhu_D -c copy dIfXQBqHxIM.mp4
2026-04-09 13:46:39,715 [INFO] ffmpeg finished for dIfXQBqHxIM with code 0
2026-04-09 13:46:39,715 [INFO] [ffprobe:dIfXQBqHxIM.mp4] Attempt 1/5
2026-04-09 13:46:39,715 [INFO] RUN ffprobe:dIfXQBqHxIM.mp4: ffprobe -v error -show_entries format=duration -of default=noprint_wrappers=1:nokey=1 dIfXQBqHxIM.mp4
2026-04-09 13:46:39,766 [INFO] Validation OK for dIfXQBqHxIM.mp4 (size=139694526, duration=2324.85)
2026-04-09 13:46:39,766 [INFO] Moving dIfXQBqHxIM.mp4 -> DougDougHaters\When DougDoug Takes Damage a Cutscene Plays.mp4
2026-04-09 13:46:39,768 [INFO] Download complete for dIfXQBqHxIM
2026-04-09 13:46:39,769 [INFO] Processing video EBgxa8OzjB8 (Components Giving Birth?! (LATITY-018)) from channel ElectroBOOM
2026-04-09 13:46:39,769 [INFO] Starting download for EBgxa8OzjB8 (Components Giving Birth?! (LATITY-018))
2026-04-09 13:46:39,770 [INFO] Download attempt 1/5 for EBgxa8OzjB8
2026-04-09 13:46:39,772 [INFO] [urls:EBgxa8OzjB8:134+140] Attempt 1/5
2026-04-09 13:46:39,772 [INFO] RUN urls:EBgxa8OzjB8:134+140: C:\Tools\yt-dlp\yt-dlp.exe -g -f 134+140 https://www.youtube.com/watch?v=EBgxa8OzjB8
2026-04-09 13:46:43,403 [INFO] Got URLs for EBgxa8OzjB8 with format 134+140
2026-04-09 13:46:43,403 [INFO] Starting ffmpeg for EBgxa8OzjB8: ffmpeg -y -loglevel error -progress pipe:2 -i https://rr3---sn-uxanug5-2xgd.googlevideo.com/videoplayback?expire=1775735204&ei=RD3XafuYBuqW77AP-4jX8AQ&ip=1.159.145.215&id=o-AO13qXpMQB4nxPNVq4aQrMYnvypcbRTEX3cEiaz4LhBF&itag=134&source=youtube&requiressl=yes&xpc=EgVo2aDSNQ%3D%3D&cps=262&met=1775713604%2C&mh=IE&mm=31%2C29&mn=sn-uxanug5-2xgd%2Csn-ajhxac-5c&ms=au%2Crdu&mv=m&mvi=3&pcm2cms=yes&pl=17&rms=au%2Cau&initcwndbps=1992500&bui=AUUZDGI1PPgzl7qE4XwR6aAKA9Pp52hnUup-gpHJzuXptbLkUy46bgOR6eLlw0UHH_mcLR7x6AqODvY7&spc=jlWavXXiSeEN5Fs26P8iLtX-OPp8pRnLk6p_Kq_d3i0i&vprv=1&svpuc=1&mime=video%2Fmp4&rqh=1&gir=yes&clen=16760974&dur=783.616&lmt=1775195305067399&mt=1775713256&fvip=3&keepalive=yes&fexp=51565115%2C51565681&c=ANDROID_VR&txp=4532534&sparams=expire%2Cei%2Cip%2Cid%2Citag%2Csource%2Crequiressl%2Cxpc%2Cbui%2Cspc%2Cvprv%2Csvpuc%2Cmime%2Crqh%2Cgir%2Cclen%2Cdur%2Clmt&sig=AHEqNM4wRgIhALHsC31CbmRzHlI_w2EKOqeH8QdWOznPtiUl2PyNjZg6AiEAjPzTARAXpQ5I5j-anY8EM4fDq-T-pUW2ZNHs7mv5Q1A%3D&lsparams=cps%2Cmet%2Cmh%2Cmm%2Cmn%2Cms%2Cmv%2Cmvi%2Cpcm2cms%2Cpl%2Crms%2Cinitcwndbps&lsig=APaTxxMwRAIgP-Fz9wgH-IAGWr2DNb3YnfZOmgvcK2UGkpSb8mgnZdICIB2rZiAcgfMs8he7Ye_QEShyn2UVrUBSL_74TBrkbI6V -i https://rr3---sn-uxanug5-2xgd.googlevideo.com/videoplayback?expire=1775735204&ei=RD3XafuYBuqW77AP-4jX8AQ&ip=1.159.145.215&id=o-AO13qXpMQB4nxPNVq4aQrMYnvypcbRTEX3cEiaz4LhBF&itag=140&source=youtube&requiressl=yes&xpc=EgVo2aDSNQ%3D%3D&cps=262&met=1775713604%2C&mh=IE&mm=31%2C29&mn=sn-uxanug5-2xgd%2Csn-ajhxac-5c&ms=au%2Crdu&mv=m&mvi=3&pcm2cms=yes&pl=17&rms=au%2Cau&initcwndbps=1992500&bui=AUUZDGI1PPgzl7qE4XwR6aAKA9Pp52hnUup-gpHJzuXptbLkUy46bgOR6eLlw0UHH_mcLR7x6AqODvY7&spc=jlWavXXiSeEN5Fs26P8iLtX-OPp8pRnLk6p_Kq_d3i0i&vprv=1&svpuc=1&mime=audio%2Fmp4&rqh=1&gir=yes&clen=12683694&dur=783.673&lmt=1775194076516586&mt=1775713256&fvip=3&keepalive=yes&fexp=51565115%2C51565681&c=ANDROID_VR&txp=4532534&sparams=expire%2Cei%2Cip%2Cid%2Citag%2Csource%2Crequiressl%2Cxpc%2Cbui%2Cspc%2Cvprv%2Csvpuc%2Cmime%2Crqh%2Cgir%2Cclen%2Cdur%2Clmt&sig=AHEqNM4wRAIgU0btPNu8vs9xEgS9na8H1CphrhiSeqBTrJ50Zav0O18CIFjC5LxhlidIKeKUcc0cnfz7SHt5NgdmHAmaJsxIJi4a&lsparams=cps%2Cmet%2Cmh%2Cmm%2Cmn%2Cms%2Cmv%2Cmvi%2Cpcm2cms%2Cpl%2Crms%2Cinitcwndbps&lsig=APaTxxMwRAIgP-Fz9wgH-IAGWr2DNb3YnfZOmgvcK2UGkpSb8mgnZdICIB2rZiAcgfMs8he7Ye_QEShyn2UVrUBSL_74TBrkbI6V -c copy EBgxa8OzjB8.mp4
2026-04-09 13:53:58,047 [INFO] ffmpeg finished for EBgxa8OzjB8 with code 0
2026-04-09 13:53:58,047 [INFO] [ffprobe:EBgxa8OzjB8.mp4] Attempt 1/5
2026-04-09 13:53:58,047 [INFO] RUN ffprobe:EBgxa8OzjB8.mp4: ffprobe -v error -show_entries format=duration -of default=noprint_wrappers=1:nokey=1 EBgxa8OzjB8.mp4
2026-04-09 13:53:58,090 [INFO] Validation OK for EBgxa8OzjB8.mp4 (size=29819851, duration=783.67)
2026-04-09 13:53:58,091 [INFO] Moving EBgxa8OzjB8.mp4 -> ElectroBOOM\Components Giving Birth! (LATITY-018).mp4
2026-04-09 13:53:58,092 [INFO] Download complete for EBgxa8OzjB8
2026-04-09 13:53:58,094 [INFO] Channel ElectroBOOM cooling down for 30.0 seconds
2026-04-09 13:54:28,092 [INFO] Processing video F-CFdCp0xaw (DON'T Screw into MY FLOOR!) from channel ElectroBOOM
2026-04-09 13:54:28,092 [INFO] Starting download for F-CFdCp0xaw (DON'T Screw into MY FLOOR!)
2026-04-09 13:54:28,093 [INFO] Download attempt 1/5 for F-CFdCp0xaw
2026-04-09 13:54:28,093 [INFO] [urls:F-CFdCp0xaw:134+140] Attempt 1/5
2026-04-09 13:54:28,093 [INFO] RUN urls:F-CFdCp0xaw:134+140: C:\Tools\yt-dlp\yt-dlp.exe -g -f 134+140 https://www.youtube.com/watch?v=F-CFdCp0xaw
2026-04-09 13:54:31,913 [INFO] Got URLs for F-CFdCp0xaw with format 134+140
2026-04-09 13:54:31,913 [INFO] Starting ffmpeg for F-CFdCp0xaw: ffmpeg -y -loglevel error -progress pipe:2 -i https://rr2---sn-uxanug5-2xg6.googlevideo.com/videoplayback?expire=1775735672&ei=GD_XaazyJsHT3LUP96rCQQ&ip=1.159.145.215&id=o-AMOlGD9HMd7QigXEM1Bai3FhGOfKO3sfRR3E6DuR301w&itag=134&source=youtube&requiressl=yes&xpc=EgVo2aDSNQ%3D%3D&cps=415&met=1775714072%2C&mh=kV&mm=31%2C29&mn=sn-uxanug5-2xg6%2Csn-ajhxac-5c&ms=au%2Crdu&mv=m&mvi=2&pl=17&rms=au%2Cau&initcwndbps=1952500&bui=AUUZDGLdX0pbHTsXQfaXRjtmA-YcyKRvnnMYQrhZVZ3z7D3cswMMcCsJ2jSNVqmvSlpkITuViWQjxVlG&spc=jlWavVBGv-F3mQh-ezp1PYAaugwPByd_n4ep2Gfx7gGJ&vprv=1&svpuc=1&mime=video%2Fmp4&rqh=1&gir=yes&clen=18949166&dur=709.275&lmt=1774127106850759&mt=1775713731&fvip=4&keepalive=yes&fexp=51565115%2C51565682&c=ANDROID_VR&txp=4532534&sparams=expire%2Cei%2Cip%2Cid%2Citag%2Csource%2Crequiressl%2Cxpc%2Cbui%2Cspc%2Cvprv%2Csvpuc%2Cmime%2Crqh%2Cgir%2Cclen%2Cdur%2Clmt&sig=AHEqNM4wRgIhAL5JB5ZDlpQmF3gR3QSlj-JuenXdtONaZ9PCz_VypS8MAiEA1hetBymK-tUVIbrvDzGT5ZK76tHmjdKVI47Ez4f0A2o%3D&lsparams=cps%2Cmet%2Cmh%2Cmm%2Cmn%2Cms%2Cmv%2Cmvi%2Cpl%2Crms%2Cinitcwndbps&lsig=APaTxxMwRQIgZ6WPJ2K4i1WxHpn38fWJpzGTTlDpbkr3zjWohZXx3lICIQDYiR1_wh2MuYOiq0QzxPanSBa6wC8d9kJYjYZ3B5ITfg%3D%3D -i https://rr2---sn-uxanug5-2xg6.googlevideo.com/videoplayback?expire=1775735672&ei=GD_XaazyJsHT3LUP96rCQQ&ip=1.159.145.215&id=o-AMOlGD9HMd7QigXEM1Bai3FhGOfKO3sfRR3E6DuR301w&itag=140&source=youtube&requiressl=yes&xpc=EgVo2aDSNQ%3D%3D&cps=415&met=1775714072%2C&mh=kV&mm=31%2C29&mn=sn-uxanug5-2xg6%2Csn-ajhxac-5c&ms=au%2Crdu&mv=m&mvi=2&pl=17&rms=au%2Cau&initcwndbps=1952500&bui=AUUZDGLdX0pbHTsXQfaXRjtmA-YcyKRvnnMYQrhZVZ3z7D3cswMMcCsJ2jSNVqmvSlpkITuViWQjxVlG&spc=jlWavVBGv-F3mQh-ezp1PYAaugwPByd_n4ep2Gfx7gGJ&vprv=1&svpuc=1&mime=audio%2Fmp4&rqh=1&gir=yes&clen=11480845&dur=709.346&lmt=1774125600415929&mt=1775713731&fvip=4&keepalive=yes&fexp=51565115%2C51565682&c=ANDROID_VR&txp=4532534&sparams=expire%2Cei%2Cip%2Cid%2Citag%2Csource%2Crequiressl%2Cxpc%2Cbui%2Cspc%2Cvprv%2Csvpuc%2Cmime%2Crqh%2Cgir%2Cclen%2Cdur%2Clmt&sig=AHEqNM4wRQIhAKLlzBWZQT6g87LSwXifvpvZQwDCz4vpqxSYOHux6qS3AiBM8VBIxfmhXK4-GfkapdHNj8XZGioQCCTzZgSi3hEjAw%3D%3D&lsparams=cps%2Cmet%2Cmh%2Cmm%2Cmn%2Cms%2Cmv%2Cmvi%2Cpl%2Crms%2Cinitcwndbps&lsig=APaTxxMwRQIgZ6WPJ2K4i1WxHpn38fWJpzGTTlDpbkr3zjWohZXx3lICIQDYiR1_wh2MuYOiq0QzxPanSBa6wC8d9kJYjYZ3B5ITfg%3D%3D -c copy F-CFdCp0xaw.mp4
2026-04-09 14:00:29,683 [INFO] ffmpeg finished for F-CFdCp0xaw with code 0
2026-04-09 14:00:29,683 [INFO] [ffprobe:F-CFdCp0xaw.mp4] Attempt 1/5
2026-04-09 14:00:29,684 [INFO] RUN ffprobe:F-CFdCp0xaw.mp4: ffprobe -v error -show_entries format=duration -of default=noprint_wrappers=1:nokey=1 F-CFdCp0xaw.mp4
2026-04-09 14:00:29,725 [INFO] Validation OK for F-CFdCp0xaw.mp4 (size=30773274, duration=709.35)
2026-04-09 14:00:29,725 [INFO] Moving F-CFdCp0xaw.mp4 -> ElectroBOOM\DON'T Screw into MY FLOOR!.mp4
2026-04-09 14:00:29,728 [INFO] Download complete for F-CFdCp0xaw
2026-04-09 14:00:29,729 [INFO] === EXIT ===
2026-04-11 17:47:07,173 [INFO] === START ===
2026-04-11 17:47:09,244 [INFO] yt-dlp.exe verified OK (size=18408128 bytes)
2026-04-11 17:47:09,245 [INFO] Found leftover file C:\yt\X3M-_xdfCaA.mp4 (id=X3M-_xdfCaA), validating...
2026-04-11 17:47:09,246 [INFO] [ffprobe:X3M-_xdfCaA.mp4] Attempt 1/5
2026-04-11 17:47:09,247 [INFO] RUN ffprobe:X3M-_xdfCaA.mp4: ffprobe -v error -show_entries format=duration -of default=noprint_wrappers=1:nokey=1 C:\yt\X3M-_xdfCaA.mp4
2026-04-11 17:47:09,301 [INFO] Validation OK for C:\yt\X3M-_xdfCaA.mp4 (size=2795282, duration=95.27)
2026-04-11 17:47:09,301 [INFO] Leftover file C:\yt\X3M-_xdfCaA.mp4 seems valid but unknown; leaving in place.
2026-04-11 17:47:09,301 [INFO] [playlist:https://www.youtube.com/@SMii7Yplus] Attempt 1/5
2026-04-11 17:47:09,301 [INFO] RUN playlist:https://www.youtube.com/@SMii7Yplus: C:\Tools\yt-dlp\yt-dlp.exe --dump-json --flat-playlist --extractor-args youtube:skip=dash https://www.youtube.com/@SMii7Yplus/videos
2026-04-11 17:47:19,468 [INFO] Channel https://www.youtube.com/@SMii7Yplus -> 2 videos
2026-04-11 17:47:19,468 [INFO] [playlist:https://www.youtube.com/@SMii7Y] Attempt 1/5
2026-04-11 17:47:19,468 [INFO] RUN playlist:https://www.youtube.com/@SMii7Y: C:\Tools\yt-dlp\yt-dlp.exe --dump-json --flat-playlist --extractor-args youtube:skip=dash https://www.youtube.com/@SMii7Y/videos
2026-04-11 17:47:46,071 [INFO] Channel https://www.youtube.com/@SMii7Y -> 2 videos
2026-04-11 17:47:46,072 [INFO] [playlist:https://www.youtube.com/@dougdougdoug] Attempt 1/5
2026-04-11 17:47:46,072 [INFO] RUN playlist:https://www.youtube.com/@dougdougdoug: C:\Tools\yt-dlp\yt-dlp.exe --dump-json --flat-playlist --extractor-args youtube:skip=dash https://www.youtube.com/@dougdougdoug/videos
2026-04-11 17:47:49,968 [INFO] Channel https://www.youtube.com/@dougdougdoug -> 2 videos
2026-04-11 17:47:49,968 [INFO] [playlist:https://www.youtube.com/@failboat] Attempt 1/5
2026-04-11 17:47:49,968 [INFO] RUN playlist:https://www.youtube.com/@failboat: C:\Tools\yt-dlp\yt-dlp.exe --dump-json --flat-playlist --extractor-args youtube:skip=dash https://www.youtube.com/@failboat/videos
2026-04-11 17:48:17,460 [INFO] Channel https://www.youtube.com/@failboat -> 2 videos
2026-04-11 17:48:17,460 [INFO] [playlist:https://www.youtube.com/@LetsGameItOut] Attempt 1/5
2026-04-11 17:48:17,460 [INFO] RUN playlist:https://www.youtube.com/@LetsGameItOut: C:\Tools\yt-dlp\yt-dlp.exe --dump-json --flat-playlist --extractor-args youtube:skip=dash https://www.youtube.com/@LetsGameItOut/videos
2026-04-11 17:48:32,396 [INFO] Channel https://www.youtube.com/@LetsGameItOut -> 2 videos
2026-04-11 17:48:32,396 [INFO] [playlist:https://www.youtube.com/@dandingles] Attempt 1/5
2026-04-11 17:48:32,396 [INFO] RUN playlist:https://www.youtube.com/@dandingles: C:\Tools\yt-dlp\yt-dlp.exe --dump-json --flat-playlist --extractor-args youtube:skip=dash https://www.youtube.com/@dandingles/videos
2026-04-11 17:48:35,970 [INFO] Channel https://www.youtube.com/@dandingles -> 2 videos
2026-04-11 17:48:35,970 [INFO] [playlist:https://www.youtube.com/@markiplier] Attempt 1/5
2026-04-11 17:48:35,970 [INFO] RUN playlist:https://www.youtube.com/@markiplier: C:\Tools\yt-dlp\yt-dlp.exe --dump-json --flat-playlist --extractor-args youtube:skip=dash https://www.youtube.com/@markiplier/videos
2026-04-11 17:50:51,513 [INFO] Channel https://www.youtube.com/@markiplier -> 2 videos
2026-04-11 17:50:51,514 [INFO] [playlist:https://www.youtube.com/@Fir] Attempt 1/5
2026-04-11 17:50:51,514 [INFO] RUN playlist:https://www.youtube.com/@Fir: C:\Tools\yt-dlp\yt-dlp.exe --dump-json --flat-playlist --extractor-args youtube:skip=dash https://www.youtube.com/@Fir/videos
2026-04-11 17:50:57,097 [INFO] Channel https://www.youtube.com/@Fir -> 2 videos
2026-04-11 17:50:57,097 [INFO] [playlist:https://www.youtube.com/@PointCrow] Attempt 1/5
2026-04-11 17:50:57,097 [INFO] RUN playlist:https://www.youtube.com/@PointCrow: C:\Tools\yt-dlp\yt-dlp.exe --dump-json --flat-playlist --extractor-args youtube:skip=dash https://www.youtube.com/@PointCrow/videos
2026-04-11 17:51:03,506 [INFO] Channel https://www.youtube.com/@PointCrow -> 2 videos
2026-04-11 17:51:03,506 [INFO] [playlist:https://www.youtube.com/@DougDougHaters] Attempt 1/5
2026-04-11 17:51:03,506 [INFO] RUN playlist:https://www.youtube.com/@DougDougHaters: C:\Tools\yt-dlp\yt-dlp.exe --dump-json --flat-playlist --extractor-args youtube:skip=dash https://www.youtube.com/@DougDougHaters/videos
2026-04-11 17:51:08,098 [INFO] Channel https://www.youtube.com/@DougDougHaters -> 2 videos
2026-04-11 17:51:08,098 [INFO] [playlist:https://www.youtube.com/@ElectroBOOM] Attempt 1/5
2026-04-11 17:51:08,098 [INFO] RUN playlist:https://www.youtube.com/@ElectroBOOM: C:\Tools\yt-dlp\yt-dlp.exe --dump-json --flat-playlist --extractor-args youtube:skip=dash https://www.youtube.com/@ElectroBOOM/videos
2026-04-11 17:51:14,621 [INFO] Channel https://www.youtube.com/@ElectroBOOM -> 2 videos
2026-04-11 17:51:14,621 [INFO] Queue size: 22
2026-04-11 17:51:14,622 [INFO] Skipping already downloaded video 3Aspc9fmifU (DEEP DIH DUNGEON)
2026-04-11 17:51:14,622 [INFO] Skipping already downloaded video L5E1psfEEfI (Going Over The Top is NOT Fun)
2026-04-11 17:51:14,623 [INFO] Processing video ecmpw9DpWio (We Found Another TAG Game) from channel SMii7Y
2026-04-11 17:51:14,623 [INFO] Starting download for ecmpw9DpWio (We Found Another TAG Game)
2026-04-11 17:51:14,625 [INFO] Download attempt 1/5 for ecmpw9DpWio
2026-04-11 17:51:14,625 [INFO] [urls:ecmpw9DpWio:134+140] Attempt 1/5
2026-04-11 17:51:14,625 [INFO] RUN urls:ecmpw9DpWio:134+140: C:\Tools\yt-dlp\yt-dlp.exe -g -f 134+140 https://www.youtube.com/watch?v=ecmpw9DpWio
2026-04-11 17:51:18,853 [INFO] Got URLs for ecmpw9DpWio with format 134+140
2026-04-11 17:51:18,855 [INFO] Starting ffmpeg for ecmpw9DpWio: ffmpeg -y -loglevel error -progress pipe:2 -i https://rr1---sn-uxanug5-2xg6.googlevideo.com/videoplayback?expire=1775922678&ei=lhnaae3DJ8e53LUPgJ7ZkQc&ip=1.159.145.215&id=o-AFJ7_pk7mTxXSFeU4gJeH1_ktRib5ve5JNKYv2eThRYy&itag=134&source=youtube&requiressl=yes&xpc=EgVo2aDSNQ%3D%3D&cps=729&met=1775901078%2C&mh=mw&mm=31%2C29&mn=sn-uxanug5-2xg6%2Csn-ntq7yney&ms=au%2Crdu&mv=m&mvi=1&pl=17&rms=au%2Cau&initcwndbps=1957500&bui=AUUZDGJ-uSPl-z7TDPBdk--kxLHSMEBlFPRV1HL1Jl4JgWPVFTmUuCoPC76nixwA1C9ninkOLvpuPtEf&spc=jlWavSkh4VTeBpoOduGeD0SBmV5la7pD9x9xuCuwa5qi&vprv=1&svpuc=1&mime=video%2Fmp4&rqh=1&gir=yes&clen=97223693&dur=1760.233&lmt=1775848431936632&mt=1775900698&fvip=3&keepalive=yes&fexp=51565115%2C51565681&c=ANDROID_VR&txp=3309224&sparams=expire%2Cei%2Cip%2Cid%2Citag%2Csource%2Crequiressl%2Cxpc%2Cbui%2Cspc%2Cvprv%2Csvpuc%2Cmime%2Crqh%2Cgir%2Cclen%2Cdur%2Clmt&sig=AHEqNM4wRAIgCJhIPud0m3YXjZocNzPGpy-HYynv5Tyyo3NZQYiypBkCIBQA3XsKY7bWcwssdMLBRD4Jd_lE7IGp3bs4TtaY3S02&lsparams=cps%2Cmet%2Cmh%2Cmm%2Cmn%2Cms%2Cmv%2Cmvi%2Cpl%2Crms%2Cinitcwndbps&lsig=APaTxxMwRgIhAOHU-KLx6eUJfr2bcNvaIJ2uVwog5AHhHgLZS31r3OcVAiEAnNtFKCAHj4Za98QkLnT0r8QXHvQ0zV8kXFGUeokRpoo%3D -i https://rr1---sn-uxanug5-2xg6.googlevideo.com/videoplayback?expire=1775922678&ei=lhnaae3DJ8e53LUPgJ7ZkQc&ip=1.159.145.215&id=o-AFJ7_pk7mTxXSFeU4gJeH1_ktRib5ve5JNKYv2eThRYy&itag=140&source=youtube&requiressl=yes&xpc=EgVo2aDSNQ%3D%3D&cps=729&met=1775901078%2C&mh=mw&mm=31%2C29&mn=sn-uxanug5-2xg6%2Csn-ntq7yney&ms=au%2Crdu&mv=m&mvi=1&pl=17&rms=au%2Cau&initcwndbps=1957500&bui=AUUZDGJ-uSPl-z7TDPBdk--kxLHSMEBlFPRV1HL1Jl4JgWPVFTmUuCoPC76nixwA1C9ninkOLvpuPtEf&spc=jlWavSkh4VTeBpoOduGeD0SBmV5la7pD9x9xuCuwa5qi&vprv=1&svpuc=1&mime=audio%2Fmp4&rqh=1&gir=yes&clen=28489166&dur=1760.281&lmt=1775848433604039&mt=1775900698&fvip=3&keepalive=yes&fexp=51565115%2C51565681&c=ANDROID_VR&txp=3308224&sparams=expire%2Cei%2Cip%2Cid%2Citag%2Csource%2Crequiressl%2Cxpc%2Cbui%2Cspc%2Cvprv%2Csvpuc%2Cmime%2Crqh%2Cgir%2Cclen%2Cdur%2Clmt&sig=AHEqNM4wRAIgVQX84SAYqaYFM2E9cmS0Ik5mSJforlQIt4TqDGXErIACIGhi5bn9rWhEWKzj2OGEq3_ScNTYkoT0odaqoLLak_SM&lsparams=cps%2Cmet%2Cmh%2Cmm%2Cmn%2Cms%2Cmv%2Cmvi%2Cpl%2Crms%2Cinitcwndbps&lsig=APaTxxMwRgIhAOHU-KLx6eUJfr2bcNvaIJ2uVwog5AHhHgLZS31r3OcVAiEAnNtFKCAHj4Za98QkLnT0r8QXHvQ0zV8kXFGUeokRpoo%3D -c copy ecmpw9DpWio.mp4
2026-04-11 18:06:59,693 [INFO] ffmpeg finished for ecmpw9DpWio with code 0
2026-04-11 18:06:59,695 [INFO] [ffprobe:ecmpw9DpWio.mp4] Attempt 1/5
2026-04-11 18:06:59,695 [INFO] RUN ffprobe:ecmpw9DpWio.mp4: ffprobe -v error -show_entries format=duration -of default=noprint_wrappers=1:nokey=1 ecmpw9DpWio.mp4
2026-04-11 18:06:59,740 [INFO] Validation OK for ecmpw9DpWio.mp4 (size=126401222, duration=1760.28)
2026-04-11 18:06:59,741 [INFO] Moving ecmpw9DpWio.mp4 -> SMii7Y\We Found Another TAG Game.mp4
2026-04-11 18:06:59,743 [INFO] Download complete for ecmpw9DpWio
2026-04-11 18:06:59,744 [INFO] Skipping already downloaded video 5IS5FLUbpDo (DO NOT Play Super Battle Golf Like This)
2026-04-11 18:06:59,744 [INFO] Skipping already downloaded video ItQHQIJvF98 (What happens if you tell ChatGPT to make Fortnite 2?)
2026-04-11 18:06:59,745 [INFO] Skipping already downloaded video RhmRDXRdYFM (I've made 10 years of YouTube videos. Let's rank them.)
2026-04-11 18:06:59,745 [INFO] Skipping already downloaded video dScpydu_HRE (I programmed a turtle)
2026-04-11 18:06:59,745 [INFO] Skipping already downloaded video ULm2jpMDJ8E (Letting my vengeful Editors control the Video)
2026-04-11 18:06:59,746 [INFO] Processing video Uj5RnygvoKk (I Brainwashed an Entire Village to Win the Game For Me - Soulmask 1.0 - Shifting Sands DLC) from channel LetsGameItOut
2026-04-11 18:06:59,746 [INFO] Starting download for Uj5RnygvoKk (I Brainwashed an Entire Village to Win the Game For Me - Soulmask 1.0 - Shifting Sands DLC)
2026-04-11 18:06:59,747 [INFO] Download attempt 1/5 for Uj5RnygvoKk
2026-04-11 18:06:59,747 [INFO] [urls:Uj5RnygvoKk:134+140] Attempt 1/5
2026-04-11 18:06:59,747 [INFO] RUN urls:Uj5RnygvoKk:134+140: C:\Tools\yt-dlp\yt-dlp.exe -g -f 134+140 https://www.youtube.com/watch?v=Uj5RnygvoKk
2026-04-11 18:07:03,591 [INFO] Got URLs for Uj5RnygvoKk with format 134+140
2026-04-11 18:07:03,591 [INFO] Starting ffmpeg for Uj5RnygvoKk: ffmpeg -y -loglevel error -progress pipe:2 -i https://rr4---sn-uxanug5-2xg6.googlevideo.com/videoplayback?expire=1775923623&ei=Rx3aaZ79HNilg8UPwPOx-Qc&ip=1.159.145.215&id=o-AB5jZUMmeIX96wowEdtizqvBUUROqE9bV0FeXHEOP377&itag=134&source=youtube&requiressl=yes&xpc=EgVo2aDSNQ%3D%3D&cps=974&met=1775902023%2C&mh=pC&mm=31%2C29&mn=sn-uxanug5-2xg6%2Csn-ntq7yner&ms=au%2Crdu&mv=m&mvi=4&pl=17&rms=au%2Cau&initcwndbps=1952500&bui=AUUZDGIqhFgfcutdHfsNE4AcM4bVauZCJqpP1EGROd7DovZqfi8vSh_qVhqUaRxTDDXCPvENR3JwzLLs&spc=jlWavXfnCzUKPxl5wmZAzatsH8i07q-PgtDCHCzuCn78&vprv=1&svpuc=1&mime=video%2Fmp4&rqh=1&gir=yes&clen=110073411&dur=1816.466&lmt=1775690389716513&mt=1775901652&fvip=5&keepalive=yes&fexp=51565116%2C51565682&c=ANDROID_VR&txp=3309224&sparams=expire%2Cei%2Cip%2Cid%2Citag%2Csource%2Crequiressl%2Cxpc%2Cbui%2Cspc%2Cvprv%2Csvpuc%2Cmime%2Crqh%2Cgir%2Cclen%2Cdur%2Clmt&sig=AHEqNM4wRQIhAOFxLyyJ5T6NEVL8qd1apT_TJ6_0VmM-668POr5yGteRAiA8jHctH1vj9iFHr_pnvtkPF1UdvxmAgPR8wYff9KDgKQ%3D%3D&lsparams=cps%2Cmet%2Cmh%2Cmm%2Cmn%2Cms%2Cmv%2Cmvi%2Cpl%2Crms%2Cinitcwndbps&lsig=APaTxxMwRgIhAOZMWJiHYj5iYEdUKD64HKC2vxR10TcwBVRn3VyAdGRNAiEAngjIYPU7MorpQoXnA4Ny8envsYrq7TRho47KiomJfV8%3D -i https://rr4---sn-uxanug5-2xg6.googlevideo.com/videoplayback?expire=1775923623&ei=Rx3aaZ79HNilg8UPwPOx-Qc&ip=1.159.145.215&id=o-AB5jZUMmeIX96wowEdtizqvBUUROqE9bV0FeXHEOP377&itag=140&source=youtube&requiressl=yes&xpc=EgVo2aDSNQ%3D%3D&cps=974&met=1775902023%2C&mh=pC&mm=31%2C29&mn=sn-uxanug5-2xg6%2Csn-ntq7yner&ms=au%2Crdu&mv=m&mvi=4&pl=17&rms=au%2Cau&initcwndbps=1952500&bui=AUUZDGIqhFgfcutdHfsNE4AcM4bVauZCJqpP1EGROd7DovZqfi8vSh_qVhqUaRxTDDXCPvENR3JwzLLs&spc=jlWavXfnCzUKPxl5wmZAzatsH8i07q-PgtDCHCzuCn78&vprv=1&svpuc=1&mime=audio%2Fmp4&rqh=1&gir=yes&clen=29399433&dur=1816.520&lmt=1775690062120976&mt=1775901652&fvip=5&keepalive=yes&fexp=51565116%2C51565682&c=ANDROID_VR&txp=3308224&sparams=expire%2Cei%2Cip%2Cid%2Citag%2Csource%2Crequiressl%2Cxpc%2Cbui%2Cspc%2Cvprv%2Csvpuc%2Cmime%2Crqh%2Cgir%2Cclen%2Cdur%2Clmt&sig=AHEqNM4wRQIhAJpIcXSgcv8R_RXoo865UlRAe7i7DG0gC58-MPz8k_ZPAiBbEhG6eCl60iRs95cEx8HOjnPsXj9_k4C_nwHSXooCUw%3D%3D&lsparams=cps%2Cmet%2Cmh%2Cmm%2Cmn%2Cms%2Cmv%2Cmvi%2Cpl%2Crms%2Cinitcwndbps&lsig=APaTxxMwRgIhAOZMWJiHYj5iYEdUKD64HKC2vxR10TcwBVRn3VyAdGRNAiEAngjIYPU7MorpQoXnA4Ny8envsYrq7TRho47KiomJfV8%3D -c copy Uj5RnygvoKk.mp4
2026-04-11 18:16:20,912 [WARNING] Ctrl+C detected — graceful shutdown requested.
2026-04-11 18:16:20,913 [WARNING] Terminated ffmpeg for Uj5RnygvoKk due to Ctrl+C.
2026-04-11 18:16:20,913 [ERROR] ffmpeg failed for Uj5RnygvoKk on attempt 1
2026-04-11 18:16:20,914 [WARNING] Moving corrupted file Uj5RnygvoKk.mp4 -> corrupted\Uj5RnygvoKk.mp4
2026-04-11 18:16:25,915 [WARNING] Interrupted during download of Uj5RnygvoKk — aborting safely.
2026-04-11 18:16:25,917 [INFO] Graceful exit requested before next video.
2026-04-11 18:16:25,917 [INFO] === EXIT ===
2026-04-11 19:20:15,409 [INFO] === START ===
2026-04-11 19:20:17,252 [INFO] yt-dlp.exe verified OK (size=18408128 bytes)
2026-04-11 19:20:17,253 [INFO] Found leftover file C:\YT\X3M-_xdfCaA.mp4 (id=X3M-_xdfCaA), validating...
2026-04-11 19:20:17,253 [INFO] [ffprobe:X3M-_xdfCaA.mp4] Attempt 1/5
2026-04-11 19:20:17,253 [INFO] RUN ffprobe:X3M-_xdfCaA.mp4: ffprobe -v error -show_entries format=duration -of default=noprint_wrappers=1:nokey=1 C:\YT\X3M-_xdfCaA.mp4
2026-04-11 19:20:17,307 [INFO] Validation OK for C:\YT\X3M-_xdfCaA.mp4 (size=2795282, duration=95.27)
2026-04-11 19:20:17,307 [INFO] Leftover file C:\YT\X3M-_xdfCaA.mp4 seems valid but unknown; leaving in place.
2026-04-11 19:20:17,307 [INFO] Clearing in_progress (Uj5RnygvoKk) because temp file missing.
2026-04-11 19:20:17,313 [INFO] [playlist:https://www.youtube.com/@SMii7Yplus] Attempt 1/5
2026-04-11 19:20:17,313 [INFO] RUN playlist:https://www.youtube.com/@SMii7Yplus: C:\Tools\yt-dlp\yt-dlp.exe --dump-json --flat-playlist --extractor-args youtube:skip=dash https://www.youtube.com/@SMii7Yplus/videos
2026-04-11 19:20:28,175 [INFO] Channel https://www.youtube.com/@SMii7Yplus -> 2 videos
2026-04-11 19:20:28,175 [INFO] [playlist:https://www.youtube.com/@SMii7Y] Attempt 1/5
2026-04-11 19:20:28,176 [INFO] RUN playlist:https://www.youtube.com/@SMii7Y: C:\Tools\yt-dlp\yt-dlp.exe --dump-json --flat-playlist --extractor-args youtube:skip=dash https://www.youtube.com/@SMii7Y/videos
2026-04-11 19:21:00,307 [INFO] Channel https://www.youtube.com/@SMii7Y -> 2 videos
2026-04-11 19:21:00,307 [INFO] [playlist:https://www.youtube.com/@dougdougdoug] Attempt 1/5
2026-04-11 19:21:00,307 [INFO] RUN playlist:https://www.youtube.com/@dougdougdoug: C:\Tools\yt-dlp\yt-dlp.exe --dump-json --flat-playlist --extractor-args youtube:skip=dash https://www.youtube.com/@dougdougdoug/videos
2026-04-11 19:21:05,938 [INFO] Channel https://www.youtube.com/@dougdougdoug -> 2 videos
2026-04-11 19:21:05,938 [INFO] [playlist:https://www.youtube.com/@failboat] Attempt 1/5
2026-04-11 19:21:05,938 [INFO] RUN playlist:https://www.youtube.com/@failboat: C:\Tools\yt-dlp\yt-dlp.exe --dump-json --flat-playlist --extractor-args youtube:skip=dash https://www.youtube.com/@failboat/videos
2026-04-11 19:21:35,324 [INFO] Channel https://www.youtube.com/@failboat -> 2 videos
2026-04-11 19:21:35,324 [INFO] [playlist:https://www.youtube.com/@LetsGameItOut] Attempt 1/5
2026-04-11 19:21:35,324 [INFO] RUN playlist:https://www.youtube.com/@LetsGameItOut: C:\Tools\yt-dlp\yt-dlp.exe --dump-json --flat-playlist --extractor-args youtube:skip=dash https://www.youtube.com/@LetsGameItOut/videos
2026-04-11 19:21:51,242 [INFO] Channel https://www.youtube.com/@LetsGameItOut -> 2 videos
2026-04-11 19:21:51,242 [INFO] [playlist:https://www.youtube.com/@dandingles] Attempt 1/5
2026-04-11 19:21:51,242 [INFO] RUN playlist:https://www.youtube.com/@dandingles: C:\Tools\yt-dlp\yt-dlp.exe --dump-json --flat-playlist --extractor-args youtube:skip=dash https://www.youtube.com/@dandingles/videos
2026-04-11 19:21:55,145 [INFO] Channel https://www.youtube.com/@dandingles -> 2 videos
2026-04-11 19:21:55,145 [INFO] [playlist:https://www.youtube.com/@markiplier] Attempt 1/5
2026-04-11 19:21:55,145 [INFO] RUN playlist:https://www.youtube.com/@markiplier: C:\Tools\yt-dlp\yt-dlp.exe --dump-json --flat-playlist --extractor-args youtube:skip=dash https://www.youtube.com/@markiplier/videos
2026-04-11 19:23:50,191 [INFO] Channel https://www.youtube.com/@markiplier -> 2 videos
2026-04-11 19:23:50,191 [INFO] [playlist:https://www.youtube.com/@Fir] Attempt 1/5
2026-04-11 19:23:50,191 [INFO] RUN playlist:https://www.youtube.com/@Fir: C:\Tools\yt-dlp\yt-dlp.exe --dump-json --flat-playlist --extractor-args youtube:skip=dash https://www.youtube.com/@Fir/videos
2026-04-11 19:23:56,316 [INFO] Channel https://www.youtube.com/@Fir -> 2 videos
2026-04-11 19:23:56,317 [INFO] [playlist:https://www.youtube.com/@PointCrow] Attempt 1/5
2026-04-11 19:23:56,317 [INFO] RUN playlist:https://www.youtube.com/@PointCrow: C:\Tools\yt-dlp\yt-dlp.exe --dump-json --flat-playlist --extractor-args youtube:skip=dash https://www.youtube.com/@PointCrow/videos
2026-04-11 19:24:03,503 [INFO] Channel https://www.youtube.com/@PointCrow -> 2 videos
2026-04-11 19:24:03,503 [INFO] [playlist:https://www.youtube.com/@DougDougHaters] Attempt 1/5
2026-04-11 19:24:03,503 [INFO] RUN playlist:https://www.youtube.com/@DougDougHaters: C:\Tools\yt-dlp\yt-dlp.exe --dump-json --flat-playlist --extractor-args youtube:skip=dash https://www.youtube.com/@DougDougHaters/videos
2026-04-11 19:24:08,581 [INFO] Channel https://www.youtube.com/@DougDougHaters -> 2 videos
2026-04-11 19:24:08,582 [INFO] [playlist:https://www.youtube.com/@ElectroBOOM] Attempt 1/5
2026-04-11 19:24:08,582 [INFO] RUN playlist:https://www.youtube.com/@ElectroBOOM: C:\Tools\yt-dlp\yt-dlp.exe --dump-json --flat-playlist --extractor-args youtube:skip=dash https://www.youtube.com/@ElectroBOOM/videos
2026-04-11 19:24:15,607 [INFO] Channel https://www.youtube.com/@ElectroBOOM -> 2 videos
2026-04-11 19:24:15,607 [INFO] Queue size: 22
2026-04-11 19:24:15,607 [INFO] Skipping already downloaded video 3Aspc9fmifU (DEEP DIH DUNGEON)
2026-04-11 19:24:15,607 [INFO] Skipping already downloaded video L5E1psfEEfI (Going Over The Top is NOT Fun)
2026-04-11 19:24:15,607 [INFO] Skipping already downloaded video ecmpw9DpWio (We Found Another TAG Game)
2026-04-11 19:24:15,612 [INFO] Skipping already downloaded video 5IS5FLUbpDo (DO NOT Play Super Battle Golf Like This)
2026-04-11 19:24:15,612 [INFO] Skipping already downloaded video ItQHQIJvF98 (What happens if you tell ChatGPT to make Fortnite 2?)
2026-04-11 19:24:15,612 [INFO] Skipping already downloaded video RhmRDXRdYFM (I've made 10 years of YouTube videos. Let's rank them.)
2026-04-11 19:24:15,612 [INFO] Skipping already downloaded video dScpydu_HRE (I programmed a turtle)
2026-04-11 19:24:15,612 [INFO] Skipping already downloaded video ULm2jpMDJ8E (Letting my vengeful Editors control the Video)
2026-04-11 19:24:15,612 [INFO] Processing video Uj5RnygvoKk (I Brainwashed an Entire Village to Win the Game For Me - Soulmask 1.0 - Shifting Sands DLC) from channel LetsGameItOut
2026-04-11 19:24:15,612 [INFO] Starting download for Uj5RnygvoKk (I Brainwashed an Entire Village to Win the Game For Me - Soulmask 1.0 - Shifting Sands DLC)
2026-04-11 19:24:15,612 [INFO] Download attempt 1/5 for Uj5RnygvoKk
2026-04-11 19:24:15,612 [INFO] [urls:Uj5RnygvoKk:134+140] Attempt 1/5
2026-04-11 19:24:15,612 [INFO] RUN urls:Uj5RnygvoKk:134+140: C:\Tools\yt-dlp\yt-dlp.exe -g -f 134+140 https://www.youtube.com/watch?v=Uj5RnygvoKk
2026-04-11 19:24:19,661 [INFO] Got URLs for Uj5RnygvoKk with format 134+140
2026-04-11 19:24:19,662 [INFO] Starting ffmpeg for Uj5RnygvoKk: ffmpeg -y -loglevel error -progress pipe:2 -i https://rr4---sn-uxanug5-2xg6.googlevideo.com/videoplayback?expire=1775928259&ei=Yy_aaa_SKLyj9fwPj5X2gQ4&ip=1.159.145.215&id=o-AEAZYcJ4pJajW-6uyvFZg_YSsKKuN8CVM5iX8a5Y2nkJ&itag=134&source=youtube&requiressl=yes&xpc=EgVo2aDSNQ%3D%3D&cps=910&met=1775906659%2C&mh=pC&mm=31%2C29&mn=sn-uxanug5-2xg6%2Csn-ntq7yner&ms=au%2Crdu&mv=m&mvi=4&pl=17&rms=au%2Cau&initcwndbps=1917500&bui=AUUZDGLOCDs3OHL9iyHXQGu_lJe8rUwl6_j2rL62-_ma7wM9WnM-pnPcu47iKSEWWijODcxFZ1zESvPC&spc=jlWavRsXoCkKlf_2z7rz1kC8Z_CE8Ht5TaJYqzgw1DjP&vprv=1&svpuc=1&mime=video%2Fmp4&rqh=1&gir=yes&clen=110073411&dur=1816.466&lmt=1775690389716513&mt=1775906215&fvip=5&keepalive=yes&fexp=51565115%2C51565681&c=ANDROID_VR&txp=3309224&sparams=expire%2Cei%2Cip%2Cid%2Citag%2Csource%2Crequiressl%2Cxpc%2Cbui%2Cspc%2Cvprv%2Csvpuc%2Cmime%2Crqh%2Cgir%2Cclen%2Cdur%2Clmt&sig=AHEqNM4wRQIhAOY4qOckNOQBoaXF0dYVZkinPeNl5wnTGet2R5jC2gxLAiBIDWtKbC8SDmFnN1-pudQymHn7PyExDsQoeilv1jgEOw%3D%3D&lsparams=cps%2Cmet%2Cmh%2Cmm%2Cmn%2Cms%2Cmv%2Cmvi%2Cpl%2Crms%2Cinitcwndbps&lsig=APaTxxMwRgIhALgxJPyzWBUqRTyNcq_590_T1CNkf7ywLzQRnKrC1iiwAiEAoiVVcWrbvw6zTHdpUZjHqa3QTPNfPA2CY-AjIBton1k%3D -i https://rr4---sn-uxanug5-2xg6.googlevideo.com/videoplayback?expire=1775928259&ei=Yy_aaa_SKLyj9fwPj5X2gQ4&ip=1.159.145.215&id=o-AEAZYcJ4pJajW-6uyvFZg_YSsKKuN8CVM5iX8a5Y2nkJ&itag=140&source=youtube&requiressl=yes&xpc=EgVo2aDSNQ%3D%3D&cps=910&met=1775906659%2C&mh=pC&mm=31%2C29&mn=sn-uxanug5-2xg6%2Csn-ntq7yner&ms=au%2Crdu&mv=m&mvi=4&pl=17&rms=au%2Cau&initcwndbps=1917500&bui=AUUZDGLOCDs3OHL9iyHXQGu_lJe8rUwl6_j2rL62-_ma7wM9WnM-pnPcu47iKSEWWijODcxFZ1zESvPC&spc=jlWavRsXoCkKlf_2z7rz1kC8Z_CE8Ht5TaJYqzgw1DjP&vprv=1&svpuc=1&mime=audio%2Fmp4&rqh=1&gir=yes&clen=29399433&dur=1816.520&lmt=1775690062120976&mt=1775906215&fvip=5&keepalive=yes&fexp=51565115%2C51565681&c=ANDROID_VR&txp=3308224&sparams=expire%2Cei%2Cip%2Cid%2Citag%2Csource%2Crequiressl%2Cxpc%2Cbui%2Cspc%2Cvprv%2Csvpuc%2Cmime%2Crqh%2Cgir%2Cclen%2Cdur%2Clmt&sig=AHEqNM4wRQIhAMLhA5wewSg26tOCNJl6M1nCFC4VMxMgT7iMg1yXpzwDAiA6EQRF1GD0d72D99amV03jmqGNpYER18Z33vVTnVtiDw%3D%3D&lsparams=cps%2Cmet%2Cmh%2Cmm%2Cmn%2Cms%2Cmv%2Cmvi%2Cpl%2Crms%2Cinitcwndbps&lsig=APaTxxMwRgIhALgxJPyzWBUqRTyNcq_590_T1CNkf7ywLzQRnKrC1iiwAiEAoiVVcWrbvw6zTHdpUZjHqa3QTPNfPA2CY-AjIBton1k%3D -c copy Uj5RnygvoKk.mp4
2026-04-11 19:40:58,080 [INFO] ffmpeg finished for Uj5RnygvoKk with code 0
2026-04-11 19:40:58,082 [INFO] [ffprobe:Uj5RnygvoKk.mp4] Attempt 1/5
2026-04-11 19:40:58,082 [INFO] RUN ffprobe:Uj5RnygvoKk.mp4: ffprobe -v error -show_entries format=duration -of default=noprint_wrappers=1:nokey=1 Uj5RnygvoKk.mp4
2026-04-11 19:40:58,134 [INFO] Validation OK for Uj5RnygvoKk.mp4 (size=139226186, duration=1816.47)
2026-04-11 19:40:58,135 [INFO] Moving Uj5RnygvoKk.mp4 -> LetsGameItOut\I Brainwashed an Entire Village to Win the Game For Me - Soulmask 1.0 - Shifting Sands DLC.mp4
2026-04-11 19:40:58,138 [INFO] Download complete for Uj5RnygvoKk
2026-04-11 19:40:58,140 [INFO] Skipping already downloaded video 802J6OnLBgc (I Beat This Entire Factory Game With Basically No Factory - StarRupture)
2026-04-11 19:40:58,140 [INFO] Skipping already downloaded video fGLL4cbVqCs (Who the heck is Dan Dingle? (250k Q&A))
2026-04-11 19:40:58,141 [INFO] Skipping already downloaded video zitMh_7SfMY (Laughing At Sora 2 One Last Time...)
2026-04-11 19:40:58,142 [INFO] Processing video O8pg--1FuaI (PAWN SHOP) from channel markiplier
2026-04-11 19:40:58,142 [INFO] Starting download for O8pg--1FuaI (PAWN SHOP)
2026-04-11 19:40:58,142 [INFO] Download attempt 1/5 for O8pg--1FuaI
2026-04-11 19:40:58,142 [INFO] [urls:O8pg--1FuaI:134+140] Attempt 1/5
2026-04-11 19:40:58,142 [INFO] RUN urls:O8pg--1FuaI:134+140: C:\Tools\yt-dlp\yt-dlp.exe -g -f 134+140 https://www.youtube.com/watch?v=O8pg--1FuaI
2026-04-11 19:41:04,651 [INFO] Got URLs for O8pg--1FuaI with format 134+140
2026-04-11 19:41:04,651 [INFO] Starting ffmpeg for O8pg--1FuaI: ffmpeg -y -loglevel error -progress pipe:2 -i https://rr3---sn-uxanug5-2xgd.googlevideo.com/videoplayback?expire=1775929264&ei=UDPaaavrHNOt4-EPmYGeqQI&ip=1.159.145.215&id=o-ADq46jGWCvTCd-5Jf9tf5fm3Nqn47EbXu4Mx35oMdifg&itag=134&source=youtube&requiressl=yes&xpc=EgVo2aDSNQ%3D%3D&cps=883&met=1775907664%2C&mh=RQ&mm=31%2C29&mn=sn-uxanug5-2xgd%2Csn-u1ntq5-52&ms=au%2Crdu&mv=m&mvi=3&pcm2cms=yes&pl=17&rms=au%2Cau&initcwndbps=1861250&bui=AUUZDGL7qYbon3A-EVpE48NjDsj1fOUbNGGlMYY21WQJq8vP1RzFpaKBu0g9zVNblMcX89250d8A8ss3&spc=jlWavegCUBT7WdfoHhCmmSJcY6C-7odTReCeFAWzRcL7&vprv=1&svpuc=1&mime=video%2Fmp4&rqh=1&gir=yes&clen=71946550&dur=2532.166&lmt=1775841680703894&mt=1775907197&fvip=3&keepalive=yes&fexp=51565116%2C51565682&c=ANDROID_VR&txp=3309224&sparams=expire%2Cei%2Cip%2Cid%2Citag%2Csource%2Crequiressl%2Cxpc%2Cbui%2Cspc%2Cvprv%2Csvpuc%2Cmime%2Crqh%2Cgir%2Cclen%2Cdur%2Clmt&sig=AHEqNM4wRAIgWkBd5ZG-C7lgY9rfiHcIrrY1F6yNqwWnU8-IQkYrz00CIBPPPZuL6P6gkwyFztSQwjactwzAH3wD86Es_O9TDp1I&lsparams=cps%2Cmet%2Cmh%2Cmm%2Cmn%2Cms%2Cmv%2Cmvi%2Cpcm2cms%2Cpl%2Crms%2Cinitcwndbps&lsig=APaTxxMwRgIhAO2bGMlsK4sfd3ZT8VHjowsGRFwpQuiHtylw0aK3Tfe3AiEA-PCWRLJUARdDtSy5j-Cx89stKKurOM4bdRF-w04zF8c%3D -i https://rr3---sn-uxanug5-2xgd.googlevideo.com/videoplayback?expire=1775929264&ei=UDPaaavrHNOt4-EPmYGeqQI&ip=1.159.145.215&id=o-ADq46jGWCvTCd-5Jf9tf5fm3Nqn47EbXu4Mx35oMdifg&itag=140&source=youtube&requiressl=yes&xpc=EgVo2aDSNQ%3D%3D&cps=883&met=1775907664%2C&mh=RQ&mm=31%2C29&mn=sn-uxanug5-2xgd%2Csn-u1ntq5-52&ms=au%2Crdu&mv=m&mvi=3&pcm2cms=yes&pl=17&rms=au%2Cau&initcwndbps=1861250&bui=AUUZDGL7qYbon3A-EVpE48NjDsj1fOUbNGGlMYY21WQJq8vP1RzFpaKBu0g9zVNblMcX89250d8A8ss3&spc=jlWavegCUBT7WdfoHhCmmSJcY6C-7odTReCeFAWzRcL7&vprv=1&svpuc=1&mime=audio%2Fmp4&rqh=1&gir=yes&clen=40982097&dur=2532.228&lmt=1775841634420115&mt=1775907197&fvip=3&keepalive=yes&fexp=51565116%2C51565682&c=ANDROID_VR&txp=3308224&sparams=expire%2Cei%2Cip%2Cid%2Citag%2Csource%2Crequiressl%2Cxpc%2Cbui%2Cspc%2Cvprv%2Csvpuc%2Cmime%2Crqh%2Cgir%2Cclen%2Cdur%2Clmt&sig=AHEqNM4wRgIhAMhx_kkA9SGhwbqTVWEAWS6QPgU4yO2L20fSqjRGV5JJAiEA9BA7J40q6p9eoYXXtbjPc76nM6lpqFPGOhUo_PtmP4w%3D&lsparams=cps%2Cmet%2Cmh%2Cmm%2Cmn%2Cms%2Cmv%2Cmvi%2Cpcm2cms%2Cpl%2Crms%2Cinitcwndbps&lsig=APaTxxMwRgIhAO2bGMlsK4sfd3ZT8VHjowsGRFwpQuiHtylw0aK3Tfe3AiEA-PCWRLJUARdDtSy5j-Cx89stKKurOM4bdRF-w04zF8c%3D -c copy O8pg--1FuaI.mp4
2026-04-11 20:11:29,995 [INFO] ffmpeg finished for O8pg--1FuaI with code 0
2026-04-11 20:11:30,000 [INFO] [ffprobe:O8pg--1FuaI.mp4] Attempt 1/5
2026-04-11 20:11:30,000 [INFO] RUN ffprobe:O8pg--1FuaI.mp4: ffprobe -v error -show_entries format=duration -of default=noprint_wrappers=1:nokey=1 O8pg--1FuaI.mp4
2026-04-11 20:11:30,079 [ERROR] Validation failed: duration mismatch (expected 2533.00, got 2502.67, diff 30.33 > tolerance 5.00) for O8pg--1FuaI.mp4
2026-04-11 20:11:30,080 [WARNING] Moving corrupted file O8pg--1FuaI.mp4 -> corrupted\O8pg--1FuaI.mp4
2026-04-11 20:11:35,082 [INFO] Download attempt 2/5 for O8pg--1FuaI
2026-04-11 20:11:35,082 [INFO] [urls:O8pg--1FuaI:134+140] Attempt 1/5
2026-04-11 20:11:35,082 [INFO] RUN urls:O8pg--1FuaI:134+140: C:\Tools\yt-dlp\yt-dlp.exe -g -f 134+140 https://www.youtube.com/watch?v=O8pg--1FuaI
2026-04-11 20:11:42,320 [INFO] Got URLs for O8pg--1FuaI with format 134+140
2026-04-11 20:11:42,320 [INFO] Starting ffmpeg for O8pg--1FuaI: ffmpeg -y -loglevel error -progress pipe:2 -i https://rr3---sn-uxanug5-2xgd.googlevideo.com/videoplayback?expire=1775931102&ei=fjraaZC5DbressUP2KmxyQQ&ip=1.159.145.215&id=o-AKN_viliKkpN-SNm3GbUJV7qQzlHEmigc-DmY4m-iwrX&itag=134&source=youtube&requiressl=yes&xpc=EgVo2aDSNQ%3D%3D&cps=894&met=1775909502%2C&mh=RQ&mm=31%2C29&mn=sn-uxanug5-2xgd%2Csn-ntq7yned&ms=au%2Crdu&mv=m&mvi=3&pcm2cms=yes&pl=17&rms=au%2Cau&initcwndbps=1810000&bui=AUUZDGLEV3WNCQuqmAo3Bru-S_K_R454VRPlxhRyq7uEjo-_CnssSCjFzh8xNZLHTSnaWC6qnPRNUZlb&spc=jlWavZsOWWrpNEVOQcxqLOmrWv0XS2sYPjej9duJLrPP&vprv=1&svpuc=1&mime=video%2Fmp4&rqh=1&gir=yes&clen=71946550&dur=2532.166&lmt=1775841680703894&mt=1775909114&fvip=3&keepalive=yes&fexp=51565115%2C51565682&c=ANDROID_VR&txp=3309224&sparams=expire%2Cei%2Cip%2Cid%2Citag%2Csource%2Crequiressl%2Cxpc%2Cbui%2Cspc%2Cvprv%2Csvpuc%2Cmime%2Crqh%2Cgir%2Cclen%2Cdur%2Clmt&sig=AHEqNM4wRQIhAMX_id1zGobjnScMtlRMaX_lXznmm1wsf2cns1Pq2GnBAiBMhy8osr_L98f47W6o5Ty0u6BY2SllC3_FDR-XK-JXjA%3D%3D&lsparams=cps%2Cmet%2Cmh%2Cmm%2Cmn%2Cms%2Cmv%2Cmvi%2Cpcm2cms%2Cpl%2Crms%2Cinitcwndbps&lsig=APaTxxMwRAIgapXPPRHyqFspUVBvD2qzysYu27NGuYLkoV0x90aRB0cCIHZacL9niCK0LEO8Rsx_btQjQX8oGdygoPTp6kj3i16G -i https://rr3---sn-uxanug5-2xgd.googlevideo.com/videoplayback?expire=1775931102&ei=fjraaZC5DbressUP2KmxyQQ&ip=1.159.145.215&id=o-AKN_viliKkpN-SNm3GbUJV7qQzlHEmigc-DmY4m-iwrX&itag=140&source=youtube&requiressl=yes&xpc=EgVo2aDSNQ%3D%3D&cps=894&met=1775909502%2C&mh=RQ&mm=31%2C29&mn=sn-uxanug5-2xgd%2Csn-ntq7yned&ms=au%2Crdu&mv=m&mvi=3&pcm2cms=yes&pl=17&rms=au%2Cau&initcwndbps=1810000&bui=AUUZDGLEV3WNCQuqmAo3Bru-S_K_R454VRPlxhRyq7uEjo-_CnssSCjFzh8xNZLHTSnaWC6qnPRNUZlb&spc=jlWavZsOWWrpNEVOQcxqLOmrWv0XS2sYPjej9duJLrPP&vprv=1&svpuc=1&mime=audio%2Fmp4&rqh=1&gir=yes&clen=40982097&dur=2532.228&lmt=1775841634420115&mt=1775909114&fvip=3&keepalive=yes&fexp=51565115%2C51565682&c=ANDROID_VR&txp=3308224&sparams=expire%2Cei%2Cip%2Cid%2Citag%2Csource%2Crequiressl%2Cxpc%2Cbui%2Cspc%2Cvprv%2Csvpuc%2Cmime%2Crqh%2Cgir%2Cclen%2Cdur%2Clmt&sig=AHEqNM4wRAIgdv_XFMR36eNF1YD75ptiNxprKxuDVdx3_675nd1omrQCIEvHXRhJRNJLuabqYbol3sDmP-WbbWgSukuyJ2G2qZT_&lsparams=cps%2Cmet%2Cmh%2Cmm%2Cmn%2Cms%2Cmv%2Cmvi%2Cpcm2cms%2Cpl%2Crms%2Cinitcwndbps&lsig=APaTxxMwRAIgapXPPRHyqFspUVBvD2qzysYu27NGuYLkoV0x90aRB0cCIHZacL9niCK0LEO8Rsx_btQjQX8oGdygoPTp6kj3i16G -c copy O8pg--1FuaI.mp4
2026-04-11 20:36:49,496 [INFO] ffmpeg finished for O8pg--1FuaI with code 0
2026-04-11 20:36:49,500 [INFO] [ffprobe:O8pg--1FuaI.mp4] Attempt 1/5
2026-04-11 20:36:49,502 [INFO] RUN ffprobe:O8pg--1FuaI.mp4: ffprobe -v error -show_entries format=duration -of default=noprint_wrappers=1:nokey=1 O8pg--1FuaI.mp4
2026-04-11 20:36:49,580 [ERROR] Validation failed: duration mismatch (expected 2533.00, got 2502.03, diff 30.97 > tolerance 5.00) for O8pg--1FuaI.mp4
2026-04-11 20:36:49,582 [WARNING] Moving corrupted file O8pg--1FuaI.mp4 -> corrupted\O8pg--1FuaI.mp4
2026-04-11 20:36:54,664 [INFO] Download attempt 3/5 for O8pg--1FuaI
2026-04-11 20:36:54,664 [INFO] [urls:O8pg--1FuaI:134+140] Attempt 1/5
2026-04-11 20:36:54,664 [INFO] RUN urls:O8pg--1FuaI:134+140: C:\Tools\yt-dlp\yt-dlp.exe -g -f 134+140 https://www.youtube.com/watch?v=O8pg--1FuaI
2026-04-11 20:36:59,608 [INFO] Got URLs for O8pg--1FuaI with format 134+140
2026-04-11 20:36:59,608 [INFO] Starting ffmpeg for O8pg--1FuaI: ffmpeg -y -loglevel error -progress pipe:2 -i https://rr3---sn-uxanug5-2xgd.googlevideo.com/videoplayback?expire=1775932619&ei=a0DaaeiEJY2l9fwPxLrpGA&ip=1.159.145.215&id=o-AI9YTBrJ1b1hMUyDP064f976zbR_9lDdcbeu0Oze-yjK&itag=134&source=youtube&requiressl=yes&xpc=EgVo2aDSNQ%3D%3D&cps=842&met=1775911019%2C&mh=RQ&mm=31%2C29&mn=sn-uxanug5-2xgd%2Csn-u1ntq5-52&ms=au%2Crdu&mv=m&mvi=3&pl=17&rms=au%2Cau&initcwndbps=1783750&bui=AUUZDGL2oz9Ub7bYw6iTnYYWex1FS0oa1PCu9hYpLy6XiM8mnB1Q8bPAdbX_D9wfVCaO0FLfzPlAeGlo&vprv=1&svpuc=1&mime=video%2Fmp4&rqh=1&gir=yes&clen=71946550&dur=2532.166&lmt=1775841680703894&mt=1775910541&fvip=3&keepalive=yes&fexp=51565116%2C51565682&c=ANDROID_VR&txp=3309224&sparams=expire%2Cei%2Cip%2Cid%2Citag%2Csource%2Crequiressl%2Cxpc%2Cbui%2Cvprv%2Csvpuc%2Cmime%2Crqh%2Cgir%2Cclen%2Cdur%2Clmt&sig=AHEqNM4wRQIgPT1Wky0wNai_kfmD9i-MIsUfJYrOFWPogiuWiVgcRnICIQDMKPHUZYpDsxlrlmfTpUOzM2Y_JOotG7REO5xlui5G6A%3D%3D&lsparams=cps%2Cmet%2Cmh%2Cmm%2Cmn%2Cms%2Cmv%2Cmvi%2Cpl%2Crms%2Cinitcwndbps&lsig=APaTxxMwRAIgTNCR4LuZtuzDd2f23BA89pO2cbmguKgsxFj7E2fY_c4CIECUQs8RAEDt47ML5PRrd1V_atsatmo1pakpH6bfEdC0 -i https://rr3---sn-uxanug5-2xgd.googlevideo.com/videoplayback?expire=1775932619&ei=a0DaaeiEJY2l9fwPxLrpGA&ip=1.159.145.215&id=o-AI9YTBrJ1b1hMUyDP064f976zbR_9lDdcbeu0Oze-yjK&itag=140&source=youtube&requiressl=yes&xpc=EgVo2aDSNQ%3D%3D&cps=842&met=1775911019%2C&mh=RQ&mm=31%2C29&mn=sn-uxanug5-2xgd%2Csn-u1ntq5-52&ms=au%2Crdu&mv=m&mvi=3&pl=17&rms=au%2Cau&initcwndbps=1783750&bui=AUUZDGL2oz9Ub7bYw6iTnYYWex1FS0oa1PCu9hYpLy6XiM8mnB1Q8bPAdbX_D9wfVCaO0FLfzPlAeGlo&vprv=1&svpuc=1&mime=audio%2Fmp4&rqh=1&gir=yes&clen=40982097&dur=2532.228&lmt=1775841634420115&mt=1775910541&fvip=3&keepalive=yes&fexp=51565116%2C51565682&c=ANDROID_VR&txp=3308224&sparams=expire%2Cei%2Cip%2Cid%2Citag%2Csource%2Crequiressl%2Cxpc%2Cbui%2Cvprv%2Csvpuc%2Cmime%2Crqh%2Cgir%2Cclen%2Cdur%2Clmt&sig=AHEqNM4wRQIgQoBPoRvd5HYbDFqrpzAOJqR8nL8GQ_HOq3IgzFjweL0CIQDLF90Q92k_max8GQTKIV9KdDs1R9KWTd0XJwHxT3zFhw%3D%3D&lsparams=cps%2Cmet%2Cmh%2Cmm%2Cmn%2Cms%2Cmv%2Cmvi%2Cpl%2Crms%2Cinitcwndbps&lsig=APaTxxMwRAIgTNCR4LuZtuzDd2f23BA89pO2cbmguKgsxFj7E2fY_c4CIECUQs8RAEDt47ML5PRrd1V_atsatmo1pakpH6bfEdC0 -c copy O8pg--1FuaI.mp4
2026-04-11 20:41:14,311 [INFO] ffmpeg finished for O8pg--1FuaI with code 4294967284
2026-04-11 20:41:14,316 [ERROR] ffmpeg failed for O8pg--1FuaI on attempt 3
2026-04-11 20:41:14,316 [WARNING] Moving corrupted file O8pg--1FuaI.mp4 -> corrupted\O8pg--1FuaI.mp4
2026-04-11 20:41:19,337 [INFO] Download attempt 4/5 for O8pg--1FuaI
2026-04-11 20:41:19,338 [INFO] [urls:O8pg--1FuaI:134+140] Attempt 1/5
2026-04-11 20:41:19,338 [INFO] RUN urls:O8pg--1FuaI:134+140: C:\Tools\yt-dlp\yt-dlp.exe -g -f 134+140 https://www.youtube.com/watch?v=O8pg--1FuaI
2026-04-11 20:41:24,773 [INFO] Got URLs for O8pg--1FuaI with format 134+140
2026-04-11 20:41:24,773 [INFO] Starting ffmpeg for O8pg--1FuaI: ffmpeg -y -loglevel error -progress pipe:2 -i https://rr3---sn-uxanug5-2xgd.googlevideo.com/videoplayback?expire=1775932884&ei=dEHaaaHdMvXqg8UPhMOcyAw&ip=1.159.145.215&id=o-AATJ7z_rGXgmJh4KTOmRlEamNX3GtsSwJioKxNZB4fXg&itag=134&source=youtube&requiressl=yes&xpc=EgVo2aDSNQ%3D%3D&cps=885&met=1775911284%2C&mh=RQ&mm=31%2C29&mn=sn-uxanug5-2xgd%2Csn-u1ntq5-52&ms=au%2Crdu&mv=m&mvi=3&pl=17&rms=au%2Cau&initcwndbps=1845000&bui=AUUZDGKlXFt2YCjzLw7SvOj5-vYa9bUESXD-LHPcIT3nT0sH6QDl6uLvxzJOSWUdBFUgG2SYo7BPr8j7&spc=jlWavXWIpBYCs9UyzGh4qfaVArFaKrNznrTScgXMT-TU&vprv=1&svpuc=1&mime=video%2Fmp4&rqh=1&gir=yes&clen=71946550&dur=2532.166&lmt=1775841680703894&mt=1775911020&fvip=3&keepalive=yes&fexp=51565116%2C51565682&c=ANDROID_VR&txp=3309224&sparams=expire%2Cei%2Cip%2Cid%2Citag%2Csource%2Crequiressl%2Cxpc%2Cbui%2Cspc%2Cvprv%2Csvpuc%2Cmime%2Crqh%2Cgir%2Cclen%2Cdur%2Clmt&sig=AHEqNM4wRgIhAIuXTpXBulvd7AYUt3CbNbIIo00oO6MdqmVOT0OxWD0MAiEA0pdd8GlbPgdWie_MVsNq2DUYIpuEzjWFQPk8Suhgjxs%3D&lsparams=cps%2Cmet%2Cmh%2Cmm%2Cmn%2Cms%2Cmv%2Cmvi%2Cpl%2Crms%2Cinitcwndbps&lsig=APaTxxMwRQIhAMv4QuRSgdtxiJ0pg7VFahC5AXQpneTcUdfNvzwUzHZPAiBVViU_XyEyHiyISAPFRPEoTjEpAsWVRz8bLVIidP6u4w%3D%3D -i https://rr3---sn-uxanug5-2xgd.googlevideo.com/videoplayback?expire=1775932884&ei=dEHaaaHdMvXqg8UPhMOcyAw&ip=1.159.145.215&id=o-AATJ7z_rGXgmJh4KTOmRlEamNX3GtsSwJioKxNZB4fXg&itag=140&source=youtube&requiressl=yes&xpc=EgVo2aDSNQ%3D%3D&cps=885&met=1775911284%2C&mh=RQ&mm=31%2C29&mn=sn-uxanug5-2xgd%2Csn-u1ntq5-52&ms=au%2Crdu&mv=m&mvi=3&pl=17&rms=au%2Cau&initcwndbps=1845000&bui=AUUZDGKlXFt2YCjzLw7SvOj5-vYa9bUESXD-LHPcIT3nT0sH6QDl6uLvxzJOSWUdBFUgG2SYo7BPr8j7&spc=jlWavXWIpBYCs9UyzGh4qfaVArFaKrNznrTScgXMT-TU&vprv=1&svpuc=1&mime=audio%2Fmp4&rqh=1&gir=yes&clen=40982097&dur=2532.228&lmt=1775841634420115&mt=1775911020&fvip=3&keepalive=yes&fexp=51565116%2C51565682&c=ANDROID_VR&txp=3308224&sparams=expire%2Cei%2Cip%2Cid%2Citag%2Csource%2Crequiressl%2Cxpc%2Cbui%2Cspc%2Cvprv%2Csvpuc%2Cmime%2Crqh%2Cgir%2Cclen%2Cdur%2Clmt&sig=AHEqNM4wRgIhALLfSaHDKswh8rl_1XS8462V5gRb2C4w_llN9__sM9-rAiEA5QMWzQNuogkE93K0oKI4Tm_MbNlTPsODjra_SfZKOic%3D&lsparams=cps%2Cmet%2Cmh%2Cmm%2Cmn%2Cms%2Cmv%2Cmvi%2Cpl%2Crms%2Cinitcwndbps&lsig=APaTxxMwRQIhAMv4QuRSgdtxiJ0pg7VFahC5AXQpneTcUdfNvzwUzHZPAiBVViU_XyEyHiyISAPFRPEoTjEpAsWVRz8bLVIidP6u4w%3D%3D -c copy O8pg--1FuaI.mp4
2026-04-11 20:52:56,754 [INFO] ffmpeg finished for O8pg--1FuaI with code 4294967284
2026-04-11 20:52:56,755 [ERROR] ffmpeg failed for O8pg--1FuaI on attempt 4
2026-04-11 20:52:56,755 [WARNING] Moving corrupted file O8pg--1FuaI.mp4 -> corrupted\O8pg--1FuaI.mp4
2026-04-11 20:53:01,792 [INFO] Download attempt 5/5 for O8pg--1FuaI
2026-04-11 20:53:01,792 [INFO] [urls:O8pg--1FuaI:134+140] Attempt 1/5
2026-04-11 20:53:01,792 [INFO] RUN urls:O8pg--1FuaI:134+140: C:\Tools\yt-dlp\yt-dlp.exe -g -f 134+140 https://www.youtube.com/watch?v=O8pg--1FuaI
2026-04-11 20:53:06,747 [INFO] Got URLs for O8pg--1FuaI with format 134+140
2026-04-11 20:53:06,748 [INFO] Starting ffmpeg for O8pg--1FuaI: ffmpeg -y -loglevel error -progress pipe:2 -i https://rr3---sn-uxanug5-2xgd.googlevideo.com/videoplayback?expire=1775933586&ei=MkTaaY_6KayUg8UPmZXmkQg&ip=1.159.145.215&id=o-ALGu3dUCIPGDhqV72NumNA0HVArgdglEY1-_0UjlNBie&itag=134&source=youtube&requiressl=yes&xpc=EgVo2aDSNQ%3D%3D&cps=885&met=1775911986%2C&mh=RQ&mm=31%2C29&mn=sn-uxanug5-2xgd%2Csn-ntq7yned&ms=au%2Crdu&mv=m&mvi=3&pcm2cms=yes&pl=17&rms=au%2Cau&initcwndbps=1853750&bui=AUUZDGJEuVlSRICXtZko5Vaai8phryJoYQa4BUs2sHkgPIn8vAWvlcqazFYnRc8boy37_s6zyg3zvq_2&spc=jlWavdfo4zZW7aT2Woor6ySA4wkL8eDcq5cla1Dz-qkh&vprv=1&svpuc=1&mime=video%2Fmp4&rqh=1&gir=yes&clen=71946550&dur=2532.166&lmt=1775841680703894&mt=1775911499&fvip=3&keepalive=yes&fexp=51565116%2C51565682&c=ANDROID_VR&txp=3309224&sparams=expire%2Cei%2Cip%2Cid%2Citag%2Csource%2Crequiressl%2Cxpc%2Cbui%2Cspc%2Cvprv%2Csvpuc%2Cmime%2Crqh%2Cgir%2Cclen%2Cdur%2Clmt&sig=AHEqNM4wRQIhAN2vSt90ccGrrqTvaRaYpspnHyPeD-zjsYXlcJ3VIeVYAiBxayePVnFDKd-0bUxroyJQkwfYOvpOKdjWGXD3sQZKiA%3D%3D&lsparams=cps%2Cmet%2Cmh%2Cmm%2Cmn%2Cms%2Cmv%2Cmvi%2Cpcm2cms%2Cpl%2Crms%2Cinitcwndbps&lsig=APaTxxMwRgIhAI9uqWHhxD-C3XUOdfe-9u8LDGwYSEJzI2F7nzmpnM9tAiEAoWcy5ZvQoBsI9bz7HcFW8SaSdd-iGmgyTZqkZvnSjlI%3D -i https://rr3---sn-uxanug5-2xgd.googlevideo.com/videoplayback?expire=1775933586&ei=MkTaaY_6KayUg8UPmZXmkQg&ip=1.159.145.215&id=o-ALGu3dUCIPGDhqV72NumNA0HVArgdglEY1-_0UjlNBie&itag=140&source=youtube&requiressl=yes&xpc=EgVo2aDSNQ%3D%3D&cps=885&met=1775911986%2C&mh=RQ&mm=31%2C29&mn=sn-uxanug5-2xgd%2Csn-ntq7yned&ms=au%2Crdu&mv=m&mvi=3&pcm2cms=yes&pl=17&rms=au%2Cau&initcwndbps=1853750&bui=AUUZDGJEuVlSRICXtZko5Vaai8phryJoYQa4BUs2sHkgPIn8vAWvlcqazFYnRc8boy37_s6zyg3zvq_2&spc=jlWavdfo4zZW7aT2Woor6ySA4wkL8eDcq5cla1Dz-qkh&vprv=1&svpuc=1&mime=audio%2Fmp4&rqh=1&gir=yes&clen=40982097&dur=2532.228&lmt=1775841634420115&mt=1775911499&fvip=3&keepalive=yes&fexp=51565116%2C51565682&c=ANDROID_VR&txp=3308224&sparams=expire%2Cei%2Cip%2Cid%2Citag%2Csource%2Crequiressl%2Cxpc%2Cbui%2Cspc%2Cvprv%2Csvpuc%2Cmime%2Crqh%2Cgir%2Cclen%2Cdur%2Clmt&sig=AHEqNM4wRAIgZ-sNLP-oB6rl4zgkIQRB7aJHvKYxqWs_flXwopiwpxECIA1MznvsI9EyvxdjEQafBPaGWte7ALyLHOKEUOSOXYx8&lsparams=cps%2Cmet%2Cmh%2Cmm%2Cmn%2Cms%2Cmv%2Cmvi%2Cpcm2cms%2Cpl%2Crms%2Cinitcwndbps&lsig=APaTxxMwRgIhAI9uqWHhxD-C3XUOdfe-9u8LDGwYSEJzI2F7nzmpnM9tAiEAoWcy5ZvQoBsI9bz7HcFW8SaSdd-iGmgyTZqkZvnSjlI%3D -c copy O8pg--1FuaI.mp4
2026-04-11 21:15:58,863 [INFO] ffmpeg finished for O8pg--1FuaI with code 0
2026-04-11 21:15:58,865 [INFO] [ffprobe:O8pg--1FuaI.mp4] Attempt 1/5
2026-04-11 21:15:58,865 [INFO] RUN ffprobe:O8pg--1FuaI.mp4: ffprobe -v error -show_entries format=duration -of default=noprint_wrappers=1:nokey=1 O8pg--1FuaI.mp4
2026-04-11 21:15:58,933 [ERROR] Validation failed: duration mismatch (expected 2533.00, got 2525.77, diff 7.23 > tolerance 5.00) for O8pg--1FuaI.mp4
2026-04-11 21:15:58,933 [WARNING] Moving corrupted file O8pg--1FuaI.mp4 -> corrupted\O8pg--1FuaI.mp4
2026-04-11 21:15:58,994 [ERROR] All download attempts failed for O8pg--1FuaI
2026-04-11 21:15:59,001 [INFO] Skipping already downloaded video 1nDcd873gO0 (PSYCHO INN)
2026-04-11 21:15:59,001 [INFO] Skipping already downloaded video eEtIMzhJeYo (They Added Over 60 Types to Pokemon)
2026-04-11 21:15:59,002 [INFO] Skipping already downloaded video 7EGCiTlQG1g (Mario Odyssey but the world is "Tile-Locked")
2026-04-11 21:15:59,002 [INFO] Skipping already downloaded video GjeuMXoa-7Y (Pokemon, but it has more rules than other YouTubers)
2026-04-11 21:15:59,002 [INFO] Skipping already downloaded video cZaAyhD3wdA (Can You Beat Pokemon Without EVER Levelling Up?)
2026-04-11 21:15:59,003 [INFO] Processing video DX6P_qaNIM8 (DougDoug's FAVORITE Platformer) from channel DougDougHaters
2026-04-11 21:15:59,003 [INFO] Starting download for DX6P_qaNIM8 (DougDoug's FAVORITE Platformer)
2026-04-11 21:15:59,004 [INFO] Download attempt 1/5 for DX6P_qaNIM8
2026-04-11 21:15:59,004 [INFO] [urls:DX6P_qaNIM8:134+140] Attempt 1/5
2026-04-11 21:15:59,004 [INFO] RUN urls:DX6P_qaNIM8:134+140: C:\Tools\yt-dlp\yt-dlp.exe -g -f 134+140 https://www.youtube.com/watch?v=DX6P_qaNIM8
2026-04-11 21:16:03,339 [INFO] Got URLs for DX6P_qaNIM8 with format 134+140
2026-04-11 21:16:03,340 [INFO] Starting ffmpeg for DX6P_qaNIM8: ffmpeg -y -loglevel error -progress pipe:2 -i https://rr1---sn-uxanug5-2xg6.googlevideo.com/videoplayback?expire=1775934963&ei=k0naadT-JK6w9fwP56rX4A8&ip=1.159.145.215&id=o-AHvngt4lfAhHchvLjNNsKvgEBku-iXd60DP3UviCTO9f&itag=134&source=youtube&requiressl=yes&xpc=EgVo2aDSNQ%3D%3D&cps=158&met=1775913363%2C&mh=7e&mm=31%2C29&mn=sn-uxanug5-2xg6%2Csn-ntq7yner&ms=au%2Crdu&mv=m&mvi=1&pl=17&rms=au%2Cau&initcwndbps=1883750&bui=AUUZDGIujXi7uZuT6OoHpxMNV5Hjg2_Rj3PTLZWkAWH-YeU7mWYozSslDeS68bobw7TEDezePpaQzwAn&spc=jlWave_gE0CDc6uPZvn4Ne3f_lJIRDL8y84b0eb4IRT4&vprv=1&svpuc=1&mime=video%2Fmp4&rqh=1&gir=yes&clen=69913247&dur=1407.672&lmt=1775847772109569&mt=1775912946&fvip=5&keepalive=yes&fexp=51565115%2C51565682&c=ANDROID_VR&txp=4432534&sparams=expire%2Cei%2Cip%2Cid%2Citag%2Csource%2Crequiressl%2Cxpc%2Cbui%2Cspc%2Cvprv%2Csvpuc%2Cmime%2Crqh%2Cgir%2Cclen%2Cdur%2Clmt&sig=AHEqNM4wRgIhAIAtsD9Xttt1n3-MeMyq1MiNGAigi6YmAXdOX-X3_ZAgAiEAiXC-0t3XepYoJvEUeAJ7ffGVT8bBH3SbQsqlkPvML0U%3D&lsparams=cps%2Cmet%2Cmh%2Cmm%2Cmn%2Cms%2Cmv%2Cmvi%2Cpl%2Crms%2Cinitcwndbps&lsig=APaTxxMwRQIhAPoyYu1AC8W-rlvENXBcAJCVo5RvCDIwM_vmVxnbY08ZAiBwsjezGwbuOUbMPjw9U8PvIPKXggNuTfvTpgnKAk4D1A%3D%3D -i https://rr1---sn-uxanug5-2xg6.googlevideo.com/videoplayback?expire=1775934963&ei=k0naadT-JK6w9fwP56rX4A8&ip=1.159.145.215&id=o-AHvngt4lfAhHchvLjNNsKvgEBku-iXd60DP3UviCTO9f&itag=140&source=youtube&requiressl=yes&xpc=EgVo2aDSNQ%3D%3D&cps=158&met=1775913363%2C&mh=7e&mm=31%2C29&mn=sn-uxanug5-2xg6%2Csn-ntq7yner&ms=au%2Crdu&mv=m&mvi=1&pl=17&rms=au%2Cau&initcwndbps=1883750&bui=AUUZDGIujXi7uZuT6OoHpxMNV5Hjg2_Rj3PTLZWkAWH-YeU7mWYozSslDeS68bobw7TEDezePpaQzwAn&spc=jlWave_gE0CDc6uPZvn4Ne3f_lJIRDL8y84b0eb4IRT4&vprv=1&svpuc=1&mime=audio%2Fmp4&rqh=1&gir=yes&clen=22783466&dur=1407.732&lmt=1775846772320322&mt=1775912946&fvip=5&keepalive=yes&fexp=51565115%2C51565682&c=ANDROID_VR&txp=4432534&sparams=expire%2Cei%2Cip%2Cid%2Citag%2Csource%2Crequiressl%2Cxpc%2Cbui%2Cspc%2Cvprv%2Csvpuc%2Cmime%2Crqh%2Cgir%2Cclen%2Cdur%2Clmt&sig=AHEqNM4wRQIhAKiRpWZQDLewKdZOOgODrwd-0TmHLck3OHqQuOk_RFfuAiAe9vel9xCdpzmWwEiwzZQWr_as94GX2aZ5AY43b8xH1g%3D%3D&lsparams=cps%2Cmet%2Cmh%2Cmm%2Cmn%2Cms%2Cmv%2Cmvi%2Cpl%2Crms%2Cinitcwndbps&lsig=APaTxxMwRQIhAPoyYu1AC8W-rlvENXBcAJCVo5RvCDIwM_vmVxnbY08ZAiBwsjezGwbuOUbMPjw9U8PvIPKXggNuTfvTpgnKAk4D1A%3D%3D -c copy DX6P_qaNIM8.mp4
2026-04-11 21:28:53,181 [INFO] ffmpeg finished for DX6P_qaNIM8 with code 0
2026-04-11 21:28:53,181 [INFO] [ffprobe:DX6P_qaNIM8.mp4] Attempt 1/5
2026-04-11 21:28:53,182 [INFO] RUN ffprobe:DX6P_qaNIM8.mp4: ffprobe -v error -show_entries format=duration -of default=noprint_wrappers=1:nokey=1 DX6P_qaNIM8.mp4
2026-04-11 21:28:53,230 [ERROR] Validation failed: duration mismatch (expected 1408.00, got 1369.58, diff 38.42 > tolerance 5.00) for DX6P_qaNIM8.mp4
2026-04-11 21:28:53,231 [WARNING] Moving corrupted file DX6P_qaNIM8.mp4 -> corrupted\DX6P_qaNIM8.mp4
2026-04-11 21:28:58,232 [INFO] Download attempt 2/5 for DX6P_qaNIM8
2026-04-11 21:28:58,232 [INFO] [urls:DX6P_qaNIM8:134+140] Attempt 1/5
2026-04-11 21:28:58,232 [INFO] RUN urls:DX6P_qaNIM8:134+140: C:\Tools\yt-dlp\yt-dlp.exe -g -f 134+140 https://www.youtube.com/watch?v=DX6P_qaNIM8
2026-04-11 21:29:02,533 [INFO] Got URLs for DX6P_qaNIM8 with format 134+140
2026-04-11 21:29:02,533 [INFO] Starting ffmpeg for DX6P_qaNIM8: ffmpeg -y -loglevel error -progress pipe:2 -i https://rr1---sn-uxanug5-2xg6.googlevideo.com/videoplayback?expire=1775935742&ei=nkzaadWPNKrHssUPsM2S6AQ&ip=1.159.145.215&id=o-AMaxZzgvLXUVYI-D0Rhzc-Wby4mODllxmGL9bDAwgCVu&itag=134&source=youtube&requiressl=yes&xpc=EgVo2aDSNQ%3D%3D&cps=369&met=1775914142%2C&mh=7e&mm=31%2C29&mn=sn-uxanug5-2xg6%2Csn-ntqe6n7r&ms=au%2Crdu&mv=m&mvi=1&pl=17&rms=au%2Cau&initcwndbps=1910000&bui=AUUZDGKeogdrvjc3nNmYxsUZBnJhZlsNxRv568oRs1LkhYR3QtEHqd2YQfTwv6rsFOYT7_Woitx86WVw&spc=jlWavU4QiX9cwXZxtNnlXqAOHJ5sUOjLko7HbnwMxHcE&vprv=1&svpuc=1&mime=video%2Fmp4&rqh=1&gir=yes&clen=69913247&dur=1407.672&lmt=1775847772109569&mt=1775913667&fvip=2&keepalive=yes&fexp=51565115%2C51565681&c=ANDROID_VR&txp=4432534&sparams=expire%2Cei%2Cip%2Cid%2Citag%2Csource%2Crequiressl%2Cxpc%2Cbui%2Cspc%2Cvprv%2Csvpuc%2Cmime%2Crqh%2Cgir%2Cclen%2Cdur%2Clmt&sig=AHEqNM4wRAIgc2ylUcAZNtIYXnp6I0zdbyvhMmzix3RlluCb6Ige4W0CIESTwOHX-7aRmeRTtofj4bY8JW1UQUHvGPKv6JrIjIU7&lsparams=cps%2Cmet%2Cmh%2Cmm%2Cmn%2Cms%2Cmv%2Cmvi%2Cpl%2Crms%2Cinitcwndbps&lsig=APaTxxMwRQIhAJ42iG20b4NC_iAk_t-1RydxqYzh0u40aO5A9oYnVYrVAiAGD5UwKEIGeotNoPVRalUgd4PoWoh3TsRezxiV7-NZ5w%3D%3D -i https://rr1---sn-uxanug5-2xg6.googlevideo.com/videoplayback?expire=1775935742&ei=nkzaadWPNKrHssUPsM2S6AQ&ip=1.159.145.215&id=o-AMaxZzgvLXUVYI-D0Rhzc-Wby4mODllxmGL9bDAwgCVu&itag=140&source=youtube&requiressl=yes&xpc=EgVo2aDSNQ%3D%3D&cps=369&met=1775914142%2C&mh=7e&mm=31%2C29&mn=sn-uxanug5-2xg6%2Csn-ntqe6n7r&ms=au%2Crdu&mv=m&mvi=1&pl=17&rms=au%2Cau&initcwndbps=1910000&bui=AUUZDGKeogdrvjc3nNmYxsUZBnJhZlsNxRv568oRs1LkhYR3QtEHqd2YQfTwv6rsFOYT7_Woitx86WVw&spc=jlWavU4QiX9cwXZxtNnlXqAOHJ5sUOjLko7HbnwMxHcE&vprv=1&svpuc=1&mime=audio%2Fmp4&rqh=1&gir=yes&clen=22783466&dur=1407.732&lmt=1775846772320322&mt=1775913667&fvip=2&keepalive=yes&fexp=51565115%2C51565681&c=ANDROID_VR&txp=4432534&sparams=expire%2Cei%2Cip%2Cid%2Citag%2Csource%2Crequiressl%2Cxpc%2Cbui%2Cspc%2Cvprv%2Csvpuc%2Cmime%2Crqh%2Cgir%2Cclen%2Cdur%2Clmt&sig=AHEqNM4wRQIgdu9jtmJ0A5PtFGkgP5C1UcfDNwHJISSimBtN_TBPyOYCIQC7mdwdw8i6Wxvjwr_jCvELKqH68w78SpOJZpqoaLaCWg%3D%3D&lsparams=cps%2Cmet%2Cmh%2Cmm%2Cmn%2Cms%2Cmv%2Cmvi%2Cpl%2Crms%2Cinitcwndbps&lsig=APaTxxMwRQIhAJ42iG20b4NC_iAk_t-1RydxqYzh0u40aO5A9oYnVYrVAiAGD5UwKEIGeotNoPVRalUgd4PoWoh3TsRezxiV7-NZ5w%3D%3D -c copy DX6P_qaNIM8.mp4
2026-04-11 22:49:03,258 [INFO] ffmpeg finished for DX6P_qaNIM8 with code 1073807364
2026-04-11 22:49:03,269 [ERROR] ffmpeg failed for DX6P_qaNIM8 on attempt 2
2026-04-11 22:49:03,270 [WARNING] Moving corrupted file DX6P_qaNIM8.mp4 -> corrupted\DX6P_qaNIM8.mp4
2026-04-12 21:26:38,696 [INFO] === START ===
2026-04-12 21:26:42,079 [INFO] yt-dlp.exe verified OK (size=18408128 bytes)
2026-04-12 21:26:42,080 [INFO] Found leftover file C:\YT\X3M-_xdfCaA.mp4 (id=X3M-_xdfCaA), validating...
2026-04-12 21:26:42,080 [INFO] [ffprobe:X3M-_xdfCaA.mp4] Attempt 1/5
2026-04-12 21:26:42,080 [INFO] RUN ffprobe:X3M-_xdfCaA.mp4: ffprobe -v error -show_entries format=duration -of default=noprint_wrappers=1:nokey=1 C:\YT\X3M-_xdfCaA.mp4
2026-04-12 21:26:42,216 [INFO] Validation OK for C:\YT\X3M-_xdfCaA.mp4 (size=2795282, duration=95.27)
2026-04-12 21:26:42,216 [INFO] Leftover file C:\YT\X3M-_xdfCaA.mp4 seems valid but unknown; leaving in place.
2026-04-12 21:26:42,217 [INFO] Clearing in_progress (DX6P_qaNIM8) because temp file missing.
2026-04-12 21:26:42,218 [INFO] [playlist:https://www.youtube.com/@SMii7Yplus] Attempt 1/5
2026-04-12 21:26:42,218 [INFO] RUN playlist:https://www.youtube.com/@SMii7Yplus: C:\Tools\yt-dlp\yt-dlp.exe --dump-json --flat-playlist --extractor-args youtube:skip=dash https://www.youtube.com/@SMii7Yplus/videos
2026-04-12 21:26:53,126 [INFO] Channel https://www.youtube.com/@SMii7Yplus -> 2 videos
2026-04-12 21:26:53,126 [INFO] [playlist:https://www.youtube.com/@SMii7Y] Attempt 1/5
2026-04-12 21:26:53,126 [INFO] RUN playlist:https://www.youtube.com/@SMii7Y: C:\Tools\yt-dlp\yt-dlp.exe --dump-json --flat-playlist --extractor-args youtube:skip=dash https://www.youtube.com/@SMii7Y/videos
2026-04-12 21:27:24,844 [INFO] Channel https://www.youtube.com/@SMii7Y -> 2 videos
2026-04-12 21:27:24,845 [INFO] [playlist:https://www.youtube.com/@dougdougdoug] Attempt 1/5
2026-04-12 21:27:24,845 [INFO] RUN playlist:https://www.youtube.com/@dougdougdoug: C:\Tools\yt-dlp\yt-dlp.exe --dump-json --flat-playlist --extractor-args youtube:skip=dash https://www.youtube.com/@dougdougdoug/videos
2026-04-12 21:27:29,086 [INFO] Channel https://www.youtube.com/@dougdougdoug -> 2 videos
2026-04-12 21:27:29,086 [INFO] [playlist:https://www.youtube.com/@failboat] Attempt 1/5
2026-04-12 21:27:29,087 [INFO] RUN playlist:https://www.youtube.com/@failboat: C:\Tools\yt-dlp\yt-dlp.exe --dump-json --flat-playlist --extractor-args youtube:skip=dash https://www.youtube.com/@failboat/videos
2026-04-12 21:28:00,439 [INFO] Channel https://www.youtube.com/@failboat -> 2 videos
2026-04-12 21:28:00,440 [INFO] [playlist:https://www.youtube.com/@LetsGameItOut] Attempt 1/5
2026-04-12 21:28:00,440 [INFO] RUN playlist:https://www.youtube.com/@LetsGameItOut: C:\Tools\yt-dlp\yt-dlp.exe --dump-json --flat-playlist --extractor-args youtube:skip=dash https://www.youtube.com/@LetsGameItOut/videos
2026-04-12 21:28:16,672 [INFO] Channel https://www.youtube.com/@LetsGameItOut -> 2 videos
2026-04-12 21:28:16,672 [INFO] [playlist:https://www.youtube.com/@dandingles] Attempt 1/5
2026-04-12 21:28:16,672 [INFO] RUN playlist:https://www.youtube.com/@dandingles: C:\Tools\yt-dlp\yt-dlp.exe --dump-json --flat-playlist --extractor-args youtube:skip=dash https://www.youtube.com/@dandingles/videos
2026-04-12 21:28:20,140 [INFO] Channel https://www.youtube.com/@dandingles -> 2 videos
2026-04-12 21:28:20,140 [INFO] [playlist:https://www.youtube.com/@markiplier] Attempt 1/5
2026-04-12 21:28:20,140 [INFO] RUN playlist:https://www.youtube.com/@markiplier: C:\Tools\yt-dlp\yt-dlp.exe --dump-json --flat-playlist --extractor-args youtube:skip=dash https://www.youtube.com/@markiplier/videos
2026-04-12 21:30:16,003 [INFO] Channel https://www.youtube.com/@markiplier -> 2 videos
2026-04-12 21:30:16,004 [INFO] [playlist:https://www.youtube.com/@Fir] Attempt 1/5
2026-04-12 21:30:16,004 [INFO] RUN playlist:https://www.youtube.com/@Fir: C:\Tools\yt-dlp\yt-dlp.exe --dump-json --flat-playlist --extractor-args youtube:skip=dash https://www.youtube.com/@Fir/videos
2026-04-12 21:30:24,176 [INFO] Channel https://www.youtube.com/@Fir -> 2 videos
2026-04-12 21:30:24,176 [INFO] [playlist:https://www.youtube.com/@PointCrow] Attempt 1/5
2026-04-12 21:30:24,177 [INFO] RUN playlist:https://www.youtube.com/@PointCrow: C:\Tools\yt-dlp\yt-dlp.exe --dump-json --flat-playlist --extractor-args youtube:skip=dash https://www.youtube.com/@PointCrow/videos
2026-04-12 21:30:32,569 [INFO] Channel https://www.youtube.com/@PointCrow -> 2 videos
2026-04-12 21:30:32,569 [INFO] [playlist:https://www.youtube.com/@DougDougHaters] Attempt 1/5
2026-04-12 21:30:32,570 [INFO] RUN playlist:https://www.youtube.com/@DougDougHaters: C:\Tools\yt-dlp\yt-dlp.exe --dump-json --flat-playlist --extractor-args youtube:skip=dash https://www.youtube.com/@DougDougHaters/videos
2026-04-12 21:30:37,406 [INFO] Channel https://www.youtube.com/@DougDougHaters -> 2 videos
2026-04-12 21:30:37,406 [INFO] [playlist:https://www.youtube.com/@ElectroBOOM] Attempt 1/5
2026-04-12 21:30:37,406 [INFO] RUN playlist:https://www.youtube.com/@ElectroBOOM: C:\Tools\yt-dlp\yt-dlp.exe --dump-json --flat-playlist --extractor-args youtube:skip=dash https://www.youtube.com/@ElectroBOOM/videos
2026-04-12 21:30:44,150 [INFO] Channel https://www.youtube.com/@ElectroBOOM -> 2 videos
2026-04-12 21:30:44,150 [INFO] Queue size: 22
2026-04-12 21:30:44,151 [INFO] Processing video skZAGLJvO30 (Darkwater is Creepily Hilarious) from channel SMii7Yplus
2026-04-12 21:30:44,151 [INFO] Starting download for skZAGLJvO30 (Darkwater is Creepily Hilarious)
2026-04-12 21:30:44,152 [INFO] Download attempt 1/5 for skZAGLJvO30
2026-04-12 21:30:44,152 [INFO] [urls:skZAGLJvO30:134+140] Attempt 1/5
2026-04-12 21:30:44,152 [INFO] RUN urls:skZAGLJvO30:134+140: C:\Tools\yt-dlp\yt-dlp.exe -g -f 134+140 https://www.youtube.com/watch?v=skZAGLJvO30
2026-04-12 21:30:47,988 [INFO] Got URLs for skZAGLJvO30 with format 134+140
2026-04-12 21:30:47,988 [INFO] Starting ffmpeg for skZAGLJvO30: ffmpeg -y -loglevel error -progress pipe:2 -i https://rr5---sn-ntqe6nee.googlevideo.com/videoplayback?expire=1776022247&ei=h57bacTzNZyR9fwPv82XoAg&ip=1.159.145.215&id=o-AGSA1pLQey-nJZmqahbyhQ2plv8AZJPwcurgrlFMgLZJ&itag=134&source=youtube&requiressl=yes&xpc=EgVo2aDSNQ%3D%3D&cps=707&met=1776000647%2C&mh=U_&mm=31%2C26&mn=sn-ntqe6nee%2Csn-ntq7ynle&ms=au%2Conr&mv=m&mvi=5&pl=17&rms=au%2Cau&initcwndbps=1918750&bui=AUUZDGLBvZy6rmp36Qg2VwQIHLg-xYrVfZTEXWIzS1u2_Nho3A1eoDDPa-iFeltY9xcxlPvwZ_owcIlP&spc=jlWavUfOugobUS5El3KhndQDlJ1yaUXPaondi6UnR5V7&vprv=1&svpuc=1&mime=video%2Fmp4&rqh=1&gir=yes&clen=67175313&dur=1694.133&lmt=1775874025445236&mt=1776000056&fvip=2&keepalive=yes&fexp=51565115%2C51565682&c=ANDROID_VR&txp=3309224&sparams=expire%2Cei%2Cip%2Cid%2Citag%2Csource%2Crequiressl%2Cxpc%2Cbui%2Cspc%2Cvprv%2Csvpuc%2Cmime%2Crqh%2Cgir%2Cclen%2Cdur%2Clmt&sig=AHEqNM4wRQIgKwUHZcpxy48Q_j9NUcvriX_WD5fHkAo7bsr0BMozHHkCIQC4M0V09sHMvnEhG-hD7tWukMCOy9kOGyURNI_mfGC8-A%3D%3D&lsparams=cps%2Cmet%2Cmh%2Cmm%2Cmn%2Cms%2Cmv%2Cmvi%2Cpl%2Crms%2Cinitcwndbps&lsig=APaTxxMwRQIhAKNPQgBoUkt-8ueKwCBb88azwnVHng60ViTtHEgQ0tZiAiBk5pwi3oHyQ2Ic9rurvJsAD9n479Vwt8uipKrq9TQEEg%3D%3D -i https://rr5---sn-ntqe6nee.googlevideo.com/videoplayback?expire=1776022247&ei=h57bacTzNZyR9fwPv82XoAg&ip=1.159.145.215&id=o-AGSA1pLQey-nJZmqahbyhQ2plv8AZJPwcurgrlFMgLZJ&itag=140&source=youtube&requiressl=yes&xpc=EgVo2aDSNQ%3D%3D&cps=707&met=1776000647%2C&mh=U_&mm=31%2C26&mn=sn-ntqe6nee%2Csn-ntq7ynle&ms=au%2Conr&mv=m&mvi=5&pl=17&rms=au%2Cau&initcwndbps=1918750&bui=AUUZDGLBvZy6rmp36Qg2VwQIHLg-xYrVfZTEXWIzS1u2_Nho3A1eoDDPa-iFeltY9xcxlPvwZ_owcIlP&spc=jlWavUfOugobUS5El3KhndQDlJ1yaUXPaondi6UnR5V7&vprv=1&svpuc=1&mime=audio%2Fmp4&rqh=1&gir=yes&clen=27419605&dur=1694.197&lmt=1775874005805722&mt=1776000056&fvip=2&keepalive=yes&fexp=51565115%2C51565682&c=ANDROID_VR&txp=3308224&sparams=expire%2Cei%2Cip%2Cid%2Citag%2Csource%2Crequiressl%2Cxpc%2Cbui%2Cspc%2Cvprv%2Csvpuc%2Cmime%2Crqh%2Cgir%2Cclen%2Cdur%2Clmt&sig=AHEqNM4wRgIhAOxhmZeUFkW5lo5jpZQDfjOfXvIsWl39kMWyQ3O_sx05AiEAkgN1c-dDJ61iaASXqZnC2cUmN4bOvw_ZwcMb71puLCg%3D&lsparams=cps%2Cmet%2Cmh%2Cmm%2Cmn%2Cms%2Cmv%2Cmvi%2Cpl%2Crms%2Cinitcwndbps&lsig=APaTxxMwRQIhAKNPQgBoUkt-8ueKwCBb88azwnVHng60ViTtHEgQ0tZiAiBk5pwi3oHyQ2Ic9rurvJsAD9n479Vwt8uipKrq9TQEEg%3D%3D -c copy skZAGLJvO30.mp4
2026-04-12 21:46:00,227 [INFO] ffmpeg finished for skZAGLJvO30 with code 0
2026-04-12 21:46:00,228 [INFO] [ffprobe:skZAGLJvO30.mp4] Attempt 1/5
2026-04-12 21:46:00,228 [INFO] RUN ffprobe:skZAGLJvO30.mp4: ffprobe -v error -show_entries format=duration -of default=noprint_wrappers=1:nokey=1 skZAGLJvO30.mp4
2026-04-12 21:46:00,274 [INFO] Validation OK for skZAGLJvO30.mp4 (size=94061164, duration=1694.13)
2026-04-12 21:46:00,274 [INFO] Moving skZAGLJvO30.mp4 -> SMii7Yplus\Darkwater is Creepily Hilarious.mp4
2026-04-12 21:46:00,305 [INFO] Download complete for skZAGLJvO30
2026-04-12 21:46:00,307 [INFO] Skipping already downloaded video 3Aspc9fmifU (DEEP DIH DUNGEON)
2026-04-12 21:46:00,308 [INFO] Skipping already downloaded video ecmpw9DpWio (We Found Another TAG Game)
2026-04-12 21:46:00,308 [INFO] Skipping already downloaded video 5IS5FLUbpDo (DO NOT Play Super Battle Golf Like This)
2026-04-12 21:46:00,308 [INFO] Skipping already downloaded video ItQHQIJvF98 (What happens if you tell ChatGPT to make Fortnite 2?)
2026-04-12 21:46:00,309 [INFO] Skipping already downloaded video RhmRDXRdYFM (I've made 10 years of YouTube videos. Let's rank them.)
2026-04-12 21:46:00,309 [INFO] Skipping already downloaded video dScpydu_HRE (I programmed a turtle)
2026-04-12 21:46:00,309 [INFO] Skipping already downloaded video ULm2jpMDJ8E (Letting my vengeful Editors control the Video)
2026-04-12 21:46:00,309 [INFO] Skipping already downloaded video Uj5RnygvoKk (I Brainwashed an Entire Village to Win the Game For Me - Soulmask 1.0 - Shifting Sands DLC)
2026-04-12 21:46:00,310 [INFO] Skipping already downloaded video 802J6OnLBgc (I Beat This Entire Factory Game With Basically No Factory - StarRupture)
2026-04-12 21:46:00,310 [INFO] Skipping already downloaded video fGLL4cbVqCs (Who the heck is Dan Dingle? (250k Q&A))
2026-04-12 21:46:00,310 [INFO] Skipping already downloaded video zitMh_7SfMY (Laughing At Sora 2 One Last Time...)
2026-04-12 21:46:00,311 [INFO] Processing video O8pg--1FuaI (PAWN SHOP) from channel markiplier
2026-04-12 21:46:00,311 [INFO] Starting download for O8pg--1FuaI (PAWN SHOP)
2026-04-12 21:46:00,312 [INFO] Download attempt 1/5 for O8pg--1FuaI
2026-04-12 21:46:00,312 [INFO] [urls:O8pg--1FuaI:134+140] Attempt 1/5
2026-04-12 21:46:00,312 [INFO] RUN urls:O8pg--1FuaI:134+140: C:\Tools\yt-dlp\yt-dlp.exe -g -f 134+140 https://www.youtube.com/watch?v=O8pg--1FuaI
2026-04-12 21:46:11,184 [INFO] Got URLs for O8pg--1FuaI with format 134+140
2026-04-12 21:46:11,184 [INFO] Starting ffmpeg for O8pg--1FuaI: ffmpeg -y -loglevel error -progress pipe:2 -i https://rr3---sn-ntq7yned.googlevideo.com/videoplayback?expire=1776023171&ei=I6LbadmEB7vA4t4P6ZTooAc&ip=1.159.145.215&id=o-AMlGwljhheRtLxYF-pRF4wuYGVvqoLMpbl33Ht1M1BRW&itag=134&source=youtube&requiressl=yes&xpc=EgVo2aDSNQ%3D%3D&cps=645&met=1776001571%2C&mh=RQ&mm=31%2C29&mn=sn-ntq7yned%2Csn-u1ntq5-52&ms=au%2Crdu&mv=m&mvi=3&pl=17&rms=au%2Cau&initcwndbps=1885000&bui=AUUZDGInbi7FgqIpaq7hRKVr3tnTczq8vFcEnGUlBY2f4X0YsKARiTMnnWtt_U-MpEKhK0dEKln9t-og&spc=jlWavcNfiN3w-T-TNuPX4C7YXdheQHtmTnDKkdcZmM5t&vprv=1&svpuc=1&mime=video%2Fmp4&rqh=1&gir=yes&clen=71946550&dur=2532.166&lmt=1775841680703894&mt=1776001023&fvip=3&keepalive=yes&fexp=51565115%2C51565681&c=ANDROID_VR&txp=3309224&sparams=expire%2Cei%2Cip%2Cid%2Citag%2Csource%2Crequiressl%2Cxpc%2Cbui%2Cspc%2Cvprv%2Csvpuc%2Cmime%2Crqh%2Cgir%2Cclen%2Cdur%2Clmt&sig=AHEqNM4wRAIgaRpbD7taB-2JhSZofySBBMOQWWrQwi2XIM8fqujcSkcCIBS4hesCJPx5rXcjc8AbjKjUNQ2a1KEvaKlzCPYQKJYR&lsparams=cps%2Cmet%2Cmh%2Cmm%2Cmn%2Cms%2Cmv%2Cmvi%2Cpl%2Crms%2Cinitcwndbps&lsig=APaTxxMwRQIhAIUJqz9Wm3c1yFMsI0RREoCZJ5KiKJCvG4FtNrBTmyxaAiB_A7sdO9S0Jlst4kX3_Fe7jUzvL1d0kswgJ0cqfvsrzg%3D%3D -i https://rr3---sn-ntq7yned.googlevideo.com/videoplayback?expire=1776023171&ei=I6LbadmEB7vA4t4P6ZTooAc&ip=1.159.145.215&id=o-AMlGwljhheRtLxYF-pRF4wuYGVvqoLMpbl33Ht1M1BRW&itag=140&source=youtube&requiressl=yes&xpc=EgVo2aDSNQ%3D%3D&cps=645&met=1776001571%2C&mh=RQ&mm=31%2C29&mn=sn-ntq7yned%2Csn-u1ntq5-52&ms=au%2Crdu&mv=m&mvi=3&pl=17&rms=au%2Cau&initcwndbps=1885000&bui=AUUZDGInbi7FgqIpaq7hRKVr3tnTczq8vFcEnGUlBY2f4X0YsKARiTMnnWtt_U-MpEKhK0dEKln9t-og&spc=jlWavcNfiN3w-T-TNuPX4C7YXdheQHtmTnDKkdcZmM5t&vprv=1&svpuc=1&mime=audio%2Fmp4&rqh=1&gir=yes&clen=40982097&dur=2532.228&lmt=1775841634420115&mt=1776001023&fvip=3&keepalive=yes&fexp=51565115%2C51565681&c=ANDROID_VR&txp=3308224&sparams=expire%2Cei%2Cip%2Cid%2Citag%2Csource%2Crequiressl%2Cxpc%2Cbui%2Cspc%2Cvprv%2Csvpuc%2Cmime%2Crqh%2Cgir%2Cclen%2Cdur%2Clmt&sig=AHEqNM4wRQIgKSgWpdCSwM3IAsrgcj0PL1um1HaMT7s4HphW2ZwVN3QCIQDk3AqnIo8U40D7ubeKAc9O7XF8M7-D16JLyizazM55Ng%3D%3D&lsparams=cps%2Cmet%2Cmh%2Cmm%2Cmn%2Cms%2Cmv%2Cmvi%2Cpl%2Crms%2Cinitcwndbps&lsig=APaTxxMwRQIhAIUJqz9Wm3c1yFMsI0RREoCZJ5KiKJCvG4FtNrBTmyxaAiB_A7sdO9S0Jlst4kX3_Fe7jUzvL1d0kswgJ0cqfvsrzg%3D%3D -c copy O8pg--1FuaI.mp4
2026-04-12 22:01:11,760 [WARNING] Ctrl+C detected — graceful shutdown requested.
2026-04-12 22:01:11,761 [WARNING] Terminated ffmpeg for O8pg--1FuaI due to Ctrl+C.
2026-04-12 22:01:11,761 [ERROR] ffmpeg failed for O8pg--1FuaI on attempt 1
2026-04-12 22:01:11,762 [WARNING] Moving corrupted file O8pg--1FuaI.mp4 -> corrupted\O8pg--1FuaI.mp4
2026-04-12 22:01:12,000 [WARNING] Ctrl+C detected — graceful shutdown requested.
2026-04-12 22:01:13,591 [WARNING] Ctrl+C detected — graceful shutdown requested.
2026-04-12 22:01:13,966 [WARNING] Ctrl+C detected — graceful shutdown requested.
2026-04-12 22:01:14,297 [WARNING] Ctrl+C detected — graceful shutdown requested.
2026-04-12 22:01:16,792 [WARNING] Interrupted during download of O8pg--1FuaI — aborting safely.
2026-04-12 22:01:16,793 [INFO] Graceful exit requested before next video.
2026-04-12 22:01:16,793 [INFO] === EXIT ===
2026-04-13 11:34:05,940 [INFO] === START ===
2026-04-13 11:34:07,670 [INFO] yt-dlp.exe verified OK (size=18408128 bytes)
2026-04-13 11:34:07,671 [INFO] Found leftover file C:\YT\X3M-_xdfCaA.mp4 (id=X3M-_xdfCaA), validating...
2026-04-13 11:34:07,672 [INFO] [ffprobe:X3M-_xdfCaA.mp4] Attempt 1/5
2026-04-13 11:34:07,672 [INFO] RUN ffprobe:X3M-_xdfCaA.mp4: ffprobe -v error -show_entries format=duration -of default=noprint_wrappers=1:nokey=1 C:\YT\X3M-_xdfCaA.mp4
2026-04-13 11:34:07,721 [INFO] Validation OK for C:\YT\X3M-_xdfCaA.mp4 (size=2795282, duration=95.27)
2026-04-13 11:34:07,721 [INFO] Leftover file C:\YT\X3M-_xdfCaA.mp4 seems valid but unknown; leaving in place.
2026-04-13 11:34:07,721 [INFO] Clearing in_progress (O8pg--1FuaI) because temp file missing.
2026-04-13 11:34:07,724 [INFO] [playlist:https://www.youtube.com/@SMii7Yplus] Attempt 1/5
2026-04-13 11:34:07,724 [INFO] RUN playlist:https://www.youtube.com/@SMii7Yplus: C:\Tools\yt-dlp\yt-dlp.exe --dump-json --flat-playlist --extractor-args youtube:skip=dash https://www.youtube.com/@SMii7Yplus/videos
2026-04-13 11:34:16,696 [INFO] Channel https://www.youtube.com/@SMii7Yplus -> 2 videos
2026-04-13 11:34:16,696 [INFO] [playlist:https://www.youtube.com/@SMii7Y] Attempt 1/5
2026-04-13 11:34:16,696 [INFO] RUN playlist:https://www.youtube.com/@SMii7Y: C:\Tools\yt-dlp\yt-dlp.exe --dump-json --flat-playlist --extractor-args youtube:skip=dash https://www.youtube.com/@SMii7Y/videos
2026-04-13 11:34:41,208 [INFO] Channel https://www.youtube.com/@SMii7Y -> 2 videos
2026-04-13 11:34:41,208 [INFO] [playlist:https://www.youtube.com/@dougdougdoug] Attempt 1/5
2026-04-13 11:34:41,208 [INFO] RUN playlist:https://www.youtube.com/@dougdougdoug: C:\Tools\yt-dlp\yt-dlp.exe --dump-json --flat-playlist --extractor-args youtube:skip=dash https://www.youtube.com/@dougdougdoug/videos
2026-04-13 11:34:45,038 [INFO] Channel https://www.youtube.com/@dougdougdoug -> 2 videos
2026-04-13 11:34:45,038 [INFO] [playlist:https://www.youtube.com/@failboat] Attempt 1/5
2026-04-13 11:34:45,038 [INFO] RUN playlist:https://www.youtube.com/@failboat: C:\Tools\yt-dlp\yt-dlp.exe --dump-json --flat-playlist --extractor-args youtube:skip=dash https://www.youtube.com/@failboat/videos
2026-04-13 11:35:12,241 [INFO] Channel https://www.youtube.com/@failboat -> 2 videos
2026-04-13 11:35:12,241 [INFO] [playlist:https://www.youtube.com/@LetsGameItOut] Attempt 1/5
2026-04-13 11:35:12,241 [INFO] RUN playlist:https://www.youtube.com/@LetsGameItOut: C:\Tools\yt-dlp\yt-dlp.exe --dump-json --flat-playlist --extractor-args youtube:skip=dash https://www.youtube.com/@LetsGameItOut/videos
2026-04-13 11:35:26,447 [INFO] Channel https://www.youtube.com/@LetsGameItOut -> 2 videos
2026-04-13 11:35:26,451 [INFO] [playlist:https://www.youtube.com/@dandingles] Attempt 1/5
2026-04-13 11:35:26,451 [INFO] RUN playlist:https://www.youtube.com/@dandingles: C:\Tools\yt-dlp\yt-dlp.exe --dump-json --flat-playlist --extractor-args youtube:skip=dash https://www.youtube.com/@dandingles/videos
2026-04-13 11:35:29,902 [INFO] Channel https://www.youtube.com/@dandingles -> 2 videos
2026-04-13 11:35:29,902 [INFO] [playlist:https://www.youtube.com/@markiplier] Attempt 1/5
2026-04-13 11:35:29,902 [INFO] RUN playlist:https://www.youtube.com/@markiplier: C:\Tools\yt-dlp\yt-dlp.exe --dump-json --flat-playlist --extractor-args youtube:skip=dash https://www.youtube.com/@markiplier/videos
2026-04-13 11:37:04,422 [INFO] Channel https://www.youtube.com/@markiplier -> 2 videos
2026-04-13 11:37:04,422 [INFO] [playlist:https://www.youtube.com/@Fir] Attempt 1/5
2026-04-13 11:37:04,422 [INFO] RUN playlist:https://www.youtube.com/@Fir: C:\Tools\yt-dlp\yt-dlp.exe --dump-json --flat-playlist --extractor-args youtube:skip=dash https://www.youtube.com/@Fir/videos
2026-04-13 11:37:09,690 [INFO] Channel https://www.youtube.com/@Fir -> 2 videos
2026-04-13 11:37:09,690 [INFO] [playlist:https://www.youtube.com/@PointCrow] Attempt 1/5
2026-04-13 11:37:09,690 [INFO] RUN playlist:https://www.youtube.com/@PointCrow: C:\Tools\yt-dlp\yt-dlp.exe --dump-json --flat-playlist --extractor-args youtube:skip=dash https://www.youtube.com/@PointCrow/videos
2026-04-13 11:37:15,631 [INFO] Channel https://www.youtube.com/@PointCrow -> 2 videos
2026-04-13 11:37:15,631 [INFO] [playlist:https://www.youtube.com/@DougDougHaters] Attempt 1/5
2026-04-13 11:37:15,631 [INFO] RUN playlist:https://www.youtube.com/@DougDougHaters: C:\Tools\yt-dlp\yt-dlp.exe --dump-json --flat-playlist --extractor-args youtube:skip=dash https://www.youtube.com/@DougDougHaters/videos
2026-04-13 11:37:19,905 [INFO] Channel https://www.youtube.com/@DougDougHaters -> 2 videos
2026-04-13 11:37:19,905 [INFO] [playlist:https://www.youtube.com/@ElectroBOOM] Attempt 1/5
2026-04-13 11:37:19,905 [INFO] RUN playlist:https://www.youtube.com/@ElectroBOOM: C:\Tools\yt-dlp\yt-dlp.exe --dump-json --flat-playlist --extractor-args youtube:skip=dash https://www.youtube.com/@ElectroBOOM/videos
2026-04-13 11:37:26,182 [INFO] Channel https://www.youtube.com/@ElectroBOOM -> 2 videos
2026-04-13 11:37:26,182 [INFO] Queue size: 22
2026-04-13 11:37:26,185 [INFO] Skipping already downloaded video skZAGLJvO30 (Darkwater is Creepily Hilarious)
2026-04-13 11:37:26,185 [INFO] Skipping already downloaded video 3Aspc9fmifU (DEEP DIH DUNGEON)
2026-04-13 11:37:26,185 [INFO] Skipping already downloaded video ecmpw9DpWio (We Found Another TAG Game)
2026-04-13 11:37:26,185 [INFO] Skipping already downloaded video 5IS5FLUbpDo (DO NOT Play Super Battle Golf Like This)
2026-04-13 11:37:26,185 [INFO] Skipping already downloaded video ItQHQIJvF98 (What happens if you tell ChatGPT to make Fortnite 2?)
2026-04-13 11:37:26,185 [INFO] Skipping already downloaded video RhmRDXRdYFM (I've made 10 years of YouTube videos. Let's rank them.)
2026-04-13 11:37:26,185 [INFO] Skipping already downloaded video dScpydu_HRE (I programmed a turtle)
2026-04-13 11:37:26,185 [INFO] Skipping already downloaded video ULm2jpMDJ8E (Letting my vengeful Editors control the Video)
2026-04-13 11:37:26,185 [INFO] Skipping already downloaded video Uj5RnygvoKk (I Brainwashed an Entire Village to Win the Game For Me - Soulmask 1.0 - Shifting Sands DLC)
2026-04-13 11:37:26,185 [INFO] Skipping already downloaded video 802J6OnLBgc (I Beat This Entire Factory Game With Basically No Factory - StarRupture)
2026-04-13 11:37:26,185 [INFO] Skipping already downloaded video fGLL4cbVqCs (Who the heck is Dan Dingle? (250k Q&A))
2026-04-13 11:37:26,185 [INFO] Skipping already downloaded video zitMh_7SfMY (Laughing At Sora 2 One Last Time...)
2026-04-13 11:37:26,185 [INFO] Processing video O8pg--1FuaI (PAWN SHOP) from channel markiplier
2026-04-13 11:37:26,185 [INFO] Starting download for O8pg--1FuaI (PAWN SHOP)
2026-04-13 11:37:26,189 [INFO] Download attempt 1/5 for O8pg--1FuaI
2026-04-13 11:37:26,189 [INFO] [urls:O8pg--1FuaI:134+140] Attempt 1/5
2026-04-13 11:37:26,189 [INFO] RUN urls:O8pg--1FuaI:134+140: C:\Tools\yt-dlp\yt-dlp.exe -g -f 134+140 https://www.youtube.com/watch?v=O8pg--1FuaI
2026-04-13 11:37:29,650 [WARNING] [urls:O8pg--1FuaI:134+140] Failed (code 1).
2026-04-13 11:37:29,650 [INFO] [urls:O8pg--1FuaI:134+140] Retrying in 5 seconds...
2026-04-13 11:37:34,652 [INFO] [urls:O8pg--1FuaI:134+140] Attempt 2/5
2026-04-13 11:37:34,652 [INFO] RUN urls:O8pg--1FuaI:134+140: C:\Tools\yt-dlp\yt-dlp.exe -g -f 134+140 https://www.youtube.com/watch?v=O8pg--1FuaI
2026-04-13 11:37:38,278 [INFO] Got URLs for O8pg--1FuaI with format 134+140
2026-04-13 11:37:38,278 [INFO] Starting ffmpeg for O8pg--1FuaI: ffmpeg -y -loglevel error -progress pipe:2 -i https://rr3---sn-uxanug5-2xgd.googlevideo.com/videoplayback?expire=1776073057&ei=AWXcaeWJNZ6OssUP4P2r0A4&ip=1.159.145.215&id=o-AMAsavWRBXdRVFU6-3c_49PL096nLYYm8w93xp_Jfy-I&itag=134&source=youtube&requiressl=yes&xpc=EgVo2aDSNQ%3D%3D&cps=763&met=1776051457%2C&mh=RQ&mm=31%2C29&mn=sn-uxanug5-2xgd%2Csn-ajhxac-5c&ms=au%2Crdu&mv=m&mvi=3&pcm2cms=yes&pl=17&rms=au%2Cau&initcwndbps=2132500&bui=AUUZDGJlL5Y5nWxtp1dy7hI7Vxzdq0XPqwSSdx12ixLHB9bwSL6lU5ZfG5i8cyE_Ngr1CZQKfDsyC7ug&spc=jlWavbGIFYJApO4S8Zb479ymgKbaLNoGDQ4XfC9KEoPW&vprv=1&svpuc=1&mime=video%2Fmp4&rqh=1&gir=yes&clen=71946550&dur=2532.166&lmt=1775841680703894&mt=1776050968&fvip=3&keepalive=yes&fexp=51565115%2C51565682&c=ANDROID_VR&txp=3309224&sparams=expire%2Cei%2Cip%2Cid%2Citag%2Csource%2Crequiressl%2Cxpc%2Cbui%2Cspc%2Cvprv%2Csvpuc%2Cmime%2Crqh%2Cgir%2Cclen%2Cdur%2Clmt&sig=AHEqNM4wRQIgUJY7Wx4_GHUVGwrKDIBcqBGwVK9L0SEGuCTP4PipJCUCIQDiHrgnVyNcp5q79cumRrQqrdml0N_EbzHn4oy0NiqKOA%3D%3D&lsparams=cps%2Cmet%2Cmh%2Cmm%2Cmn%2Cms%2Cmv%2Cmvi%2Cpcm2cms%2Cpl%2Crms%2Cinitcwndbps&lsig=APaTxxMwRQIhAMb-KscOI1CTihKvde2vlE2GbI6cDoFtG-THR8QyVyQ4AiBLWBQlWYYEd1LQ8mYaA7eiWYE5EwGmn3FhDh70UT02RA%3D%3D -i https://rr3---sn-uxanug5-2xgd.googlevideo.com/videoplayback?expire=1776073057&ei=AWXcaeWJNZ6OssUP4P2r0A4&ip=1.159.145.215&id=o-AMAsavWRBXdRVFU6-3c_49PL096nLYYm8w93xp_Jfy-I&itag=140&source=youtube&requiressl=yes&xpc=EgVo2aDSNQ%3D%3D&cps=763&met=1776051457%2C&mh=RQ&mm=31%2C29&mn=sn-uxanug5-2xgd%2Csn-ajhxac-5c&ms=au%2Crdu&mv=m&mvi=3&pcm2cms=yes&pl=17&rms=au%2Cau&initcwndbps=2132500&bui=AUUZDGJlL5Y5nWxtp1dy7hI7Vxzdq0XPqwSSdx12ixLHB9bwSL6lU5ZfG5i8cyE_Ngr1CZQKfDsyC7ug&spc=jlWavbGIFYJApO4S8Zb479ymgKbaLNoGDQ4XfC9KEoPW&vprv=1&svpuc=1&mime=audio%2Fmp4&rqh=1&gir=yes&clen=40982097&dur=2532.228&lmt=1775841634420115&mt=1776050968&fvip=3&keepalive=yes&fexp=51565115%2C51565682&c=ANDROID_VR&txp=3308224&sparams=expire%2Cei%2Cip%2Cid%2Citag%2Csource%2Crequiressl%2Cxpc%2Cbui%2Cspc%2Cvprv%2Csvpuc%2Cmime%2Crqh%2Cgir%2Cclen%2Cdur%2Clmt&sig=AHEqNM4wRQIhAIbTasAQB4-Wa8BM8uo5FGULuFr2RKRrx-Pu5vt6v1c6AiByUWnSthfRzGJAZJz0Mrvt54jl1aBTy_MnDGUA3cd6iQ%3D%3D&lsparams=cps%2Cmet%2Cmh%2Cmm%2Cmn%2Cms%2Cmv%2Cmvi%2Cpcm2cms%2Cpl%2Crms%2Cinitcwndbps&lsig=APaTxxMwRQIhAMb-KscOI1CTihKvde2vlE2GbI6cDoFtG-THR8QyVyQ4AiBLWBQlWYYEd1LQ8mYaA7eiWYE5EwGmn3FhDh70UT02RA%3D%3D -c copy O8pg--1FuaI.mp4
2026-04-13 12:00:32,801 [INFO] ffmpeg finished for O8pg--1FuaI with code 0
2026-04-13 12:00:32,802 [INFO] [ffprobe:O8pg--1FuaI.mp4] Attempt 1/5
2026-04-13 12:00:32,802 [INFO] RUN ffprobe:O8pg--1FuaI.mp4: ffprobe -v error -show_entries format=duration -of default=noprint_wrappers=1:nokey=1 O8pg--1FuaI.mp4
2026-04-13 12:00:32,852 [INFO] Validation OK for O8pg--1FuaI.mp4 (size=113863690, duration=2532.23)
2026-04-13 12:00:32,852 [INFO] Moving O8pg--1FuaI.mp4 -> markiplier\PAWN SHOP.mp4
2026-04-13 12:00:32,856 [INFO] Download complete for O8pg--1FuaI
2026-04-13 12:00:32,857 [INFO] Skipping already downloaded video 1nDcd873gO0 (PSYCHO INN)
2026-04-13 12:00:32,857 [INFO] Skipping already downloaded video eEtIMzhJeYo (They Added Over 60 Types to Pokemon)
2026-04-13 12:00:32,857 [INFO] Skipping already downloaded video 7EGCiTlQG1g (Mario Odyssey but the world is "Tile-Locked")
2026-04-13 12:00:32,857 [INFO] Processing video uydvCGStqEo (Can My Viewers Count to 10 Before I Beat Zelda?) from channel PointCrow
2026-04-13 12:00:32,857 [INFO] Starting download for uydvCGStqEo (Can My Viewers Count to 10 Before I Beat Zelda?)
2026-04-13 12:00:32,860 [INFO] Download attempt 1/5 for uydvCGStqEo
2026-04-13 12:00:32,860 [INFO] [urls:uydvCGStqEo:134+140] Attempt 1/5
2026-04-13 12:00:32,860 [INFO] RUN urls:uydvCGStqEo:134+140: C:\Tools\yt-dlp\yt-dlp.exe -g -f 134+140 https://www.youtube.com/watch?v=uydvCGStqEo
2026-04-13 12:00:37,164 [INFO] Got URLs for uydvCGStqEo with format 134+140
2026-04-13 12:00:37,164 [INFO] Starting ffmpeg for uydvCGStqEo: ffmpeg -y -loglevel error -progress pipe:2 -i https://rr3---sn-uxanug5-2xg6.googlevideo.com/videoplayback?expire=1776074436&ei=ZGrcad75MfXLssUP9_O10QQ&ip=1.159.145.215&id=o-AJ8XsKbir1PwSg_aCoR1dFJIlHXFQi5WlDCfhWexunow&itag=134&source=youtube&requiressl=yes&xpc=EgVo2aDSNQ%3D%3D&cps=722&met=1776052836%2C&mh=Da&mm=31%2C29&mn=sn-uxanug5-2xg6%2Csn-ajhxac-5c&ms=au%2Crdu&mv=m&mvi=3&pcm2cms=yes&pl=17&rms=au%2Cau&initcwndbps=2038750&bui=AUUZDGKCSPVHHBNbYb2FXV98K9aXhAl5pPFqq5qDj1wF-b7ELqEy5stGonPMHydgMMIQaPqupCAGqxQc&spc=jlWavXdu2sPBCHDZU3y--pGAFkSxQ9yUocipmBQ6IkaN&vprv=1&svpuc=1&mime=video%2Fmp4&rqh=1&gir=yes&clen=27012321&dur=1105.966&lmt=1775995539279364&mt=1776052402&fvip=4&keepalive=yes&fexp=51565115%2C51565681&c=ANDROID_VR&txp=5535534&sparams=expire%2Cei%2Cip%2Cid%2Citag%2Csource%2Crequiressl%2Cxpc%2Cbui%2Cspc%2Cvprv%2Csvpuc%2Cmime%2Crqh%2Cgir%2Cclen%2Cdur%2Clmt&sig=AHEqNM4wRgIhALdkGaeAFgMkfd6ZIGhd_7-_-MF1ez4EyVhqJs-PZ0AbAiEAqtaMLOlHZEk-UCSiOBaBW5US8FhVvC82p6BJ94QovPQ%3D&lsparams=cps%2Cmet%2Cmh%2Cmm%2Cmn%2Cms%2Cmv%2Cmvi%2Cpcm2cms%2Cpl%2Crms%2Cinitcwndbps&lsig=APaTxxMwRQIhAJs6UqjSb3ZOFZ8-_1Yb_gGBGZvOtSpLckJKtt6drlsgAiBaE5j_dukUAY9wfBtUO9t-KHA3gLLJufDrg0OEjjPhYw%3D%3D -i https://rr3---sn-uxanug5-2xg6.googlevideo.com/videoplayback?expire=1776074436&ei=ZGrcad75MfXLssUP9_O10QQ&ip=1.159.145.215&id=o-AJ8XsKbir1PwSg_aCoR1dFJIlHXFQi5WlDCfhWexunow&itag=140&source=youtube&requiressl=yes&xpc=EgVo2aDSNQ%3D%3D&cps=722&met=1776052836%2C&mh=Da&mm=31%2C29&mn=sn-uxanug5-2xg6%2Csn-ajhxac-5c&ms=au%2Crdu&mv=m&mvi=3&pcm2cms=yes&pl=17&rms=au%2Cau&initcwndbps=2038750&bui=AUUZDGKCSPVHHBNbYb2FXV98K9aXhAl5pPFqq5qDj1wF-b7ELqEy5stGonPMHydgMMIQaPqupCAGqxQc&spc=jlWavXdu2sPBCHDZU3y--pGAFkSxQ9yUocipmBQ6IkaN&vprv=1&svpuc=1&xtags=acont%3Doriginal%3Alang%3Den-US&mime=audio%2Fmp4&rqh=1&gir=yes&clen=17900688&dur=1106.012&lmt=1775864641663906&mt=1776052402&fvip=4&keepalive=yes&fexp=51565115%2C51565681&c=ANDROID_VR&txp=4432534&sparams=expire%2Cei%2Cip%2Cid%2Citag%2Csource%2Crequiressl%2Cxpc%2Cbui%2Cspc%2Cvprv%2Csvpuc%2Cxtags%2Cmime%2Crqh%2Cgir%2Cclen%2Cdur%2Clmt&sig=AHEqNM4wRgIhAMzJwGk4pxt6aCpOhEbPseM9_4dl6sYaHvjgoKoB23_-AiEA6iTa6-J4BD_gSMtLsS1oMDuUCAxeCqT2hlrI4_VyVK4%3D&lsparams=cps%2Cmet%2Cmh%2Cmm%2Cmn%2Cms%2Cmv%2Cmvi%2Cpcm2cms%2Cpl%2Crms%2Cinitcwndbps&lsig=APaTxxMwRQIhAJs6UqjSb3ZOFZ8-_1Yb_gGBGZvOtSpLckJKtt6drlsgAiBaE5j_dukUAY9wfBtUO9t-KHA3gLLJufDrg0OEjjPhYw%3D%3D -c copy uydvCGStqEo.mp4
2026-04-13 12:10:15,309 [INFO] ffmpeg finished for uydvCGStqEo with code 0
2026-04-13 12:10:15,309 [INFO] [ffprobe:uydvCGStqEo.mp4] Attempt 1/5
2026-04-13 12:10:15,309 [INFO] RUN ffprobe:uydvCGStqEo.mp4: ffprobe -v error -show_entries format=duration -of default=noprint_wrappers=1:nokey=1 uydvCGStqEo.mp4
2026-04-13 12:10:15,352 [INFO] Validation OK for uydvCGStqEo.mp4 (size=45434280, duration=1106.01)
2026-04-13 12:10:15,352 [INFO] Moving uydvCGStqEo.mp4 -> PointCrow\Can My Viewers Count to 10 Before I Beat Zelda.mp4
2026-04-13 12:10:15,352 [INFO] Download complete for uydvCGStqEo
2026-04-13 12:10:15,356 [INFO] Skipping already downloaded video GjeuMXoa-7Y (Pokemon, but it has more rules than other YouTubers)
2026-04-13 12:10:15,356 [INFO] Processing video DX6P_qaNIM8 (DougDoug's FAVORITE Platformer) from channel DougDougHaters
2026-04-13 12:10:15,356 [INFO] Starting download for DX6P_qaNIM8 (DougDoug's FAVORITE Platformer)
2026-04-13 12:10:15,356 [INFO] Download attempt 1/5 for DX6P_qaNIM8
2026-04-13 12:10:15,356 [INFO] [urls:DX6P_qaNIM8:134+140] Attempt 1/5
2026-04-13 12:10:15,356 [INFO] RUN urls:DX6P_qaNIM8:134+140: C:\Tools\yt-dlp\yt-dlp.exe -g -f 134+140 https://www.youtube.com/watch?v=DX6P_qaNIM8
2026-04-13 12:10:18,978 [INFO] Got URLs for DX6P_qaNIM8 with format 134+140
2026-04-13 12:10:18,978 [INFO] Starting ffmpeg for DX6P_qaNIM8: ffmpeg -y -loglevel error -progress pipe:2 -i https://rr1---sn-uxanug5-2xg6.googlevideo.com/videoplayback?expire=1776075018&ei=qmzcaf_dJonS3LUPxYnrwQE&ip=1.159.145.215&id=o-AFURDhhKkOsGvYFEeGAgK00lDa4yx7PBU3Nd2Zr8bDB3&itag=134&source=youtube&requiressl=yes&xpc=EgVo2aDSNQ%3D%3D&cps=227&met=1776053418%2C&mh=7e&mm=31%2C29&mn=sn-uxanug5-2xg6%2Csn-hxa7zn7s&ms=au%2Crdu&mv=m&mvi=1&pcm2cms=yes&pl=17&rms=au%2Cau&initcwndbps=2092500&bui=AUUZDGJk9DGiKGAoQuzGdq5waLrfg9QfyNyV4AWidSAb21nL8zrHakHlq3BRTwkNZp51k5Od_gI5JoE0&spc=jlWavWn1bYRmbfJznhHjyxhY5dJpX6nyPeo0e-IXHb1K&vprv=1&svpuc=1&mime=video%2Fmp4&rqh=1&gir=yes&clen=69913247&dur=1407.672&lmt=1775847772109569&mt=1776053119&fvip=3&keepalive=yes&fexp=51565115%2C51565682&c=ANDROID_VR&txp=4432534&sparams=expire%2Cei%2Cip%2Cid%2Citag%2Csource%2Crequiressl%2Cxpc%2Cbui%2Cspc%2Cvprv%2Csvpuc%2Cmime%2Crqh%2Cgir%2Cclen%2Cdur%2Clmt&sig=AHEqNM4wRgIhAK39CiczqtujtBIBvIWcu2VUF1WO9ATes4W3LIrogugjAiEA_03I4vo0FmEVPPPG0D_MAd85oAhwInBydsquJaFFtsI%3D&lsparams=cps%2Cmet%2Cmh%2Cmm%2Cmn%2Cms%2Cmv%2Cmvi%2Cpcm2cms%2Cpl%2Crms%2Cinitcwndbps&lsig=APaTxxMwRgIhAJggTvzRWRfapKnqMb5_AIHSypk3VGLDjv5Z7y-rhTlMAiEA_pFRnB6rnvJnXz6jFjVNWSjmsc1E1PSyGNUQj0x22Ok%3D -i https://rr1---sn-uxanug5-2xg6.googlevideo.com/videoplayback?expire=1776075018&ei=qmzcaf_dJonS3LUPxYnrwQE&ip=1.159.145.215&id=o-AFURDhhKkOsGvYFEeGAgK00lDa4yx7PBU3Nd2Zr8bDB3&itag=140&source=youtube&requiressl=yes&xpc=EgVo2aDSNQ%3D%3D&cps=227&met=1776053418%2C&mh=7e&mm=31%2C29&mn=sn-uxanug5-2xg6%2Csn-hxa7zn7s&ms=au%2Crdu&mv=m&mvi=1&pcm2cms=yes&pl=17&rms=au%2Cau&initcwndbps=2092500&bui=AUUZDGJk9DGiKGAoQuzGdq5waLrfg9QfyNyV4AWidSAb21nL8zrHakHlq3BRTwkNZp51k5Od_gI5JoE0&spc=jlWavWn1bYRmbfJznhHjyxhY5dJpX6nyPeo0e-IXHb1K&vprv=1&svpuc=1&mime=audio%2Fmp4&rqh=1&gir=yes&clen=22783466&dur=1407.732&lmt=1775846772320322&mt=1776053119&fvip=3&keepalive=yes&fexp=51565115%2C51565682&c=ANDROID_VR&txp=4432534&sparams=expire%2Cei%2Cip%2Cid%2Citag%2Csource%2Crequiressl%2Cxpc%2Cbui%2Cspc%2Cvprv%2Csvpuc%2Cmime%2Crqh%2Cgir%2Cclen%2Cdur%2Clmt&sig=AHEqNM4wRQIhANrfhdF0U-ukr0pfICFnJ9pY-ZoihTOXBUZbMTPIzXAvAiBYLKpmkS8OCMKD-8OnNbrnSQSkQ2DEaH-6yQ2HeI2tDQ%3D%3D&lsparams=cps%2Cmet%2Cmh%2Cmm%2Cmn%2Cms%2Cmv%2Cmvi%2Cpcm2cms%2Cpl%2Crms%2Cinitcwndbps&lsig=APaTxxMwRgIhAJggTvzRWRfapKnqMb5_AIHSypk3VGLDjv5Z7y-rhTlMAiEA_pFRnB6rnvJnXz6jFjVNWSjmsc1E1PSyGNUQj0x22Ok%3D -c copy DX6P_qaNIM8.mp4
2026-04-13 12:23:26,105 [INFO] ffmpeg finished for DX6P_qaNIM8 with code 0
2026-04-13 12:23:26,105 [INFO] [ffprobe:DX6P_qaNIM8.mp4] Attempt 1/5
2026-04-13 12:23:26,105 [INFO] RUN ffprobe:DX6P_qaNIM8.mp4: ffprobe -v error -show_entries format=duration -of default=noprint_wrappers=1:nokey=1 DX6P_qaNIM8.mp4
2026-04-13 12:23:26,150 [INFO] Validation OK for DX6P_qaNIM8.mp4 (size=93386552, duration=1407.73)
2026-04-13 12:23:26,150 [INFO] Moving DX6P_qaNIM8.mp4 -> DougDougHaters\DougDoug's FAVORITE Platformer.mp4
2026-04-13 12:23:26,152 [INFO] Download complete for DX6P_qaNIM8
2026-04-13 12:23:26,152 [INFO] Skipping already downloaded video Gk9USAd-9To (Can Chat beat the Tutorial before Doug beats Mario?)
2026-04-13 12:23:26,152 [INFO] Skipping already downloaded video EBgxa8OzjB8 (Components Giving Birth?! (LATITY-018))
2026-04-13 12:23:26,152 [INFO] Skipping already downloaded video F-CFdCp0xaw (DON'T Screw into MY FLOOR!)
2026-04-13 12:23:26,152 [INFO] === EXIT ===
2026-04-14 14:05:14,033 [INFO] === START ===
2026-04-14 14:05:16,602 [INFO] yt-dlp.exe verified OK (size=18408128 bytes)
2026-04-14 14:05:16,604 [INFO] Found leftover file C:\YT\X3M-_xdfCaA.mp4 (id=X3M-_xdfCaA), validating...
2026-04-14 14:05:16,605 [INFO] [ffprobe:X3M-_xdfCaA.mp4] Attempt 1/5
2026-04-14 14:05:16,605 [INFO] RUN ffprobe:X3M-_xdfCaA.mp4: ffprobe -v error -show_entries format=duration -of default=noprint_wrappers=1:nokey=1 C:\YT\X3M-_xdfCaA.mp4
2026-04-14 14:05:16,677 [INFO] Validation OK for C:\YT\X3M-_xdfCaA.mp4 (size=2795282, duration=95.27)
2026-04-14 14:05:16,677 [INFO] Leftover file C:\YT\X3M-_xdfCaA.mp4 seems valid but unknown; leaving in place.
2026-04-14 14:05:16,677 [INFO] [playlist:https://www.youtube.com/@SMii7Yplus] Attempt 1/5
2026-04-14 14:05:16,677 [INFO] RUN playlist:https://www.youtube.com/@SMii7Yplus: C:\Tools\yt-dlp\yt-dlp.exe --dump-json --flat-playlist --extractor-args youtube:skip=dash https://www.youtube.com/@SMii7Yplus/videos
2026-04-14 14:05:27,155 [INFO] Channel https://www.youtube.com/@SMii7Yplus -> 2 videos
2026-04-14 14:05:27,155 [INFO] [playlist:https://www.youtube.com/@SMii7Y] Attempt 1/5
2026-04-14 14:05:27,155 [INFO] RUN playlist:https://www.youtube.com/@SMii7Y: C:\Tools\yt-dlp\yt-dlp.exe --dump-json --flat-playlist --extractor-args youtube:skip=dash https://www.youtube.com/@SMii7Y/videos
2026-04-14 14:06:01,471 [INFO] Channel https://www.youtube.com/@SMii7Y -> 2 videos
2026-04-14 14:06:01,471 [INFO] [playlist:https://www.youtube.com/@dougdougdoug] Attempt 1/5
2026-04-14 14:06:01,471 [INFO] RUN playlist:https://www.youtube.com/@dougdougdoug: C:\Tools\yt-dlp\yt-dlp.exe --dump-json --flat-playlist --extractor-args youtube:skip=dash https://www.youtube.com/@dougdougdoug/videos
2026-04-14 14:06:05,708 [INFO] Channel https://www.youtube.com/@dougdougdoug -> 2 videos
2026-04-14 14:06:05,709 [INFO] [playlist:https://www.youtube.com/@failboat] Attempt 1/5
2026-04-14 14:06:05,709 [INFO] RUN playlist:https://www.youtube.com/@failboat: C:\Tools\yt-dlp\yt-dlp.exe --dump-json --flat-playlist --extractor-args youtube:skip=dash https://www.youtube.com/@failboat/videos
2026-04-14 14:06:32,645 [INFO] Channel https://www.youtube.com/@failboat -> 2 videos
2026-04-14 14:06:32,646 [INFO] [playlist:https://www.youtube.com/@LetsGameItOut] Attempt 1/5
2026-04-14 14:06:32,646 [INFO] RUN playlist:https://www.youtube.com/@LetsGameItOut: C:\Tools\yt-dlp\yt-dlp.exe --dump-json --flat-playlist --extractor-args youtube:skip=dash https://www.youtube.com/@LetsGameItOut/videos
2026-04-14 14:06:47,986 [INFO] Channel https://www.youtube.com/@LetsGameItOut -> 2 videos
2026-04-14 14:06:47,986 [INFO] [playlist:https://www.youtube.com/@dandingles] Attempt 1/5
2026-04-14 14:06:47,987 [INFO] RUN playlist:https://www.youtube.com/@dandingles: C:\Tools\yt-dlp\yt-dlp.exe --dump-json --flat-playlist --extractor-args youtube:skip=dash https://www.youtube.com/@dandingles/videos
2026-04-14 14:06:51,757 [INFO] Channel https://www.youtube.com/@dandingles -> 2 videos
2026-04-14 14:06:51,758 [INFO] [playlist:https://www.youtube.com/@markiplier] Attempt 1/5
2026-04-14 14:06:51,758 [INFO] RUN playlist:https://www.youtube.com/@markiplier: C:\Tools\yt-dlp\yt-dlp.exe --dump-json --flat-playlist --extractor-args youtube:skip=dash https://www.youtube.com/@markiplier/videos
2026-04-14 14:08:32,637 [INFO] Channel https://www.youtube.com/@markiplier -> 2 videos
2026-04-14 14:08:32,637 [INFO] [playlist:https://www.youtube.com/@Fir] Attempt 1/5
2026-04-14 14:08:32,638 [INFO] RUN playlist:https://www.youtube.com/@Fir: C:\Tools\yt-dlp\yt-dlp.exe --dump-json --flat-playlist --extractor-args youtube:skip=dash https://www.youtube.com/@Fir/videos
2026-04-14 14:08:37,921 [INFO] Channel https://www.youtube.com/@Fir -> 2 videos
2026-04-14 14:08:37,922 [INFO] [playlist:https://www.youtube.com/@PointCrow] Attempt 1/5
2026-04-14 14:08:37,922 [INFO] RUN playlist:https://www.youtube.com/@PointCrow: C:\Tools\yt-dlp\yt-dlp.exe --dump-json --flat-playlist --extractor-args youtube:skip=dash https://www.youtube.com/@PointCrow/videos
2026-04-14 14:08:44,453 [INFO] Channel https://www.youtube.com/@PointCrow -> 2 videos
2026-04-14 14:08:44,453 [INFO] [playlist:https://www.youtube.com/@DougDougHaters] Attempt 1/5
2026-04-14 14:08:44,453 [INFO] RUN playlist:https://www.youtube.com/@DougDougHaters: C:\Tools\yt-dlp\yt-dlp.exe --dump-json --flat-playlist --extractor-args youtube:skip=dash https://www.youtube.com/@DougDougHaters/videos
2026-04-14 14:08:48,934 [INFO] Channel https://www.youtube.com/@DougDougHaters -> 2 videos
2026-04-14 14:08:48,934 [INFO] [playlist:https://www.youtube.com/@ElectroBOOM] Attempt 1/5
2026-04-14 14:08:48,935 [INFO] RUN playlist:https://www.youtube.com/@ElectroBOOM: C:\Tools\yt-dlp\yt-dlp.exe --dump-json --flat-playlist --extractor-args youtube:skip=dash https://www.youtube.com/@ElectroBOOM/videos
2026-04-14 14:08:55,287 [INFO] Channel https://www.youtube.com/@ElectroBOOM -> 2 videos
2026-04-14 14:08:55,287 [INFO] Queue size: 22
2026-04-14 14:08:55,287 [INFO] Skipping already downloaded video skZAGLJvO30 (Darkwater is Creepily Hilarious)
2026-04-14 14:08:55,288 [INFO] Skipping already downloaded video 3Aspc9fmifU (DEEP DIH DUNGEON)
2026-04-14 14:08:55,288 [INFO] Skipping already downloaded video ecmpw9DpWio (We Found Another Game to Play TAG)
2026-04-14 14:08:55,288 [INFO] Skipping already downloaded video 5IS5FLUbpDo (DO NOT Play Super Battle Golf Like This)
2026-04-14 14:08:55,288 [INFO] Skipping already downloaded video ItQHQIJvF98 (What happens if you tell ChatGPT to make Fortnite 2?)
2026-04-14 14:08:55,289 [INFO] Skipping already downloaded video RhmRDXRdYFM (I've made 10 years of YouTube videos. Let's rank them.)
2026-04-14 14:08:55,289 [INFO] Skipping already downloaded video dScpydu_HRE (I programmed a turtle)
2026-04-14 14:08:55,289 [INFO] Skipping already downloaded video ULm2jpMDJ8E (Letting my vengeful Editors control the Video)
2026-04-14 14:08:55,289 [INFO] Skipping already downloaded video Uj5RnygvoKk (I Brainwashed an Entire Village to Win the Game For Me - Soulmask 1.0 - Shifting Sands DLC)
2026-04-14 14:08:55,290 [INFO] Skipping already downloaded video 802J6OnLBgc (I Beat This Entire Factory Game With Basically No Factory - StarRupture)
2026-04-14 14:08:55,290 [INFO] Skipping already downloaded video fGLL4cbVqCs (Who the heck is Dan Dingle? (250k Q&A))
2026-04-14 14:08:55,291 [INFO] Skipping already downloaded video zitMh_7SfMY (Laughing At Sora 2 One Last Time...)
2026-04-14 14:08:55,291 [INFO] Skipping already downloaded video O8pg--1FuaI (PAWN SHOP)
2026-04-14 14:08:55,291 [INFO] Skipping already downloaded video 1nDcd873gO0 (PSYCHO INN)
2026-04-14 14:08:55,291 [INFO] Skipping already downloaded video eEtIMzhJeYo (They Added Over 60 Types to Pokemon)
2026-04-14 14:08:55,292 [INFO] Skipping already downloaded video 7EGCiTlQG1g (Mario Odyssey but the world is "Tile-Locked")
2026-04-14 14:08:55,292 [INFO] Skipping already downloaded video uydvCGStqEo (Can My Viewers Count to 10 Before I Beat Zelda?)
2026-04-14 14:08:55,292 [INFO] Skipping already downloaded video GjeuMXoa-7Y (Pokemon, but it has more rules than other YouTubers)
2026-04-14 14:08:55,293 [INFO] Processing video B8kZf8jPN_o (Doug is FINALLY Removed from The Bible) from channel DougDougHaters
2026-04-14 14:08:55,293 [INFO] Starting download for B8kZf8jPN_o (Doug is FINALLY Removed from The Bible)
2026-04-14 14:08:55,295 [INFO] Download attempt 1/5 for B8kZf8jPN_o
2026-04-14 14:08:55,295 [INFO] [urls:B8kZf8jPN_o:134+140] Attempt 1/5
2026-04-14 14:08:55,295 [INFO] RUN urls:B8kZf8jPN_o:134+140: C:\Tools\yt-dlp\yt-dlp.exe -g -f 134+140 https://www.youtube.com/watch?v=B8kZf8jPN_o
2026-04-14 14:08:59,281 [INFO] Got URLs for B8kZf8jPN_o with format 134+140
2026-04-14 14:08:59,281 [INFO] Starting ffmpeg for B8kZf8jPN_o: ffmpeg -y -loglevel error -progress pipe:2 -i https://rr2---sn-uxanug5-2xgd.googlevideo.com/videoplayback?expire=1776168540&ei=_NndaYTSDoOOmNMP24Xu4QU&ip=1.159.145.215&id=o-AD0QIMoMLl-aWiasR-QZf6VlW1GqHFFkO-Rpc4ZYPgKC&itag=134&source=youtube&requiressl=yes&xpc=EgVo2aDSNQ%3D%3D&cps=456&met=1776146940%2C&mh=Oh&mm=31%2C29&mn=sn-uxanug5-2xgd%2Csn-ajhxac-5c&ms=au%2Crdu&mv=m&mvi=2&pl=17&rms=au%2Cau&initcwndbps=1910000&bui=AUUZDGKoBR7lE5em_NXzXyd7knYqbgACxGmFUwjjedrfen59Y_NIzkykOSAIYmFSP1kUIOLzExmnelWD&spc=jlWavfE_zeZCGmSlF5cUx8DKD7aLkCEdslO4XIzF57Z9&vprv=1&svpuc=1&mime=video%2Fmp4&rqh=1&gir=yes&clen=10809934&dur=646.866&lmt=1776118520012977&mt=1776146498&fvip=3&keepalive=yes&fexp=51565116%2C51565681&c=ANDROID_VR&txp=5535534&sparams=expire%2Cei%2Cip%2Cid%2Citag%2Csource%2Crequiressl%2Cxpc%2Cbui%2Cspc%2Cvprv%2Csvpuc%2Cmime%2Crqh%2Cgir%2Cclen%2Cdur%2Clmt&sig=AHEqNM4wRgIhANSo3ipSJ-E8A6xKK5MsVvhEqSgy-DTULK3laeZdgUwhAiEAnu98jJIrL_Z-wSN8SK3GhdlniT_oKt0s-8o6hMTXSx4%3D&lsparams=cps%2Cmet%2Cmh%2Cmm%2Cmn%2Cms%2Cmv%2Cmvi%2Cpl%2Crms%2Cinitcwndbps&lsig=APaTxxMwRQIhALNM9DFqsQGMNSJFj2RZPPe_C2zqAwNhVk0-QnpT2BYZAiBxL1Rbb4UL0aQpnUM57E325FAJ9jjFryetCQGJHsEEkQ%3D%3D -i https://rr2---sn-uxanug5-2xgd.googlevideo.com/videoplayback?expire=1776168540&ei=_NndaYTSDoOOmNMP24Xu4QU&ip=1.159.145.215&id=o-AD0QIMoMLl-aWiasR-QZf6VlW1GqHFFkO-Rpc4ZYPgKC&itag=140&source=youtube&requiressl=yes&xpc=EgVo2aDSNQ%3D%3D&cps=456&met=1776146940%2C&mh=Oh&mm=31%2C29&mn=sn-uxanug5-2xgd%2Csn-ajhxac-5c&ms=au%2Crdu&mv=m&mvi=2&pl=17&rms=au%2Cau&initcwndbps=1910000&bui=AUUZDGKoBR7lE5em_NXzXyd7knYqbgACxGmFUwjjedrfen59Y_NIzkykOSAIYmFSP1kUIOLzExmnelWD&spc=jlWavfE_zeZCGmSlF5cUx8DKD7aLkCEdslO4XIzF57Z9&vprv=1&svpuc=1&mime=audio%2Fmp4&rqh=1&gir=yes&clen=10470395&dur=646.907&lmt=1776115230615897&mt=1776146498&fvip=3&keepalive=yes&fexp=51565116%2C51565681&c=ANDROID_VR&txp=5532534&sparams=expire%2Cei%2Cip%2Cid%2Citag%2Csource%2Crequiressl%2Cxpc%2Cbui%2Cspc%2Cvprv%2Csvpuc%2Cmime%2Crqh%2Cgir%2Cclen%2Cdur%2Clmt&sig=AHEqNM4wRAIgZ7kuDC-otSFjXQu55UvguP2zx_5Uek2sU5mfWd_T5OUCIFybmXlDmtxEFN5jW5ZzXcqpkZngOX--aPzWE8STmBrV&lsparams=cps%2Cmet%2Cmh%2Cmm%2Cmn%2Cms%2Cmv%2Cmvi%2Cpl%2Crms%2Cinitcwndbps&lsig=APaTxxMwRQIhALNM9DFqsQGMNSJFj2RZPPe_C2zqAwNhVk0-QnpT2BYZAiBxL1Rbb4UL0aQpnUM57E325FAJ9jjFryetCQGJHsEEkQ%3D%3D -c copy B8kZf8jPN_o.mp4
2026-04-14 14:09:59,717 [INFO] ffmpeg finished for B8kZf8jPN_o with code 0
2026-04-14 14:09:59,718 [INFO] [ffprobe:B8kZf8jPN_o.mp4] Attempt 1/5
2026-04-14 14:09:59,718 [INFO] RUN ffprobe:B8kZf8jPN_o.mp4: ffprobe -v error -show_entries format=duration -of default=noprint_wrappers=1:nokey=1 B8kZf8jPN_o.mp4
2026-04-14 14:09:59,783 [INFO] Validation OK for B8kZf8jPN_o.mp4 (size=21590052, duration=646.91)
2026-04-14 14:09:59,783 [INFO] Moving B8kZf8jPN_o.mp4 -> DougDougHaters\Doug is FINALLY Removed from The Bible.mp4
2026-04-14 14:09:59,785 [INFO] Download complete for B8kZf8jPN_o
2026-04-14 14:09:59,787 [INFO] Skipping already downloaded video DX6P_qaNIM8 (DougDoug's FAVORITE Platformer)
2026-04-14 14:09:59,787 [INFO] Skipping already downloaded video EBgxa8OzjB8 (Components Giving Birth?! (LATITY-018))
2026-04-14 14:09:59,788 [INFO] Skipping already downloaded video F-CFdCp0xaw (DON'T Screw into MY FLOOR!)
2026-04-14 14:09:59,788 [INFO] === EXIT ===
2026-04-14 14:19:35,896 [INFO] === START ===
2026-04-14 14:19:37,770 [INFO] yt-dlp.exe verified OK (size=18408128 bytes)
2026-04-14 14:19:37,771 [INFO] Found leftover file C:\YT\X3M-_xdfCaA.mp4 (id=X3M-_xdfCaA), validating...
2026-04-14 14:19:37,771 [INFO] [ffprobe:X3M-_xdfCaA.mp4] Attempt 1/5
2026-04-14 14:19:37,771 [INFO] RUN ffprobe:X3M-_xdfCaA.mp4: ffprobe -v error -show_entries format=duration -of default=noprint_wrappers=1:nokey=1 C:\YT\X3M-_xdfCaA.mp4
2026-04-14 14:19:37,831 [INFO] Validation OK for C:\YT\X3M-_xdfCaA.mp4 (size=2795282, duration=95.27)
2026-04-14 14:19:37,831 [INFO] Leftover file C:\YT\X3M-_xdfCaA.mp4 seems valid but unknown; leaving in place.
2026-04-14 14:19:37,831 [INFO] [playlist:https://www.youtube.com/@SMii7Yplus] Attempt 1/5
2026-04-14 14:19:37,831 [INFO] RUN playlist:https://www.youtube.com/@SMii7Yplus: C:\Tools\yt-dlp\yt-dlp.exe --dump-json --flat-playlist --extractor-args youtube:skip=dash https://www.youtube.com/@SMii7Yplus/videos
2026-04-14 14:19:47,966 [INFO] Channel https://www.youtube.com/@SMii7Yplus -> 2 videos
2026-04-14 14:19:47,966 [INFO] [playlist:https://www.youtube.com/@SMii7Y] Attempt 1/5
2026-04-14 14:19:47,966 [INFO] RUN playlist:https://www.youtube.com/@SMii7Y: C:\Tools\yt-dlp\yt-dlp.exe --dump-json --flat-playlist --extractor-args youtube:skip=dash https://www.youtube.com/@SMii7Y/videos
2026-04-14 14:20:15,324 [INFO] Channel https://www.youtube.com/@SMii7Y -> 2 videos
2026-04-14 14:20:15,324 [INFO] [playlist:https://www.youtube.com/@dougdougdoug] Attempt 1/5
2026-04-14 14:20:15,324 [INFO] RUN playlist:https://www.youtube.com/@dougdougdoug: C:\Tools\yt-dlp\yt-dlp.exe --dump-json --flat-playlist --extractor-args youtube:skip=dash https://www.youtube.com/@dougdougdoug/videos
2026-04-14 14:20:19,625 [INFO] Channel https://www.youtube.com/@dougdougdoug -> 2 videos
2026-04-14 14:20:19,626 [INFO] [playlist:https://www.youtube.com/@failboat] Attempt 1/5
2026-04-14 14:20:19,626 [INFO] RUN playlist:https://www.youtube.com/@failboat: C:\Tools\yt-dlp\yt-dlp.exe --dump-json --flat-playlist --extractor-args youtube:skip=dash https://www.youtube.com/@failboat/videos
2026-04-14 14:20:48,227 [INFO] Channel https://www.youtube.com/@failboat -> 2 videos
2026-04-14 14:20:48,227 [INFO] [playlist:https://www.youtube.com/@LetsGameItOut] Attempt 1/5
2026-04-14 14:20:48,228 [INFO] RUN playlist:https://www.youtube.com/@LetsGameItOut: C:\Tools\yt-dlp\yt-dlp.exe --dump-json --flat-playlist --extractor-args youtube:skip=dash https://www.youtube.com/@LetsGameItOut/videos
2026-04-14 14:21:06,177 [INFO] Channel https://www.youtube.com/@LetsGameItOut -> 2 videos
2026-04-14 14:21:06,177 [INFO] [playlist:https://www.youtube.com/@dandingles] Attempt 1/5
2026-04-14 14:21:06,177 [INFO] RUN playlist:https://www.youtube.com/@dandingles: C:\Tools\yt-dlp\yt-dlp.exe --dump-json --flat-playlist --extractor-args youtube:skip=dash https://www.youtube.com/@dandingles/videos
2026-04-14 14:21:10,282 [INFO] Channel https://www.youtube.com/@dandingles -> 2 videos
2026-04-14 14:21:10,282 [INFO] [playlist:https://www.youtube.com/@markiplier] Attempt 1/5
2026-04-14 14:21:10,282 [INFO] RUN playlist:https://www.youtube.com/@markiplier: C:\Tools\yt-dlp\yt-dlp.exe --dump-json --flat-playlist --extractor-args youtube:skip=dash https://www.youtube.com/@markiplier/videos
2026-04-14 14:22:50,505 [INFO] Channel https://www.youtube.com/@markiplier -> 2 videos
2026-04-14 14:22:50,505 [INFO] [playlist:https://www.youtube.com/@Fir] Attempt 1/5
2026-04-14 14:22:50,505 [INFO] RUN playlist:https://www.youtube.com/@Fir: C:\Tools\yt-dlp\yt-dlp.exe --dump-json --flat-playlist --extractor-args youtube:skip=dash https://www.youtube.com/@Fir/videos
2026-04-14 14:22:56,481 [INFO] Channel https://www.youtube.com/@Fir -> 2 videos
2026-04-14 14:22:56,481 [INFO] [playlist:https://www.youtube.com/@PointCrow] Attempt 1/5
2026-04-14 14:22:56,481 [INFO] RUN playlist:https://www.youtube.com/@PointCrow: C:\Tools\yt-dlp\yt-dlp.exe --dump-json --flat-playlist --extractor-args youtube:skip=dash https://www.youtube.com/@PointCrow/videos
2026-04-14 14:23:03,160 [INFO] Channel https://www.youtube.com/@PointCrow -> 2 videos
2026-04-14 14:23:03,160 [INFO] [playlist:https://www.youtube.com/@DougDougHaters] Attempt 1/5
2026-04-14 14:23:03,161 [INFO] RUN playlist:https://www.youtube.com/@DougDougHaters: C:\Tools\yt-dlp\yt-dlp.exe --dump-json --flat-playlist --extractor-args youtube:skip=dash https://www.youtube.com/@DougDougHaters/videos
2026-04-14 14:23:08,118 [INFO] Channel https://www.youtube.com/@DougDougHaters -> 2 videos
2026-04-14 14:23:08,118 [INFO] [playlist:https://www.youtube.com/@ElectroBOOM] Attempt 1/5
2026-04-14 14:23:08,118 [INFO] RUN playlist:https://www.youtube.com/@ElectroBOOM: C:\Tools\yt-dlp\yt-dlp.exe --dump-json --flat-playlist --extractor-args youtube:skip=dash https://www.youtube.com/@ElectroBOOM/videos
2026-04-14 14:23:16,289 [INFO] Channel https://www.youtube.com/@ElectroBOOM -> 2 videos
2026-04-14 14:23:16,289 [INFO] Queue size: 22
2026-04-14 14:23:16,289 [INFO] Skipping already downloaded video skZAGLJvO30 (Darkwater is Creepily Hilarious)
2026-04-14 14:23:16,289 [INFO] Skipping already downloaded video 3Aspc9fmifU (DEEP DIH DUNGEON)
2026-04-14 14:23:16,289 [INFO] Skipping already downloaded video ecmpw9DpWio (We Found Another Game to Play TAG)
2026-04-14 14:23:16,292 [INFO] Skipping already downloaded video 5IS5FLUbpDo (DO NOT Play Super Battle Golf Like This)
2026-04-14 14:23:16,292 [INFO] Skipping already downloaded video ItQHQIJvF98 (What happens if you tell ChatGPT to make Fortnite 2?)
2026-04-14 14:23:16,292 [INFO] Skipping already downloaded video RhmRDXRdYFM (I've made 10 years of YouTube videos. Let's rank them.)
2026-04-14 14:23:16,292 [INFO] Skipping already downloaded video dScpydu_HRE (I programmed a turtle)
2026-04-14 14:23:16,292 [INFO] Skipping already downloaded video ULm2jpMDJ8E (Letting my vengeful Editors control the Video)
2026-04-14 14:23:16,294 [INFO] Skipping already downloaded video Uj5RnygvoKk (I Brainwashed an Entire Village to Win the Game For Me - Soulmask 1.0 - Shifting Sands DLC)
2026-04-14 14:23:16,294 [INFO] Skipping already downloaded video 802J6OnLBgc (I Beat This Entire Factory Game With Basically No Factory - StarRupture)
2026-04-14 14:23:16,294 [INFO] Skipping already downloaded video fGLL4cbVqCs (Who the heck is Dan Dingle? (250k Q&A))
2026-04-14 14:23:16,294 [INFO] Skipping already downloaded video zitMh_7SfMY (Laughing At Sora 2 One Last Time...)
2026-04-14 14:23:16,294 [INFO] Skipping already downloaded video O8pg--1FuaI (PAWN SHOP)
2026-04-14 14:23:16,294 [INFO] Skipping already downloaded video 1nDcd873gO0 (PSYCHO INN)
2026-04-14 14:23:16,296 [INFO] Skipping already downloaded video eEtIMzhJeYo (They Added Over 60 Types to Pokemon)
2026-04-14 14:23:16,296 [INFO] Skipping already downloaded video 7EGCiTlQG1g (Mario Odyssey but the world is "Tile-Locked")
2026-04-14 14:23:16,296 [INFO] Skipping already downloaded video uydvCGStqEo (Can My Viewers Count to 10 Before I Beat Zelda?)
2026-04-14 14:23:16,296 [INFO] Skipping already downloaded video GjeuMXoa-7Y (Pokemon, but it has more rules than other YouTubers)
2026-04-14 14:23:16,296 [INFO] Skipping already downloaded video B8kZf8jPN_o (Doug is FINALLY Removed from The Bible)
2026-04-14 14:23:16,296 [INFO] Skipping already downloaded video DX6P_qaNIM8 (DougDoug's FAVORITE Platformer)
2026-04-14 14:23:16,296 [INFO] Skipping already downloaded video EBgxa8OzjB8 (Components Giving Birth?! (LATITY-018))
2026-04-14 14:23:16,299 [INFO] Skipping already downloaded video F-CFdCp0xaw (DON'T Screw into MY FLOOR!)
2026-04-14 14:23:16,299 [INFO] === EXIT ===
2026-04-15 16:33:42,676 [INFO] === START ===
2026-04-15 16:33:44,836 [INFO] yt-dlp.exe verified OK (size=18408128 bytes)
2026-04-15 16:33:44,837 [INFO] Found leftover file C:\YT\X3M-_xdfCaA.mp4 (id=X3M-_xdfCaA), validating...
2026-04-15 16:33:44,837 [INFO] [ffprobe:X3M-_xdfCaA.mp4] Attempt 1/5
2026-04-15 16:33:44,837 [INFO] RUN ffprobe:X3M-_xdfCaA.mp4: ffprobe -v error -show_entries format=duration -of default=noprint_wrappers=1:nokey=1 C:\YT\X3M-_xdfCaA.mp4
2026-04-15 16:33:46,731 [INFO] Validation OK for C:\YT\X3M-_xdfCaA.mp4 (size=2795282, duration=95.27)
2026-04-15 16:33:46,732 [INFO] Leftover file C:\YT\X3M-_xdfCaA.mp4 seems valid but unknown; leaving in place.
2026-04-15 16:33:46,732 [INFO] [playlist:https://www.youtube.com/@SMii7Yplus] Attempt 1/5
2026-04-15 16:33:46,732 [INFO] RUN playlist:https://www.youtube.com/@SMii7Yplus: C:\Tools\yt-dlp\yt-dlp.exe --dump-json --flat-playlist --extractor-args youtube:skip=dash https://www.youtube.com/@SMii7Yplus/videos
2026-04-15 16:33:50,232 [WARNING] Ctrl+C detected — graceful shutdown requested.
2026-04-15 16:33:50,233 [WARNING] [playlist:https://www.youtube.com/@SMii7Yplus] Failed (code 1).
2026-04-15 16:33:50,233 [INFO] [playlist:https://www.youtube.com/@SMii7Yplus] Retrying in 5 seconds...
2026-04-15 16:33:53,958 [WARNING] Ctrl+C detected — graceful shutdown requested.
2026-04-15 16:33:54,757 [WARNING] Ctrl+C detected — graceful shutdown requested.
2026-04-15 16:33:55,120 [WARNING] Ctrl+C detected — graceful shutdown requested.
2026-04-15 16:33:55,234 [WARNING] [playlist:https://www.youtube.com/@SMii7Yplus] Aborting retries due to interrupt.
2026-04-15 16:33:55,234 [INFO] Channel https://www.youtube.com/@SMii7Yplus -> 0 videos
2026-04-15 16:33:55,234 [WARNING] [playlist:https://www.youtube.com/@SMii7Y] Aborting retries due to interrupt.
2026-04-15 16:33:55,235 [INFO] Channel https://www.youtube.com/@SMii7Y -> 0 videos
2026-04-15 16:33:55,235 [WARNING] [playlist:https://www.youtube.com/@dougdougdoug] Aborting retries due to interrupt.
2026-04-15 16:33:55,235 [INFO] Channel https://www.youtube.com/@dougdougdoug -> 0 videos
2026-04-15 16:33:55,235 [WARNING] [playlist:https://www.youtube.com/@failboat] Aborting retries due to interrupt.
2026-04-15 16:33:55,235 [INFO] Channel https://www.youtube.com/@failboat -> 0 videos
2026-04-15 16:33:55,235 [WARNING] [playlist:https://www.youtube.com/@LetsGameItOut] Aborting retries due to interrupt.
2026-04-15 16:33:55,235 [INFO] Channel https://www.youtube.com/@LetsGameItOut -> 0 videos
2026-04-15 16:33:55,235 [WARNING] [playlist:https://www.youtube.com/@dandingles] Aborting retries due to interrupt.
2026-04-15 16:33:55,235 [INFO] Channel https://www.youtube.com/@dandingles -> 0 videos
2026-04-15 16:33:55,235 [WARNING] [playlist:https://www.youtube.com/@markiplier] Aborting retries due to interrupt.
2026-04-15 16:33:55,235 [INFO] Channel https://www.youtube.com/@markiplier -> 0 videos
2026-04-15 16:33:55,236 [WARNING] [playlist:https://www.youtube.com/@Fir] Aborting retries due to interrupt.
2026-04-15 16:33:55,236 [INFO] Channel https://www.youtube.com/@Fir -> 0 videos
2026-04-15 16:33:55,236 [WARNING] [playlist:https://www.youtube.com/@PointCrow] Aborting retries due to interrupt.
2026-04-15 16:33:55,236 [INFO] Channel https://www.youtube.com/@PointCrow -> 0 videos
2026-04-15 16:33:55,236 [WARNING] [playlist:https://www.youtube.com/@DougDougHaters] Aborting retries due to interrupt.
2026-04-15 16:33:55,236 [INFO] Channel https://www.youtube.com/@DougDougHaters -> 0 videos
2026-04-15 16:33:55,236 [WARNING] [playlist:https://www.youtube.com/@ElectroBOOM] Aborting retries due to interrupt.
2026-04-15 16:33:55,236 [INFO] Channel https://www.youtube.com/@ElectroBOOM -> 0 videos
2026-04-15 16:33:55,236 [WARNING] [playlist:https://www.youtube.com/@CrowPoint] Aborting retries due to interrupt.
2026-04-15 16:33:55,236 [INFO] Channel https://www.youtube.com/@CrowPoint -> 0 videos
2026-04-15 16:33:55,236 [INFO] Queue size: 0
2026-04-15 16:33:55,237 [INFO] === EXIT ===
2026-04-15 16:33:56,816 [INFO] === START ===
2026-04-15 16:33:58,476 [INFO] yt-dlp.exe verified OK (size=18408128 bytes)
2026-04-15 16:33:58,476 [INFO] Found leftover file C:\YT\X3M-_xdfCaA.mp4 (id=X3M-_xdfCaA), validating...
2026-04-15 16:33:58,476 [INFO] [ffprobe:X3M-_xdfCaA.mp4] Attempt 1/5
2026-04-15 16:33:58,477 [INFO] RUN ffprobe:X3M-_xdfCaA.mp4: ffprobe -v error -show_entries format=duration -of default=noprint_wrappers=1:nokey=1 C:\YT\X3M-_xdfCaA.mp4
2026-04-15 16:33:58,516 [INFO] Validation OK for C:\YT\X3M-_xdfCaA.mp4 (size=2795282, duration=95.27)
2026-04-15 16:33:58,516 [INFO] Leftover file C:\YT\X3M-_xdfCaA.mp4 seems valid but unknown; leaving in place.
2026-04-15 16:33:58,516 [INFO] [playlist:https://www.youtube.com/@SMii7Yplus] Attempt 1/5
2026-04-15 16:33:58,516 [INFO] RUN playlist:https://www.youtube.com/@SMii7Yplus: C:\Tools\yt-dlp\yt-dlp.exe --dump-json --flat-playlist --extractor-args youtube:skip=dash https://www.youtube.com/@SMii7Yplus/videos
2026-04-15 16:34:21,160 [INFO] Channel https://www.youtube.com/@SMii7Yplus -> 2 videos
2026-04-15 16:34:21,160 [INFO] [playlist:https://www.youtube.com/@SMii7Y] Attempt 1/5
2026-04-15 16:34:21,161 [INFO] RUN playlist:https://www.youtube.com/@SMii7Y: C:\Tools\yt-dlp\yt-dlp.exe --dump-json --flat-playlist --extractor-args youtube:skip=dash https://www.youtube.com/@SMii7Y/videos
2026-04-15 16:35:11,925 [INFO] Channel https://www.youtube.com/@SMii7Y -> 2 videos
2026-04-15 16:35:11,926 [INFO] [playlist:https://www.youtube.com/@dougdougdoug] Attempt 1/5
2026-04-15 16:35:11,926 [INFO] RUN playlist:https://www.youtube.com/@dougdougdoug: C:\Tools\yt-dlp\yt-dlp.exe --dump-json --flat-playlist --extractor-args youtube:skip=dash https://www.youtube.com/@dougdougdoug/videos
2026-04-15 16:35:19,548 [INFO] Channel https://www.youtube.com/@dougdougdoug -> 2 videos
2026-04-15 16:35:19,548 [INFO] [playlist:https://www.youtube.com/@failboat] Attempt 1/5
2026-04-15 16:35:19,548 [INFO] RUN playlist:https://www.youtube.com/@failboat: C:\Tools\yt-dlp\yt-dlp.exe --dump-json --flat-playlist --extractor-args youtube:skip=dash https://www.youtube.com/@failboat/videos
2026-04-15 16:36:09,212 [INFO] Channel https://www.youtube.com/@failboat -> 2 videos
2026-04-15 16:36:09,212 [INFO] [playlist:https://www.youtube.com/@LetsGameItOut] Attempt 1/5
2026-04-15 16:36:09,212 [INFO] RUN playlist:https://www.youtube.com/@LetsGameItOut: C:\Tools\yt-dlp\yt-dlp.exe --dump-json --flat-playlist --extractor-args youtube:skip=dash https://www.youtube.com/@LetsGameItOut/videos
2026-04-15 16:36:35,612 [INFO] Channel https://www.youtube.com/@LetsGameItOut -> 2 videos
2026-04-15 16:36:35,612 [INFO] [playlist:https://www.youtube.com/@dandingles] Attempt 1/5
2026-04-15 16:36:35,612 [INFO] RUN playlist:https://www.youtube.com/@dandingles: C:\Tools\yt-dlp\yt-dlp.exe --dump-json --flat-playlist --extractor-args youtube:skip=dash https://www.youtube.com/@dandingles/videos
2026-04-15 16:36:41,670 [INFO] Channel https://www.youtube.com/@dandingles -> 2 videos
2026-04-15 16:36:41,674 [INFO] [playlist:https://www.youtube.com/@markiplier] Attempt 1/5
2026-04-15 16:36:41,674 [INFO] RUN playlist:https://www.youtube.com/@markiplier: C:\Tools\yt-dlp\yt-dlp.exe --dump-json --flat-playlist --extractor-args youtube:skip=dash https://www.youtube.com/@markiplier/videos
2026-04-15 16:39:19,541 [INFO] Channel https://www.youtube.com/@markiplier -> 2 videos
2026-04-15 16:39:19,541 [INFO] [playlist:https://www.youtube.com/@Fir] Attempt 1/5
2026-04-15 16:39:19,541 [INFO] RUN playlist:https://www.youtube.com/@Fir: C:\Tools\yt-dlp\yt-dlp.exe --dump-json --flat-playlist --extractor-args youtube:skip=dash https://www.youtube.com/@Fir/videos
2026-04-15 16:39:28,161 [INFO] Channel https://www.youtube.com/@Fir -> 2 videos
2026-04-15 16:39:28,165 [INFO] [playlist:https://www.youtube.com/@PointCrow] Attempt 1/5
2026-04-15 16:39:28,165 [INFO] RUN playlist:https://www.youtube.com/@PointCrow: C:\Tools\yt-dlp\yt-dlp.exe --dump-json --flat-playlist --extractor-args youtube:skip=dash https://www.youtube.com/@PointCrow/videos
2026-04-15 16:39:38,435 [INFO] Channel https://www.youtube.com/@PointCrow -> 2 videos
2026-04-15 16:39:38,435 [INFO] [playlist:https://www.youtube.com/@DougDougHaters] Attempt 1/5
2026-04-15 16:39:38,435 [INFO] RUN playlist:https://www.youtube.com/@DougDougHaters: C:\Tools\yt-dlp\yt-dlp.exe --dump-json --flat-playlist --extractor-args youtube:skip=dash https://www.youtube.com/@DougDougHaters/videos
2026-04-15 16:39:45,327 [INFO] Channel https://www.youtube.com/@DougDougHaters -> 2 videos
2026-04-15 16:39:45,327 [INFO] [playlist:https://www.youtube.com/@ElectroBOOM] Attempt 1/5
2026-04-15 16:39:45,331 [INFO] RUN playlist:https://www.youtube.com/@ElectroBOOM: C:\Tools\yt-dlp\yt-dlp.exe --dump-json --flat-playlist --extractor-args youtube:skip=dash https://www.youtube.com/@ElectroBOOM/videos
2026-04-15 16:39:55,124 [INFO] Channel https://www.youtube.com/@ElectroBOOM -> 2 videos
2026-04-15 16:39:55,124 [INFO] [playlist:https://www.youtube.com/@CrowPoint] Attempt 1/5
2026-04-15 16:39:55,124 [INFO] RUN playlist:https://www.youtube.com/@CrowPoint: C:\Tools\yt-dlp\yt-dlp.exe --dump-json --flat-playlist --extractor-args youtube:skip=dash https://www.youtube.com/@CrowPoint/videos
2026-04-15 16:39:58,967 [INFO] Channel https://www.youtube.com/@CrowPoint -> 2 videos
2026-04-15 16:39:58,971 [INFO] Queue size: 24
2026-04-15 16:39:58,971 [INFO] Skipping already downloaded video skZAGLJvO30 (Darkwater is Creepily Hilarious)
2026-04-15 16:39:58,971 [INFO] Skipping already downloaded video 3Aspc9fmifU (DEEP DIH DUNGEON)
2026-04-15 16:39:58,971 [INFO] Processing video 6-k4q2knT5g (This Gotta Be Game Of The Year) from channel SMii7Y
2026-04-15 16:39:58,971 [INFO] Starting download for 6-k4q2knT5g (This Gotta Be Game Of The Year)
2026-04-15 16:39:58,971 [INFO] Download attempt 1/5 for 6-k4q2knT5g
2026-04-15 16:39:58,971 [INFO] [urls:6-k4q2knT5g:134+140] Attempt 1/5
2026-04-15 16:39:58,971 [INFO] RUN urls:6-k4q2knT5g:134+140: C:\Tools\yt-dlp\yt-dlp.exe -g -f 134+140 https://www.youtube.com/watch?v=6-k4q2knT5g
2026-04-15 16:40:04,559 [INFO] Got URLs for 6-k4q2knT5g with format 134+140
2026-04-15 16:40:04,559 [INFO] Starting ffmpeg for 6-k4q2knT5g: ffmpeg -y -loglevel error -progress pipe:2 -i https://rr3---sn-uxanug5-2xgd.googlevideo.com/videoplayback?expire=1776264005&ei=5U7fae3SFOjKssUPgYq8-Q8&ip=1.159.145.215&id=o-ANbfUTSi-7Ekjqsxk9mbRf-D4-coSg44HRc3Qoj2hetw&itag=134&source=youtube&requiressl=yes&xpc=EgVo2aDSNQ%3D%3D&cps=865&met=1776242405%2C&mh=OS&mm=31%2C29&mn=sn-uxanug5-2xgd%2Csn-hxa7zn7s&ms=au%2Crdu&mv=m&mvi=3&pcm2cms=yes&pl=17&rms=au%2Cau&initcwndbps=1955000&bui=AUUZDGLKDk7MufzFP0f_3qqy9-nh5TA0Buw-zfkQ4YKiG-YrCHfTrVvOtxIVDMx91POXkxi9FCW27O7w&spc=jlWavW6zBpdc5OwN-biLfFr0OyxLtAxmSvpA_jicZTHZ&vprv=1&svpuc=1&mime=video%2Fmp4&rqh=1&gir=yes&clen=144855231&dur=2354.266&lmt=1776193479126911&mt=1776241992&fvip=3&keepalive=yes&fexp=51565116%2C51565681&c=ANDROID_VR&txp=3309224&sparams=expire%2Cei%2Cip%2Cid%2Citag%2Csource%2Crequiressl%2Cxpc%2Cbui%2Cspc%2Cvprv%2Csvpuc%2Cmime%2Crqh%2Cgir%2Cclen%2Cdur%2Clmt&sig=AHEqNM4wRAIgHJm4jdO4pJx1tQSZpeQzBmKE8I150rSJ-owN9Yfn9GwCIDEU_yELNTsAR6ei70ycd7_kqYzBUYyBwozlrxfas-GQ&lsparams=cps%2Cmet%2Cmh%2Cmm%2Cmn%2Cms%2Cmv%2Cmvi%2Cpcm2cms%2Cpl%2Crms%2Cinitcwndbps&lsig=APaTxxMwRQIgSZj1aY6o7mPn6HMbk2GKw15eaqwUIjPvsnowGfDj7-MCIQDL3KLZP6hEgz3ptxUf_YrnvMTm4mvG6munc32sAQCjcw%3D%3D -i https://rr3---sn-uxanug5-2xgd.googlevideo.com/videoplayback?expire=1776264005&ei=5U7fae3SFOjKssUPgYq8-Q8&ip=1.159.145.215&id=o-ANbfUTSi-7Ekjqsxk9mbRf-D4-coSg44HRc3Qoj2hetw&itag=140&source=youtube&requiressl=yes&xpc=EgVo2aDSNQ%3D%3D&cps=865&met=1776242405%2C&mh=OS&mm=31%2C29&mn=sn-uxanug5-2xgd%2Csn-hxa7zn7s&ms=au%2Crdu&mv=m&mvi=3&pcm2cms=yes&pl=17&rms=au%2Cau&initcwndbps=1955000&bui=AUUZDGLKDk7MufzFP0f_3qqy9-nh5TA0Buw-zfkQ4YKiG-YrCHfTrVvOtxIVDMx91POXkxi9FCW27O7w&spc=jlWavW6zBpdc5OwN-biLfFr0OyxLtAxmSvpA_jicZTHZ&vprv=1&svpuc=1&mime=audio%2Fmp4&rqh=1&gir=yes&clen=38103344&dur=2354.340&lmt=1776193488038614&mt=1776241992&fvip=3&keepalive=yes&fexp=51565116%2C51565681&c=ANDROID_VR&txp=3308224&sparams=expire%2Cei%2Cip%2Cid%2Citag%2Csource%2Crequiressl%2Cxpc%2Cbui%2Cspc%2Cvprv%2Csvpuc%2Cmime%2Crqh%2Cgir%2Cclen%2Cdur%2Clmt&sig=AHEqNM4wRQIhAIr2XQND3P6oNhQnjrZBeey2mJuLCyHxxCZCH2kw-zXxAiA3ZPQpl6LQWwSC6AlzudsmjO3AelFACqZ4_MOcMtuuPA%3D%3D&lsparams=cps%2Cmet%2Cmh%2Cmm%2Cmn%2Cms%2Cmv%2Cmvi%2Cpcm2cms%2Cpl%2Crms%2Cinitcwndbps&lsig=APaTxxMwRQIgSZj1aY6o7mPn6HMbk2GKw15eaqwUIjPvsnowGfDj7-MCIQDL3KLZP6hEgz3ptxUf_YrnvMTm4mvG6munc32sAQCjcw%3D%3D -c copy 6-k4q2knT5g.mp4
2026-04-15 17:15:44,863 [INFO] ffmpeg finished for 6-k4q2knT5g with code 0
2026-04-15 17:15:44,863 [INFO] [ffprobe:6-k4q2knT5g.mp4] Attempt 1/5
2026-04-15 17:15:44,863 [INFO] RUN ffprobe:6-k4q2knT5g.mp4: ffprobe -v error -show_entries format=duration -of default=noprint_wrappers=1:nokey=1 6-k4q2knT5g.mp4
2026-04-15 17:15:44,915 [INFO] Validation OK for 6-k4q2knT5g.mp4 (size=183349026, duration=2354.27)
2026-04-15 17:15:44,916 [INFO] Moving 6-k4q2knT5g.mp4 -> SMii7Y\This Gotta Be Game Of The Year.mp4
2026-04-15 17:15:44,918 [INFO] Download complete for 6-k4q2knT5g
2026-04-15 17:15:44,919 [INFO] Skipping already downloaded video ecmpw9DpWio (We Found Another TAG Game)
2026-04-15 17:15:44,920 [INFO] Skipping already downloaded video ItQHQIJvF98 (What happens if you tell ChatGPT to make Fortnite 2?)
2026-04-15 17:15:44,920 [INFO] Skipping already downloaded video RhmRDXRdYFM (I've made 10 years of YouTube videos. Let's rank them.)
2026-04-15 17:15:44,920 [INFO] Skipping already downloaded video dScpydu_HRE (I programmed a turtle)
2026-04-15 17:15:44,921 [INFO] Skipping already downloaded video ULm2jpMDJ8E (Letting my vengeful Editors control the Video)
2026-04-15 17:15:44,921 [INFO] Skipping already downloaded video Uj5RnygvoKk (I Brainwashed an Entire Village to Win the Game For Me - Soulmask 1.0 - Shifting Sands DLC)
2026-04-15 17:15:44,921 [INFO] Skipping already downloaded video 802J6OnLBgc (I Beat This Entire Factory Game With Basically No Factory - StarRupture)
2026-04-15 17:15:44,922 [INFO] Skipping already downloaded video fGLL4cbVqCs (Who the heck is Dan Dingle? (250k Q&A))
2026-04-15 17:15:44,922 [INFO] Skipping already downloaded video zitMh_7SfMY (Laughing At Sora 2 One Last Time...)
2026-04-15 17:15:44,922 [INFO] Skipping already downloaded video O8pg--1FuaI (PAWN SHOP)
2026-04-15 17:15:44,923 [INFO] Skipping already downloaded video 1nDcd873gO0 (PSYCHO INN)
2026-04-15 17:15:44,923 [INFO] Skipping already downloaded video eEtIMzhJeYo (They Added Over 60 Types to Pokemon)
2026-04-15 17:15:44,923 [INFO] Skipping already downloaded video 7EGCiTlQG1g (Mario Odyssey but the world is "Tile-Locked")
2026-04-15 17:15:44,924 [INFO] Skipping already downloaded video uydvCGStqEo (Can My Viewers Count to 10 Before I Beat Zelda?)
2026-04-15 17:15:44,924 [INFO] Skipping already downloaded video GjeuMXoa-7Y (Pokemon, but it has more rules than other YouTubers)
2026-04-15 17:15:44,924 [INFO] Skipping already downloaded video B8kZf8jPN_o (Doug is FINALLY Removed from The Bible)
2026-04-15 17:15:44,924 [INFO] Skipping already downloaded video DX6P_qaNIM8 (DougDoug's FAVORITE Platformer)
2026-04-15 17:15:44,925 [INFO] Skipping already downloaded video EBgxa8OzjB8 (Components Giving Birth?! (LATITY-018))
2026-04-15 17:15:44,925 [INFO] Skipping already downloaded video F-CFdCp0xaw (DON'T Screw into MY FLOOR!)
2026-04-15 17:15:44,925 [INFO] Processing video tgduOuNejhc (I am now the KUZE!!!! Yakuza Brainrott) from channel CrowPoint
2026-04-15 17:15:44,925 [INFO] Starting download for tgduOuNejhc (I am now the KUZE!!!! Yakuza Brainrott)
2026-04-15 17:15:44,927 [INFO] Download attempt 1/5 for tgduOuNejhc
2026-04-15 17:15:44,927 [INFO] [urls:tgduOuNejhc:134+140] Attempt 1/5
2026-04-15 17:15:44,927 [INFO] RUN urls:tgduOuNejhc:134+140: C:\Tools\yt-dlp\yt-dlp.exe -g -f 134+140 https://www.youtube.com/watch?v=tgduOuNejhc
2026-04-15 17:15:48,924 [INFO] Got URLs for tgduOuNejhc with format 134+140
2026-04-15 17:15:48,925 [INFO] Starting ffmpeg for tgduOuNejhc: ffmpeg -y -loglevel error -progress pipe:2 -i https://rr2---sn-uxanug5-2xg6.googlevideo.com/videoplayback?expire=1776266149&ei=RVffaa-FN4_S3LUP-ZOGuQ0&ip=1.159.145.215&id=o-ANLwHSOf-XA5MUPJ3_Nb_L8-lIGr2tRibFTIQa6RZb64&itag=134&source=youtube&requiressl=yes&xpc=EgVo2aDSNQ%3D%3D&cps=257&met=1776244549%2C&mh=od&mm=31%2C29&mn=sn-uxanug5-2xg6%2Csn-hxa7zn7s&ms=au%2Crdu&mv=m&mvi=2&pl=17&rms=au%2Cau&initcwndbps=1955000&bui=AUUZDGL3haioxDuTHMqh-Ttz3OjMcmz9L9GHIFQYD17wH7C0BomPrOo4-9qeMLjmleykDO-7Fh3yDItw&spc=jlWavRkjwFzhGbTo7jZEldTCz5uhO_raPNH6AqBiJtoU&vprv=1&svpuc=1&mime=video%2Fmp4&rqh=1&gir=yes&clen=1169800&dur=41.499&lmt=1705282355312493&mt=1776244164&fvip=4&keepalive=yes&fexp=51565115%2C51565681&c=ANDROID_VR&txp=6219224&sparams=expire%2Cei%2Cip%2Cid%2Citag%2Csource%2Crequiressl%2Cxpc%2Cbui%2Cspc%2Cvprv%2Csvpuc%2Cmime%2Crqh%2Cgir%2Cclen%2Cdur%2Clmt&sig=AHEqNM4wRQIgcryKbOMK1f4XIyyYhI9KQJNbPvnhpsv9olKmz2d7nJwCIQDAj-8IHO_cGEaTy-4Whnpc59MNDmgaMQJgYgmQxlXXfA%3D%3D&lsparams=cps%2Cmet%2Cmh%2Cmm%2Cmn%2Cms%2Cmv%2Cmvi%2Cpl%2Crms%2Cinitcwndbps&lsig=APaTxxMwRQIgOYPu5AmvozEB9RBuIbOhIrDJwZXmQYsRkef3LqSLSDECIQCUwufOaRnTQwbelD8zELoZPmYKI3DiuGmdapY-vrMj-A%3D%3D -i https://rr2---sn-uxanug5-2xg6.googlevideo.com/videoplayback?expire=1776266149&ei=RVffaa-FN4_S3LUP-ZOGuQ0&ip=1.159.145.215&id=o-ANLwHSOf-XA5MUPJ3_Nb_L8-lIGr2tRibFTIQa6RZb64&itag=140&source=youtube&requiressl=yes&xpc=EgVo2aDSNQ%3D%3D&cps=257&met=1776244549%2C&mh=od&mm=31%2C29&mn=sn-uxanug5-2xg6%2Csn-hxa7zn7s&ms=au%2Crdu&mv=m&mvi=2&pl=17&rms=au%2Cau&initcwndbps=1955000&bui=AUUZDGL3haioxDuTHMqh-Ttz3OjMcmz9L9GHIFQYD17wH7C0BomPrOo4-9qeMLjmleykDO-7Fh3yDItw&spc=jlWavRkjwFzhGbTo7jZEldTCz5uhO_raPNH6AqBiJtoU&vprv=1&svpuc=1&mime=audio%2Fmp4&rqh=1&gir=yes&clen=673423&dur=41.563&lmt=1705282351249678&mt=1776244164&fvip=4&keepalive=yes&fexp=51565115%2C51565681&c=ANDROID_VR&txp=6218224&sparams=expire%2Cei%2Cip%2Cid%2Citag%2Csource%2Crequiressl%2Cxpc%2Cbui%2Cspc%2Cvprv%2Csvpuc%2Cmime%2Crqh%2Cgir%2Cclen%2Cdur%2Clmt&sig=AHEqNM4wRAIgSinN2jj4aNQq2irOMDPq19J7dPjRSgQsfnn1XuL5zmcCIDh8w-h-1bFtNKoIP4zv8Wj6XjEDfWkCZ-TFxNKhsBPO&lsparams=cps%2Cmet%2Cmh%2Cmm%2Cmn%2Cms%2Cmv%2Cmvi%2Cpl%2Crms%2Cinitcwndbps&lsig=APaTxxMwRQIgOYPu5AmvozEB9RBuIbOhIrDJwZXmQYsRkef3LqSLSDECIQCUwufOaRnTQwbelD8zELoZPmYKI3DiuGmdapY-vrMj-A%3D%3D -c copy tgduOuNejhc.mp4
2026-04-15 17:16:00,527 [INFO] ffmpeg finished for tgduOuNejhc with code 0
2026-04-15 17:16:00,527 [INFO] [ffprobe:tgduOuNejhc.mp4] Attempt 1/5
2026-04-15 17:16:00,528 [INFO] RUN ffprobe:tgduOuNejhc.mp4: ffprobe -v error -show_entries format=duration -of default=noprint_wrappers=1:nokey=1 tgduOuNejhc.mp4
2026-04-15 17:16:00,562 [INFO] Validation OK for tgduOuNejhc.mp4 (size=1858477, duration=41.56)
2026-04-15 17:16:00,562 [INFO] Moving tgduOuNejhc.mp4 -> CrowPoint\I am now the KUZE!!!! Yakuza Brainrott.mp4
2026-04-15 17:16:00,564 [INFO] Download complete for tgduOuNejhc
2026-04-15 17:16:00,566 [INFO] Channel CrowPoint cooling down for 30.0 seconds
2026-04-15 17:16:30,565 [INFO] Processing video VP6oJl-sfrw (Freddy Fazbear Copypasta) from channel CrowPoint
2026-04-15 17:16:30,565 [INFO] Starting download for VP6oJl-sfrw (Freddy Fazbear Copypasta)
2026-04-15 17:16:30,567 [INFO] Download attempt 1/5 for VP6oJl-sfrw
2026-04-15 17:16:30,567 [INFO] [urls:VP6oJl-sfrw:134+140] Attempt 1/5
2026-04-15 17:16:30,567 [INFO] RUN urls:VP6oJl-sfrw:134+140: C:\Tools\yt-dlp\yt-dlp.exe -g -f 134+140 https://www.youtube.com/watch?v=VP6oJl-sfrw
2026-04-15 17:16:34,735 [INFO] Got URLs for VP6oJl-sfrw with format 134+140
2026-04-15 17:16:34,735 [INFO] Starting ffmpeg for VP6oJl-sfrw: ffmpeg -y -loglevel error -progress pipe:2 -i https://rr2---sn-uxanug5-2xg6.googlevideo.com/videoplayback?expire=1776266195&ei=c1ffaaGYK57LssUP0MfBqQo&ip=1.159.145.215&id=o-AIbvrX3KXDNm4U-I13kzQIAa4BV6hPhuWffDYlxQ2mmK&itag=134&source=youtube&requiressl=yes&xpc=EgVo2aDSNQ%3D%3D&cps=313&met=1776244595%2C&mh=X-&mm=31%2C29&mn=sn-uxanug5-2xg6%2Csn-hxa7zn7s&ms=au%2Crdu&mv=m&mvi=2&pcm2cms=yes&pl=17&rms=au%2Cau&initcwndbps=1955000&bui=AUUZDGJPvcfrcSIZVBIiHlvJAzH5t4L6pFtKKTeBS4TgQYCdpghCrz50pWhqTulB59tnhBZw_g1WcV1H&spc=jlWavRFZRncG0KDGitrz6NdiNz6LiRerL7Xg7_jthWAE&vprv=1&svpuc=1&mime=video%2Fmp4&rqh=1&gir=yes&clen=4770629&dur=95.799&lmt=1703514484670794&mt=1776244164&fvip=3&keepalive=yes&fexp=51565116%2C51565682&c=ANDROID_VR&txp=6219224&sparams=expire%2Cei%2Cip%2Cid%2Citag%2Csource%2Crequiressl%2Cxpc%2Cbui%2Cspc%2Cvprv%2Csvpuc%2Cmime%2Crqh%2Cgir%2Cclen%2Cdur%2Clmt&sig=AHEqNM4wRgIhAMN1OjWDox7b8aMGouR-SHOBs8Mkg_PrjI6CtVHXlxHmAiEAqwVl0cCNhEECovafk8KkJL-3-h1k1GSGY3G8u_lP3DQ%3D&lsparams=cps%2Cmet%2Cmh%2Cmm%2Cmn%2Cms%2Cmv%2Cmvi%2Cpcm2cms%2Cpl%2Crms%2Cinitcwndbps&lsig=APaTxxMwRQIgOjAIZsUHpf8FKsSEI_SQXAVqGrIjMr9jS3gcPIcsmzMCIQCXFQQNqiYHs-cTB9nlutNQclJ4IZiTuQ61zhOsy_cEYA%3D%3D -i https://rr2---sn-uxanug5-2xg6.googlevideo.com/videoplayback?expire=1776266195&ei=c1ffaaGYK57LssUP0MfBqQo&ip=1.159.145.215&id=o-AIbvrX3KXDNm4U-I13kzQIAa4BV6hPhuWffDYlxQ2mmK&itag=140&source=youtube&requiressl=yes&xpc=EgVo2aDSNQ%3D%3D&cps=313&met=1776244595%2C&mh=X-&mm=31%2C29&mn=sn-uxanug5-2xg6%2Csn-hxa7zn7s&ms=au%2Crdu&mv=m&mvi=2&pcm2cms=yes&pl=17&rms=au%2Cau&initcwndbps=1955000&bui=AUUZDGJPvcfrcSIZVBIiHlvJAzH5t4L6pFtKKTeBS4TgQYCdpghCrz50pWhqTulB59tnhBZw_g1WcV1H&spc=jlWavRFZRncG0KDGitrz6NdiNz6LiRerL7Xg7_jthWAE&vprv=1&svpuc=1&mime=audio%2Fmp4&rqh=1&gir=yes&clen=1551995&dur=95.851&lmt=1703514474750039&mt=1776244164&fvip=3&keepalive=yes&fexp=51565116%2C51565682&c=ANDROID_VR&txp=6218224&sparams=expire%2Cei%2Cip%2Cid%2Citag%2Csource%2Crequiressl%2Cxpc%2Cbui%2Cspc%2Cvprv%2Csvpuc%2Cmime%2Crqh%2Cgir%2Cclen%2Cdur%2Clmt&sig=AHEqNM4wRQIhALHRqSLiv24rI1vpw-V3p1uF6VAgsHw9DdL6hlIcIg6nAiBybW16ACzYH611TyuFWKZadOV9EevYwq709g0XNEaGGg%3D%3D&lsparams=cps%2Cmet%2Cmh%2Cmm%2Cmn%2Cms%2Cmv%2Cmvi%2Cpcm2cms%2Cpl%2Crms%2Cinitcwndbps&lsig=APaTxxMwRQIgOjAIZsUHpf8FKsSEI_SQXAVqGrIjMr9jS3gcPIcsmzMCIQCXFQQNqiYHs-cTB9nlutNQclJ4IZiTuQ61zhOsy_cEYA%3D%3D -c copy VP6oJl-sfrw.mp4
2026-04-15 17:17:18,539 [INFO] ffmpeg finished for VP6oJl-sfrw with code 0
2026-04-15 17:17:18,540 [INFO] [ffprobe:VP6oJl-sfrw.mp4] Attempt 1/5
2026-04-15 17:17:18,540 [INFO] RUN ffprobe:VP6oJl-sfrw.mp4: ffprobe -v error -show_entries format=duration -of default=noprint_wrappers=1:nokey=1 VP6oJl-sfrw.mp4
2026-04-15 17:17:18,578 [INFO] Validation OK for VP6oJl-sfrw.mp4 (size=6124987, duration=95.80)
2026-04-15 17:17:18,578 [INFO] Moving VP6oJl-sfrw.mp4 -> CrowPoint\Freddy Fazbear Copypasta.mp4
2026-04-15 17:17:18,580 [INFO] Download complete for VP6oJl-sfrw
2026-04-15 17:17:18,581 [INFO] === EXIT ===
2026-04-15 19:26:45,281 [INFO] === START ===
2026-04-15 19:26:46,989 [INFO] yt-dlp.exe verified OK (size=18408128 bytes)
2026-04-15 19:26:46,990 [INFO] Found leftover file C:\YT\X3M-_xdfCaA.mp4 (id=X3M-_xdfCaA), validating...
2026-04-15 19:26:46,990 [INFO] [ffprobe:X3M-_xdfCaA.mp4] Attempt 1/5
2026-04-15 19:26:46,990 [INFO] RUN ffprobe:X3M-_xdfCaA.mp4: ffprobe -v error -show_entries format=duration -of default=noprint_wrappers=1:nokey=1 C:\YT\X3M-_xdfCaA.mp4
2026-04-15 19:26:47,046 [INFO] Validation OK for C:\YT\X3M-_xdfCaA.mp4 (size=2795282, duration=95.27)
2026-04-15 19:26:47,046 [INFO] Leftover file C:\YT\X3M-_xdfCaA.mp4 seems valid but unknown; leaving in place.
2026-04-15 19:26:47,046 [INFO] [playlist:https://www.youtube.com/@SMii7Yplus] Attempt 1/5
2026-04-15 19:26:47,046 [INFO] RUN playlist:https://www.youtube.com/@SMii7Yplus: C:\Tools\yt-dlp\yt-dlp.exe --dump-json --flat-playlist --extractor-args youtube:skip=dash https://www.youtube.com/@SMii7Yplus/videos
2026-04-15 19:26:57,637 [INFO] Channel https://www.youtube.com/@SMii7Yplus -> 2 videos
2026-04-15 19:26:57,637 [INFO] [playlist:https://www.youtube.com/@SMii7Y] Attempt 1/5
2026-04-15 19:26:57,637 [INFO] RUN playlist:https://www.youtube.com/@SMii7Y: C:\Tools\yt-dlp\yt-dlp.exe --dump-json --flat-playlist --extractor-args youtube:skip=dash https://www.youtube.com/@SMii7Y/videos
2026-04-15 19:27:24,511 [INFO] Channel https://www.youtube.com/@SMii7Y -> 2 videos
2026-04-15 19:27:24,511 [INFO] [playlist:https://www.youtube.com/@dougdougdoug] Attempt 1/5
2026-04-15 19:27:24,511 [INFO] RUN playlist:https://www.youtube.com/@dougdougdoug: C:\Tools\yt-dlp\yt-dlp.exe --dump-json --flat-playlist --extractor-args youtube:skip=dash https://www.youtube.com/@dougdougdoug/videos
2026-04-15 19:27:29,092 [INFO] Channel https://www.youtube.com/@dougdougdoug -> 2 videos
2026-04-15 19:27:29,092 [INFO] [playlist:https://www.youtube.com/@failboat] Attempt 1/5
2026-04-15 19:27:29,092 [INFO] RUN playlist:https://www.youtube.com/@failboat: C:\Tools\yt-dlp\yt-dlp.exe --dump-json --flat-playlist --extractor-args youtube:skip=dash https://www.youtube.com/@failboat/videos
2026-04-15 19:27:58,668 [INFO] Channel https://www.youtube.com/@failboat -> 2 videos
2026-04-15 19:27:58,668 [INFO] [playlist:https://www.youtube.com/@LetsGameItOut] Attempt 1/5
2026-04-15 19:27:58,668 [INFO] RUN playlist:https://www.youtube.com/@LetsGameItOut: C:\Tools\yt-dlp\yt-dlp.exe --dump-json --flat-playlist --extractor-args youtube:skip=dash https://www.youtube.com/@LetsGameItOut/videos
2026-04-15 19:28:14,215 [INFO] Channel https://www.youtube.com/@LetsGameItOut -> 2 videos
2026-04-15 19:28:14,215 [INFO] [playlist:https://www.youtube.com/@dandingles] Attempt 1/5
2026-04-15 19:28:14,215 [INFO] RUN playlist:https://www.youtube.com/@dandingles: C:\Tools\yt-dlp\yt-dlp.exe --dump-json --flat-playlist --extractor-args youtube:skip=dash https://www.youtube.com/@dandingles/videos
2026-04-15 19:28:17,984 [INFO] Channel https://www.youtube.com/@dandingles -> 2 videos
2026-04-15 19:28:17,984 [INFO] [playlist:https://www.youtube.com/@markiplier] Attempt 1/5
2026-04-15 19:28:17,984 [INFO] RUN playlist:https://www.youtube.com/@markiplier: C:\Tools\yt-dlp\yt-dlp.exe --dump-json --flat-playlist --extractor-args youtube:skip=dash https://www.youtube.com/@markiplier/videos
2026-04-15 19:29:53,313 [INFO] Channel https://www.youtube.com/@markiplier -> 2 videos
2026-04-15 19:29:53,313 [INFO] [playlist:https://www.youtube.com/@Fir] Attempt 1/5
2026-04-15 19:29:53,313 [INFO] RUN playlist:https://www.youtube.com/@Fir: C:\Tools\yt-dlp\yt-dlp.exe --dump-json --flat-playlist --extractor-args youtube:skip=dash https://www.youtube.com/@Fir/videos
2026-04-15 19:29:59,352 [INFO] Channel https://www.youtube.com/@Fir -> 2 videos
2026-04-15 19:29:59,352 [INFO] [playlist:https://www.youtube.com/@PointCrow] Attempt 1/5
2026-04-15 19:29:59,352 [INFO] RUN playlist:https://www.youtube.com/@PointCrow: C:\Tools\yt-dlp\yt-dlp.exe --dump-json --flat-playlist --extractor-args youtube:skip=dash https://www.youtube.com/@PointCrow/videos
2026-04-15 19:30:06,157 [INFO] Channel https://www.youtube.com/@PointCrow -> 2 videos
2026-04-15 19:30:06,157 [INFO] [playlist:https://www.youtube.com/@DougDougHaters] Attempt 1/5
2026-04-15 19:30:06,158 [INFO] RUN playlist:https://www.youtube.com/@DougDougHaters: C:\Tools\yt-dlp\yt-dlp.exe --dump-json --flat-playlist --extractor-args youtube:skip=dash https://www.youtube.com/@DougDougHaters/videos
2026-04-15 19:30:11,065 [INFO] Channel https://www.youtube.com/@DougDougHaters -> 2 videos
2026-04-15 19:30:11,066 [INFO] [playlist:https://www.youtube.com/@ElectroBOOM] Attempt 1/5
2026-04-15 19:30:11,066 [INFO] RUN playlist:https://www.youtube.com/@ElectroBOOM: C:\Tools\yt-dlp\yt-dlp.exe --dump-json --flat-playlist --extractor-args youtube:skip=dash https://www.youtube.com/@ElectroBOOM/videos
2026-04-15 19:30:17,836 [INFO] Channel https://www.youtube.com/@ElectroBOOM -> 2 videos
2026-04-15 19:30:17,836 [INFO] [playlist:https://www.youtube.com/@CrowPointExists] Attempt 1/5
2026-04-15 19:30:17,836 [INFO] RUN playlist:https://www.youtube.com/@CrowPointExists: C:\Tools\yt-dlp\yt-dlp.exe --dump-json --flat-playlist --extractor-args youtube:skip=dash https://www.youtube.com/@CrowPointExists/videos
2026-04-15 19:30:30,869 [INFO] Channel https://www.youtube.com/@CrowPointExists -> 2 videos
2026-04-15 19:30:30,870 [INFO] Queue size: 24
2026-04-15 19:30:30,870 [INFO] Skipping already downloaded video skZAGLJvO30 (Darkwater is Creepily Hilarious)
2026-04-15 19:30:30,870 [INFO] Skipping already downloaded video 3Aspc9fmifU (DEEP DIH DUNGEON)
2026-04-15 19:30:30,871 [INFO] Skipping already downloaded video 6-k4q2knT5g (This Gotta Be Game Of The Year)
2026-04-15 19:30:30,871 [INFO] Skipping already downloaded video ecmpw9DpWio (We Found Another TAG Game)
2026-04-15 19:30:30,871 [INFO] Skipping already downloaded video ItQHQIJvF98 (What happens if you tell ChatGPT to make Fortnite 2?)
2026-04-15 19:30:30,872 [INFO] Skipping already downloaded video RhmRDXRdYFM (I've made 10 years of YouTube videos. Let's rank them.)
2026-04-15 19:30:30,872 [INFO] Skipping already downloaded video dScpydu_HRE (I programmed a turtle)
2026-04-15 19:30:30,872 [INFO] Skipping already downloaded video ULm2jpMDJ8E (Letting my vengeful Editors control the Video)
2026-04-15 19:30:30,873 [INFO] Skipping already downloaded video Uj5RnygvoKk (I Brainwashed an Entire Village to Win the Game For Me - Soulmask 1.0 - Shifting Sands DLC)
2026-04-15 19:30:30,873 [INFO] Skipping already downloaded video 802J6OnLBgc (I Beat This Entire Factory Game With Basically No Factory - StarRupture)
2026-04-15 19:30:30,873 [INFO] Skipping already downloaded video fGLL4cbVqCs (Who the heck is Dan Dingle? (250k Q&A))
2026-04-15 19:30:30,874 [INFO] Skipping already downloaded video zitMh_7SfMY (Laughing At Sora 2 One Last Time...)
2026-04-15 19:30:30,874 [INFO] Skipping already downloaded video O8pg--1FuaI (PAWN SHOP)
2026-04-15 19:30:30,874 [INFO] Skipping already downloaded video 1nDcd873gO0 (PSYCHO INN)
2026-04-15 19:30:30,875 [INFO] Skipping already downloaded video eEtIMzhJeYo (They Added Over 60 Types to Pokemon)
2026-04-15 19:30:30,875 [INFO] Skipping already downloaded video 7EGCiTlQG1g (Mario Odyssey but the world is "Tile-Locked")
2026-04-15 19:30:30,875 [INFO] Skipping already downloaded video uydvCGStqEo (Can My Viewers Count to 10 Before I Beat Zelda?)
2026-04-15 19:30:30,876 [INFO] Skipping already downloaded video GjeuMXoa-7Y (Pokemon, but it has more rules than other YouTubers)
2026-04-15 19:30:30,876 [INFO] Skipping already downloaded video B8kZf8jPN_o (Doug is FINALLY Removed from The Bible)
2026-04-15 19:30:30,876 [INFO] Skipping already downloaded video DX6P_qaNIM8 (DougDoug's FAVORITE Platformer)
2026-04-15 19:30:30,877 [INFO] Skipping already downloaded video EBgxa8OzjB8 (Components Giving Birth?! (LATITY-018))
2026-04-15 19:30:30,877 [INFO] Skipping already downloaded video F-CFdCp0xaw (DON'T Screw into MY FLOOR!)
2026-04-15 19:30:30,877 [INFO] Processing video CbgiI1_C7xg (pointcrow creates a country again) from channel CrowPointExists
2026-04-15 19:30:30,877 [INFO] Starting download for CbgiI1_C7xg (pointcrow creates a country again)
2026-04-15 19:30:30,880 [INFO] Download attempt 1/5 for CbgiI1_C7xg
2026-04-15 19:30:30,880 [INFO] [urls:CbgiI1_C7xg:134+140] Attempt 1/5
2026-04-15 19:30:30,880 [INFO] RUN urls:CbgiI1_C7xg:134+140: C:\Tools\yt-dlp\yt-dlp.exe -g -f 134+140 https://www.youtube.com/watch?v=CbgiI1_C7xg
2026-04-15 19:30:35,080 [INFO] Got URLs for CbgiI1_C7xg with format 134+140
2026-04-15 19:30:35,080 [INFO] Starting ffmpeg for CbgiI1_C7xg: ffmpeg -y -loglevel error -progress pipe:2 -i https://rr2---sn-uxanug5-2xgd.googlevideo.com/videoplayback?expire=1776274234&ei=2nbfaciaG-ap4-EP88jFMQ&ip=1.159.145.215&id=o-AJ0e_1cHVO84utS3ejjGlQNc2y3gOcTxhzyS_dYukua-&itag=134&source=youtube&requiressl=yes&xpc=EgVo2aDSNQ%3D%3D&cps=351&met=1776252634%2C&mh=TL&mm=31%2C29&mn=sn-uxanug5-2xgd%2Csn-ntq7yney&ms=au%2Crdu&mv=m&mvi=2&pl=17&rms=au%2Cau&initcwndbps=1982500&bui=AUUZDGLD03-0SJQ-wYBKyuzBYsvsGhQSF_TmvL-rRABYTGCfv6aBjGSad5pTwjILJXYJWIUoA-guTqMc&spc=jlWavVR6zUqTuGcZYgybper6VWaWzMkmyvxwLDlRR2-b&vprv=1&svpuc=1&mime=video%2Fmp4&rqh=1&gir=yes&clen=80134099&dur=2559.000&lmt=1776084165053359&mt=1776252103&fvip=3&keepalive=yes&fexp=51565115%2C51565681&c=ANDROID_VR&txp=3309224&sparams=expire%2Cei%2Cip%2Cid%2Citag%2Csource%2Crequiressl%2Cxpc%2Cbui%2Cspc%2Cvprv%2Csvpuc%2Cmime%2Crqh%2Cgir%2Cclen%2Cdur%2Clmt&sig=AHEqNM4wRQIgNMnOA4D3hy3zUGXjghR5jTJZ0ILoFJXwjz28MbNt-yQCIQCifB3D-V5E0dkeEBjgsjzlHvJJLmrBs4NJcA55ZV2I6Q%3D%3D&lsparams=cps%2Cmet%2Cmh%2Cmm%2Cmn%2Cms%2Cmv%2Cmvi%2Cpl%2Crms%2Cinitcwndbps&lsig=APaTxxMwRQIgBLJ7P1r7BQX0S30Y_WDJGsuFq0xQ26F8JP3-PGj2jBoCIQCkgdf3QC8d9izwKTNkDAYQV7OpaF6dRL4UnuPnsuVh6g%3D%3D -i https://rr2---sn-uxanug5-2xgd.googlevideo.com/videoplayback?expire=1776274234&ei=2nbfaciaG-ap4-EP88jFMQ&ip=1.159.145.215&id=o-AJ0e_1cHVO84utS3ejjGlQNc2y3gOcTxhzyS_dYukua-&itag=140&source=youtube&requiressl=yes&xpc=EgVo2aDSNQ%3D%3D&cps=351&met=1776252634%2C&mh=TL&mm=31%2C29&mn=sn-uxanug5-2xgd%2Csn-ntq7yney&ms=au%2Crdu&mv=m&mvi=2&pl=17&rms=au%2Cau&initcwndbps=1982500&bui=AUUZDGLD03-0SJQ-wYBKyuzBYsvsGhQSF_TmvL-rRABYTGCfv6aBjGSad5pTwjILJXYJWIUoA-guTqMc&spc=jlWavVR6zUqTuGcZYgybper6VWaWzMkmyvxwLDlRR2-b&vprv=1&svpuc=1&xtags=acont%3Doriginal%3Alang%3Den-US&mime=audio%2Fmp4&rqh=1&gir=yes&clen=41416573&dur=2559.071&lmt=1776119572470599&mt=1776252103&fvip=3&keepalive=yes&fexp=51565115%2C51565681&c=ANDROID_VR&txp=4532534&sparams=expire%2Cei%2Cip%2Cid%2Citag%2Csource%2Crequiressl%2Cxpc%2Cbui%2Cspc%2Cvprv%2Csvpuc%2Cxtags%2Cmime%2Crqh%2Cgir%2Cclen%2Cdur%2Clmt&sig=AHEqNM4wRQIhAJ7Kp9SDl1cdWL3g4Ww2jDL4dO6dXbd7ukV3dV_39KTbAiBlPj18RmSpdJ-FO2_njDolk6MV_7XnLQ3L1pyKtc8OGw%3D%3D&lsparams=cps%2Cmet%2Cmh%2Cmm%2Cmn%2Cms%2Cmv%2Cmvi%2Cpl%2Crms%2Cinitcwndbps&lsig=APaTxxMwRQIgBLJ7P1r7BQX0S30Y_WDJGsuFq0xQ26F8JP3-PGj2jBoCIQCkgdf3QC8d9izwKTNkDAYQV7OpaF6dRL4UnuPnsuVh6g%3D%3D -c copy CbgiI1_C7xg.mp4
2026-04-15 19:52:25,074 [INFO] ffmpeg finished for CbgiI1_C7xg with code 0
2026-04-15 19:52:25,074 [INFO] [ffprobe:CbgiI1_C7xg.mp4] Attempt 1/5
2026-04-15 19:52:25,074 [INFO] RUN ffprobe:CbgiI1_C7xg.mp4: ffprobe -v error -show_entries format=duration -of default=noprint_wrappers=1:nokey=1 CbgiI1_C7xg.mp4
2026-04-15 19:52:25,133 [INFO] Validation OK for CbgiI1_C7xg.mp4 (size=122476255, duration=2559.07)
2026-04-15 19:52:25,133 [INFO] Moving CbgiI1_C7xg.mp4 -> CrowPointExists\pointcrow creates a country again.mp4
2026-04-15 19:52:25,135 [INFO] Download complete for CbgiI1_C7xg
2026-04-15 19:52:25,138 [INFO] Channel CrowPointExists cooling down for 30.0 seconds
2026-04-15 19:52:55,136 [INFO] Processing video GctinY6K4pU (how fast can I escape this pokemon room) from channel CrowPointExists
2026-04-15 19:52:55,136 [INFO] Starting download for GctinY6K4pU (how fast can I escape this pokemon room)
2026-04-15 19:52:55,138 [INFO] Download attempt 1/5 for GctinY6K4pU
2026-04-15 19:52:55,138 [INFO] [urls:GctinY6K4pU:134+140] Attempt 1/5
2026-04-15 19:52:55,138 [INFO] RUN urls:GctinY6K4pU:134+140: C:\Tools\yt-dlp\yt-dlp.exe -g -f 134+140 https://www.youtube.com/watch?v=GctinY6K4pU
2026-04-15 19:52:59,186 [INFO] Got URLs for GctinY6K4pU with format 134+140
2026-04-15 19:52:59,186 [INFO] Starting ffmpeg for GctinY6K4pU: ffmpeg -y -loglevel error -progress pipe:2 -i https://rr5---sn-uxanug5-2xg6.googlevideo.com/videoplayback?expire=1776275578&ei=GnzfaZ_oJdaSz7sPmaSXmQ4&ip=1.159.145.215&id=o-ANSqAFfzebiqSGRJlflBLj2O1mlVLq6Bv16USo56zpOL&itag=134&source=youtube&requiressl=yes&xpc=EgVo2aDSNQ%3D%3D&cps=340&met=1776253978%2C&mh=eG&mm=31%2C29&mn=sn-uxanug5-2xg6%2Csn-ntqe6n76&ms=au%2Crdu&mv=m&mvi=5&pcm2cms=yes&pl=17&rms=au%2Cau&initcwndbps=1986250&bui=AUUZDGJcmlj_4QT1dq1O-xmqA7C18-tQSVTWjhD0CZ7EcHuIeIjyzIPriTO-zyfyzB47hW7oWoCrcwiH&spc=jlWavSGNdR0fcrvNNLNcc2Y7i8B4L38BSXmhDc3Pchnz&vprv=1&svpuc=1&mime=video%2Fmp4&rqh=1&gir=yes&clen=32460376&dur=2262.733&lmt=1775123862993576&mt=1776253554&fvip=1&keepalive=yes&fexp=51565116%2C51565682&c=ANDROID_VR&txp=5535534&sparams=expire%2Cei%2Cip%2Cid%2Citag%2Csource%2Crequiressl%2Cxpc%2Cbui%2Cspc%2Cvprv%2Csvpuc%2Cmime%2Crqh%2Cgir%2Cclen%2Cdur%2Clmt&sig=AHEqNM4wRAIgRIUQcnukVe8eB_Cb9PZr_uw3sj0-T_2XB6gxO-l--wkCIECMQf4NCfGYKU3o1-fOsbQKkZ9JVnZREPtMk-en7T--&lsparams=cps%2Cmet%2Cmh%2Cmm%2Cmn%2Cms%2Cmv%2Cmvi%2Cpcm2cms%2Cpl%2Crms%2Cinitcwndbps&lsig=APaTxxMwRQIhANUZTscEJ2AWUOvfBEk3bTSp52ct5vRGbAT8-bNJTep0AiBzpgoEVvEepk1rwBCQ-R_TDkrBeyLoyVkAD3thFSGD7Q%3D%3D -i https://rr5---sn-uxanug5-2xg6.googlevideo.com/videoplayback?expire=1776275578&ei=GnzfaZ_oJdaSz7sPmaSXmQ4&ip=1.159.145.215&id=o-ANSqAFfzebiqSGRJlflBLj2O1mlVLq6Bv16USo56zpOL&itag=140&source=youtube&requiressl=yes&xpc=EgVo2aDSNQ%3D%3D&cps=340&met=1776253978%2C&mh=eG&mm=31%2C29&mn=sn-uxanug5-2xg6%2Csn-ntqe6n76&ms=au%2Crdu&mv=m&mvi=5&pcm2cms=yes&pl=17&rms=au%2Cau&initcwndbps=1986250&bui=AUUZDGJcmlj_4QT1dq1O-xmqA7C18-tQSVTWjhD0CZ7EcHuIeIjyzIPriTO-zyfyzB47hW7oWoCrcwiH&spc=jlWavSGNdR0fcrvNNLNcc2Y7i8B4L38BSXmhDc3Pchnz&vprv=1&svpuc=1&xtags=acont%3Doriginal%3Alang%3Den-US&mime=audio%2Fmp4&rqh=1&gir=yes&clen=36621538&dur=2262.784&lmt=1775115164999746&mt=1776253554&fvip=1&keepalive=yes&fexp=51565116%2C51565682&c=ANDROID_VR&txp=5532534&sparams=expire%2Cei%2Cip%2Cid%2Citag%2Csource%2Crequiressl%2Cxpc%2Cbui%2Cspc%2Cvprv%2Csvpuc%2Cxtags%2Cmime%2Crqh%2Cgir%2Cclen%2Cdur%2Clmt&sig=AHEqNM4wRQIgU2u8RMEGHQqBzc1MUrQ7-6rmSSF0cK4r2WQl9uE4bFACIQDIbA9KQiWu4juli89XNWVJupwNIxEOgEbgmsSL_uGJ-w%3D%3D&lsparams=cps%2Cmet%2Cmh%2Cmm%2Cmn%2Cms%2Cmv%2Cmvi%2Cpcm2cms%2Cpl%2Crms%2Cinitcwndbps&lsig=APaTxxMwRQIhANUZTscEJ2AWUOvfBEk3bTSp52ct5vRGbAT8-bNJTep0AiBzpgoEVvEepk1rwBCQ-R_TDkrBeyLoyVkAD3thFSGD7Q%3D%3D -c copy GctinY6K4pU.mp4
2026-04-15 20:12:20,307 [INFO] ffmpeg finished for GctinY6K4pU with code 0
2026-04-15 20:12:20,307 [INFO] [ffprobe:GctinY6K4pU.mp4] Attempt 1/5
2026-04-15 20:12:20,307 [INFO] RUN ffprobe:GctinY6K4pU.mp4: ffprobe -v error -show_entries format=duration -of default=noprint_wrappers=1:nokey=1 GctinY6K4pU.mp4
2026-04-15 20:12:20,358 [INFO] Validation OK for GctinY6K4pU.mp4 (size=70132613, duration=2262.78)
2026-04-15 20:12:20,358 [INFO] Moving GctinY6K4pU.mp4 -> CrowPointExists\how fast can I escape this pokemon room.mp4
2026-04-15 20:12:20,358 [INFO] Download complete for GctinY6K4pU
2026-04-15 20:12:20,362 [INFO] === EXIT ===
2026-04-16 20:16:12,091 [INFO] === START ===
2026-04-16 20:16:14,220 [INFO] yt-dlp.exe verified OK (size=18408128 bytes)
2026-04-16 20:16:14,221 [INFO] Found leftover file C:\YT\X3M-_xdfCaA.mp4 (id=X3M-_xdfCaA), validating...
2026-04-16 20:16:14,221 [INFO] [ffprobe:X3M-_xdfCaA.mp4] Attempt 1/5
2026-04-16 20:16:14,222 [INFO] RUN ffprobe:X3M-_xdfCaA.mp4: ffprobe -v error -show_entries format=duration -of default=noprint_wrappers=1:nokey=1 C:\YT\X3M-_xdfCaA.mp4
2026-04-16 20:16:14,365 [INFO] Validation OK for C:\YT\X3M-_xdfCaA.mp4 (size=2795282, duration=95.27)
2026-04-16 20:16:14,365 [INFO] Leftover file C:\YT\X3M-_xdfCaA.mp4 seems valid but unknown; leaving in place.
2026-04-16 20:16:14,365 [INFO] [playlist:https://www.youtube.com/@SMii7Yplus] Attempt 1/5
2026-04-16 20:16:14,365 [INFO] RUN playlist:https://www.youtube.com/@SMii7Yplus: C:\Tools\yt-dlp\yt-dlp.exe --dump-json --flat-playlist --extractor-args youtube:skip=dash https://www.youtube.com/@SMii7Yplus/videos
2026-04-16 20:16:32,317 [INFO] Channel https://www.youtube.com/@SMii7Yplus -> 2 videos
2026-04-16 20:16:32,317 [INFO] [playlist:https://www.youtube.com/@SMii7Y] Attempt 1/5
2026-04-16 20:16:32,317 [INFO] RUN playlist:https://www.youtube.com/@SMii7Y: C:\Tools\yt-dlp\yt-dlp.exe --dump-json --flat-playlist --extractor-args youtube:skip=dash https://www.youtube.com/@SMii7Y/videos
2026-04-16 20:17:15,272 [INFO] Channel https://www.youtube.com/@SMii7Y -> 2 videos
2026-04-16 20:17:15,272 [INFO] [playlist:https://www.youtube.com/@dougdougdoug] Attempt 1/5
2026-04-16 20:17:15,272 [INFO] RUN playlist:https://www.youtube.com/@dougdougdoug: C:\Tools\yt-dlp\yt-dlp.exe --dump-json --flat-playlist --extractor-args youtube:skip=dash https://www.youtube.com/@dougdougdoug/videos
2026-04-16 20:17:21,915 [INFO] Channel https://www.youtube.com/@dougdougdoug -> 2 videos
2026-04-16 20:17:21,915 [INFO] [playlist:https://www.youtube.com/@failboat] Attempt 1/5
2026-04-16 20:17:21,915 [INFO] RUN playlist:https://www.youtube.com/@failboat: C:\Tools\yt-dlp\yt-dlp.exe --dump-json --flat-playlist --extractor-args youtube:skip=dash https://www.youtube.com/@failboat/videos
2026-04-16 20:18:03,018 [INFO] Channel https://www.youtube.com/@failboat -> 2 videos
2026-04-16 20:18:03,018 [INFO] [playlist:https://www.youtube.com/@LetsGameItOut] Attempt 1/5
2026-04-16 20:18:03,022 [INFO] RUN playlist:https://www.youtube.com/@LetsGameItOut: C:\Tools\yt-dlp\yt-dlp.exe --dump-json --flat-playlist --extractor-args youtube:skip=dash https://www.youtube.com/@LetsGameItOut/videos
2026-04-16 20:18:27,035 [INFO] Channel https://www.youtube.com/@LetsGameItOut -> 2 videos
2026-04-16 20:18:27,035 [INFO] [playlist:https://www.youtube.com/@dandingles] Attempt 1/5
2026-04-16 20:18:27,035 [INFO] RUN playlist:https://www.youtube.com/@dandingles: C:\Tools\yt-dlp\yt-dlp.exe --dump-json --flat-playlist --extractor-args youtube:skip=dash https://www.youtube.com/@dandingles/videos
2026-04-16 20:18:32,775 [INFO] Channel https://www.youtube.com/@dandingles -> 2 videos
2026-04-16 20:18:32,775 [INFO] [playlist:https://www.youtube.com/@markiplier] Attempt 1/5
2026-04-16 20:18:32,775 [INFO] RUN playlist:https://www.youtube.com/@markiplier: C:\Tools\yt-dlp\yt-dlp.exe --dump-json --flat-playlist --extractor-args youtube:skip=dash https://www.youtube.com/@markiplier/videos
2026-04-16 20:21:14,743 [INFO] Channel https://www.youtube.com/@markiplier -> 2 videos
2026-04-16 20:21:14,743 [INFO] [playlist:https://www.youtube.com/@Fir] Attempt 1/5
2026-04-16 20:21:14,743 [INFO] RUN playlist:https://www.youtube.com/@Fir: C:\Tools\yt-dlp\yt-dlp.exe --dump-json --flat-playlist --extractor-args youtube:skip=dash https://www.youtube.com/@Fir/videos
2026-04-16 20:21:23,978 [INFO] Channel https://www.youtube.com/@Fir -> 2 videos
2026-04-16 20:21:23,978 [INFO] [playlist:https://www.youtube.com/@PointCrow] Attempt 1/5
2026-04-16 20:21:23,982 [INFO] RUN playlist:https://www.youtube.com/@PointCrow: C:\Tools\yt-dlp\yt-dlp.exe --dump-json --flat-playlist --extractor-args youtube:skip=dash https://www.youtube.com/@PointCrow/videos
2026-04-16 20:21:34,320 [INFO] Channel https://www.youtube.com/@PointCrow -> 2 videos
2026-04-16 20:21:34,320 [INFO] [playlist:https://www.youtube.com/@DougDougHaters] Attempt 1/5
2026-04-16 20:21:34,320 [INFO] RUN playlist:https://www.youtube.com/@DougDougHaters: C:\Tools\yt-dlp\yt-dlp.exe --dump-json --flat-playlist --extractor-args youtube:skip=dash https://www.youtube.com/@DougDougHaters/videos
2026-04-16 20:21:42,064 [INFO] Channel https://www.youtube.com/@DougDougHaters -> 2 videos
2026-04-16 20:21:42,064 [INFO] [playlist:https://www.youtube.com/@ElectroBOOM] Attempt 1/5
2026-04-16 20:21:42,064 [INFO] RUN playlist:https://www.youtube.com/@ElectroBOOM: C:\Tools\yt-dlp\yt-dlp.exe --dump-json --flat-playlist --extractor-args youtube:skip=dash https://www.youtube.com/@ElectroBOOM/videos
2026-04-16 20:21:52,975 [INFO] Channel https://www.youtube.com/@ElectroBOOM -> 2 videos
2026-04-16 20:21:52,975 [INFO] [playlist:https://www.youtube.com/@CrowPointExists] Attempt 1/5
2026-04-16 20:21:52,975 [INFO] RUN playlist:https://www.youtube.com/@CrowPointExists: C:\Tools\yt-dlp\yt-dlp.exe --dump-json --flat-playlist --extractor-args youtube:skip=dash https://www.youtube.com/@CrowPointExists/videos
2026-04-16 20:22:11,971 [INFO] Channel https://www.youtube.com/@CrowPointExists -> 2 videos
2026-04-16 20:22:11,971 [INFO] Queue size: 24
2026-04-16 20:22:11,971 [INFO] Skipping already downloaded video skZAGLJvO30 (How Dark Can This Water REALLY Be?)
2026-04-16 20:22:11,971 [INFO] Skipping already downloaded video 3Aspc9fmifU (DEEP DIH DUNGEON)
2026-04-16 20:22:11,971 [INFO] Skipping already downloaded video 6-k4q2knT5g (This Gotta Be Game Of The Year)
2026-04-16 20:22:11,974 [INFO] Skipping already downloaded video ecmpw9DpWio (We Found Another TAG Game)
2026-04-16 20:22:11,974 [INFO] Skipping already downloaded video ItQHQIJvF98 (What happens if you tell ChatGPT to make Fortnite 2?)
2026-04-16 20:22:11,974 [INFO] Skipping already downloaded video RhmRDXRdYFM (I've made 10 years of YouTube videos. Let's rank them.)
2026-04-16 20:22:11,974 [INFO] Skipping already downloaded video dScpydu_HRE (I programmed a turtle)
2026-04-16 20:22:11,976 [INFO] Skipping already downloaded video ULm2jpMDJ8E (Letting my vengeful Editors control the Video)
2026-04-16 20:22:11,976 [INFO] Skipping already downloaded video Uj5RnygvoKk (I Brainwashed an Entire Village to Win the Game For Me - Soulmask 1.0 - Shifting Sands DLC)
2026-04-16 20:22:11,976 [INFO] Skipping already downloaded video 802J6OnLBgc (I Beat This Entire Factory Game With Basically No Factory - StarRupture)
2026-04-16 20:22:11,976 [INFO] Skipping already downloaded video fGLL4cbVqCs (Who the heck is Dan Dingle? (250k Q&A))
2026-04-16 20:22:11,976 [INFO] Skipping already downloaded video zitMh_7SfMY (Laughing At Sora 2 One Last Time...)
2026-04-16 20:22:11,976 [INFO] Processing video lZXiTzkqiJE (I Review Snacks from Thailand (among other thing)) from channel markiplier
2026-04-16 20:22:11,976 [INFO] Starting download for lZXiTzkqiJE (I Review Snacks from Thailand (among other thing))
2026-04-16 20:22:11,976 [INFO] Download attempt 1/5 for lZXiTzkqiJE
2026-04-16 20:22:11,976 [INFO] [urls:lZXiTzkqiJE:134+140] Attempt 1/5
2026-04-16 20:22:11,976 [INFO] RUN urls:lZXiTzkqiJE:134+140: C:\Tools\yt-dlp\yt-dlp.exe -g -f 134+140 https://www.youtube.com/watch?v=lZXiTzkqiJE
2026-04-16 20:22:17,748 [INFO] Got URLs for lZXiTzkqiJE with format 134+140
2026-04-16 20:22:17,752 [INFO] Starting ffmpeg for lZXiTzkqiJE: ffmpeg -y -loglevel error -progress pipe:2 -i https://rr5---sn-uxanug5-2xgd.googlevideo.com/videoplayback?expire=1776363737&ei=edTgaa7BOKOlg8UPpbrTgQ0&ip=1.159.145.215&id=o-AMZIwGYGXmzs1Tw2kjVxlWcsKdOH240cBQW_mbbIDRUU&itag=134&source=youtube&requiressl=yes&xpc=EgVo2aDSNQ%3D%3D&cps=830&met=1776342137%2C&mh=hy&mm=31%2C29&mn=sn-uxanug5-2xgd%2Csn-ntq7yner&ms=au%2Crdu&mv=m&mvi=5&pl=17&rms=au%2Cau&initcwndbps=1842500&bui=AUUZDGKL4zggmqzDXb6ZdcLfq29v12ktafqW9p7wlHAskEa9SC6W8Hdqfm4CmYrZFN2y6ei68FHY7Kkn&spc=jlWavaB0huHb2-NrfXsN0d-SIDCmW6fAG3_3U7Cup6xt&vprv=1&svpuc=1&mime=video%2Fmp4&rqh=1&gir=yes&clen=89063465&dur=2043.733&lmt=1776267929182925&mt=1776341599&fvip=3&keepalive=yes&fexp=51565116%2C51565681&c=ANDROID_VR&txp=3309224&sparams=expire%2Cei%2Cip%2Cid%2Citag%2Csource%2Crequiressl%2Cxpc%2Cbui%2Cspc%2Cvprv%2Csvpuc%2Cmime%2Crqh%2Cgir%2Cclen%2Cdur%2Clmt&sig=AHEqNM4wRgIhALKvTVh11RQ4mFP_MxfRy9m-f-r3NCSxMOtVmLObgpssAiEA6jSHt5PfvGiAlkTl__JOf0f0MMuI5skW99hf5a6c5CA%3D&lsparams=cps%2Cmet%2Cmh%2Cmm%2Cmn%2Cms%2Cmv%2Cmvi%2Cpl%2Crms%2Cinitcwndbps&lsig=APaTxxMwRQIhAKwT5DYZtFnaNYZmVqpPxnrcfHjTlNzTL1CxU0gu_-LYAiBaBHEwpgT3faFNTq1KsUPHQm-F96c_u-DQSoFLSIwrYA%3D%3D -i https://rr5---sn-uxanug5-2xgd.googlevideo.com/videoplayback?expire=1776363737&ei=edTgaa7BOKOlg8UPpbrTgQ0&ip=1.159.145.215&id=o-AMZIwGYGXmzs1Tw2kjVxlWcsKdOH240cBQW_mbbIDRUU&itag=140&source=youtube&requiressl=yes&xpc=EgVo2aDSNQ%3D%3D&cps=830&met=1776342137%2C&mh=hy&mm=31%2C29&mn=sn-uxanug5-2xgd%2Csn-ntq7yner&ms=au%2Crdu&mv=m&mvi=5&pl=17&rms=au%2Cau&initcwndbps=1842500&bui=AUUZDGKL4zggmqzDXb6ZdcLfq29v12ktafqW9p7wlHAskEa9SC6W8Hdqfm4CmYrZFN2y6ei68FHY7Kkn&spc=jlWavaB0huHb2-NrfXsN0d-SIDCmW6fAG3_3U7Cup6xt&vprv=1&svpuc=1&mime=audio%2Fmp4&rqh=1&gir=yes&clen=33076614&dur=2043.750&lmt=1776267860549641&mt=1776341599&fvip=3&keepalive=yes&fexp=51565116%2C51565681&c=ANDROID_VR&txp=3308224&sparams=expire%2Cei%2Cip%2Cid%2Citag%2Csource%2Crequiressl%2Cxpc%2Cbui%2Cspc%2Cvprv%2Csvpuc%2Cmime%2Crqh%2Cgir%2Cclen%2Cdur%2Clmt&sig=AHEqNM4wRQIgMehSh712GknnY0VCxBCWj7RaSJ1wJgi4QijGNEgv8cMCIQCwngyDHsdcjkxY8J0S4c56sd-TYmV2ciGI-8RAC1HtRw%3D%3D&lsparams=cps%2Cmet%2Cmh%2Cmm%2Cmn%2Cms%2Cmv%2Cmvi%2Cpl%2Crms%2Cinitcwndbps&lsig=APaTxxMwRQIhAKwT5DYZtFnaNYZmVqpPxnrcfHjTlNzTL1CxU0gu_-LYAiBaBHEwpgT3faFNTq1KsUPHQm-F96c_u-DQSoFLSIwrYA%3D%3D -c copy lZXiTzkqiJE.mp4
2026-04-16 20:51:54,209 [INFO] ffmpeg finished for lZXiTzkqiJE with code 0
2026-04-16 20:51:54,210 [INFO] [ffprobe:lZXiTzkqiJE.mp4] Attempt 1/5
2026-04-16 20:51:54,210 [INFO] RUN ffprobe:lZXiTzkqiJE.mp4: ffprobe -v error -show_entries format=duration -of default=noprint_wrappers=1:nokey=1 lZXiTzkqiJE.mp4
2026-04-16 20:51:54,262 [INFO] Validation OK for lZXiTzkqiJE.mp4 (size=122056868, duration=2043.73)
2026-04-16 20:51:54,263 [INFO] Moving lZXiTzkqiJE.mp4 -> markiplier\I Review Snacks from Thailand (among other thing).mp4
2026-04-16 20:51:54,265 [INFO] Download complete for lZXiTzkqiJE
2026-04-16 20:51:54,267 [INFO] Skipping already downloaded video O8pg--1FuaI (PAWN SHOP)
2026-04-16 20:51:54,267 [INFO] Skipping already downloaded video eEtIMzhJeYo (They Added Over 60 Types to Pokemon)
2026-04-16 20:51:54,268 [INFO] Skipping already downloaded video 7EGCiTlQG1g (Mario Odyssey but the world is "Tile-Locked")
2026-04-16 20:51:54,268 [INFO] Skipping already downloaded video uydvCGStqEo (Can My Viewers Count to 10 Before I Beat Zelda?)
2026-04-16 20:51:54,268 [INFO] Skipping already downloaded video GjeuMXoa-7Y (Pokemon, but it has more rules than other YouTubers)
2026-04-16 20:51:54,269 [INFO] Skipping already downloaded video B8kZf8jPN_o (Doug is FINALLY Removed from The Bible)
2026-04-16 20:51:54,269 [INFO] Skipping already downloaded video DX6P_qaNIM8 (DougDoug's FAVORITE Platformer)
2026-04-16 20:51:54,269 [INFO] Skipping already downloaded video EBgxa8OzjB8 (Components Giving Birth?! (LATITY-018))
2026-04-16 20:51:54,269 [INFO] Skipping already downloaded video F-CFdCp0xaw (DON'T Screw into MY FLOOR!)
2026-04-16 20:51:54,270 [INFO] Skipping already downloaded video CbgiI1_C7xg (pointcrow creates a country again)
2026-04-16 20:51:54,270 [INFO] Skipping already downloaded video GctinY6K4pU (how fast can I escape this pokemon room)
2026-04-16 20:51:54,270 [INFO] === EXIT ===
2026-04-17 16:01:08,453 [INFO] === START ===
2026-04-17 16:01:10,181 [INFO] yt-dlp.exe verified OK (size=18408128 bytes)
2026-04-17 16:01:10,182 [INFO] Found leftover file C:\YT\X3M-_xdfCaA.mp4 (id=X3M-_xdfCaA), validating...
2026-04-17 16:01:10,182 [INFO] [ffprobe:X3M-_xdfCaA.mp4] Attempt 1/5
2026-04-17 16:01:10,182 [INFO] RUN ffprobe:X3M-_xdfCaA.mp4: ffprobe -v error -show_entries format=duration -of default=noprint_wrappers=1:nokey=1 C:\YT\X3M-_xdfCaA.mp4
2026-04-17 16:01:10,236 [INFO] Validation OK for C:\YT\X3M-_xdfCaA.mp4 (size=2795282, duration=95.27)
2026-04-17 16:01:10,236 [INFO] Leftover file C:\YT\X3M-_xdfCaA.mp4 seems valid but unknown; leaving in place.
2026-04-17 16:01:10,236 [INFO] [playlist:https://www.youtube.com/@SMii7Yplus] Attempt 1/5
2026-04-17 16:01:10,236 [INFO] RUN playlist:https://www.youtube.com/@SMii7Yplus: C:\Tools\yt-dlp\yt-dlp.exe --dump-json --flat-playlist --extractor-args youtube:skip=dash https://www.youtube.com/@SMii7Yplus/videos
2026-04-17 16:01:19,724 [INFO] Channel https://www.youtube.com/@SMii7Yplus -> 2 videos
2026-04-17 16:01:19,724 [INFO] [playlist:https://www.youtube.com/@SMii7Y] Attempt 1/5
2026-04-17 16:01:19,724 [INFO] RUN playlist:https://www.youtube.com/@SMii7Y: C:\Tools\yt-dlp\yt-dlp.exe --dump-json --flat-playlist --extractor-args youtube:skip=dash https://www.youtube.com/@SMii7Y/videos
2026-04-17 16:01:46,387 [INFO] Channel https://www.youtube.com/@SMii7Y -> 2 videos
2026-04-17 16:01:46,387 [INFO] [playlist:https://www.youtube.com/@dougdougdoug] Attempt 1/5
2026-04-17 16:01:46,387 [INFO] RUN playlist:https://www.youtube.com/@dougdougdoug: C:\Tools\yt-dlp\yt-dlp.exe --dump-json --flat-playlist --extractor-args youtube:skip=dash https://www.youtube.com/@dougdougdoug/videos
2026-04-17 16:01:50,557 [INFO] Channel https://www.youtube.com/@dougdougdoug -> 2 videos
2026-04-17 16:01:50,557 [INFO] [playlist:https://www.youtube.com/@failboat] Attempt 1/5
2026-04-17 16:01:50,557 [INFO] RUN playlist:https://www.youtube.com/@failboat: C:\Tools\yt-dlp\yt-dlp.exe --dump-json --flat-playlist --extractor-args youtube:skip=dash https://www.youtube.com/@failboat/videos
2026-04-17 16:02:20,085 [INFO] Channel https://www.youtube.com/@failboat -> 2 videos
2026-04-17 16:02:20,085 [INFO] [playlist:https://www.youtube.com/@LetsGameItOut] Attempt 1/5
2026-04-17 16:02:20,085 [INFO] RUN playlist:https://www.youtube.com/@LetsGameItOut: C:\Tools\yt-dlp\yt-dlp.exe --dump-json --flat-playlist --extractor-args youtube:skip=dash https://www.youtube.com/@LetsGameItOut/videos
2026-04-17 16:02:34,577 [INFO] Channel https://www.youtube.com/@LetsGameItOut -> 2 videos
2026-04-17 16:02:34,577 [INFO] [playlist:https://www.youtube.com/@dandingles] Attempt 1/5
2026-04-17 16:02:34,577 [INFO] RUN playlist:https://www.youtube.com/@dandingles: C:\Tools\yt-dlp\yt-dlp.exe --dump-json --flat-playlist --extractor-args youtube:skip=dash https://www.youtube.com/@dandingles/videos
2026-04-17 16:02:38,226 [INFO] Channel https://www.youtube.com/@dandingles -> 2 videos
2026-04-17 16:02:38,226 [INFO] [playlist:https://www.youtube.com/@markiplier] Attempt 1/5
2026-04-17 16:02:38,226 [INFO] RUN playlist:https://www.youtube.com/@markiplier: C:\Tools\yt-dlp\yt-dlp.exe --dump-json --flat-playlist --extractor-args youtube:skip=dash https://www.youtube.com/@markiplier/videos
2026-04-17 16:04:13,360 [INFO] Channel https://www.youtube.com/@markiplier -> 2 videos
2026-04-17 16:04:13,360 [INFO] [playlist:https://www.youtube.com/@Fir] Attempt 1/5
2026-04-17 16:04:13,360 [INFO] RUN playlist:https://www.youtube.com/@Fir: C:\Tools\yt-dlp\yt-dlp.exe --dump-json --flat-playlist --extractor-args youtube:skip=dash https://www.youtube.com/@Fir/videos
2026-04-17 16:04:18,802 [INFO] Channel https://www.youtube.com/@Fir -> 2 videos
2026-04-17 16:04:18,802 [INFO] [playlist:https://www.youtube.com/@PointCrow] Attempt 1/5
2026-04-17 16:04:18,802 [INFO] RUN playlist:https://www.youtube.com/@PointCrow: C:\Tools\yt-dlp\yt-dlp.exe --dump-json --flat-playlist --extractor-args youtube:skip=dash https://www.youtube.com/@PointCrow/videos
2026-04-17 16:04:24,930 [INFO] Channel https://www.youtube.com/@PointCrow -> 2 videos
2026-04-17 16:04:24,930 [INFO] [playlist:https://www.youtube.com/@DougDougHaters] Attempt 1/5
2026-04-17 16:04:24,930 [INFO] RUN playlist:https://www.youtube.com/@DougDougHaters: C:\Tools\yt-dlp\yt-dlp.exe --dump-json --flat-playlist --extractor-args youtube:skip=dash https://www.youtube.com/@DougDougHaters/videos
2026-04-17 16:04:29,836 [INFO] Channel https://www.youtube.com/@DougDougHaters -> 2 videos
2026-04-17 16:04:29,836 [INFO] [playlist:https://www.youtube.com/@ElectroBOOM] Attempt 1/5
2026-04-17 16:04:29,836 [INFO] RUN playlist:https://www.youtube.com/@ElectroBOOM: C:\Tools\yt-dlp\yt-dlp.exe --dump-json --flat-playlist --extractor-args youtube:skip=dash https://www.youtube.com/@ElectroBOOM/videos
2026-04-17 16:04:36,256 [INFO] Channel https://www.youtube.com/@ElectroBOOM -> 2 videos
2026-04-17 16:04:36,256 [INFO] [playlist:https://www.youtube.com/@CrowPointExists] Attempt 1/5
2026-04-17 16:04:36,256 [INFO] RUN playlist:https://www.youtube.com/@CrowPointExists: C:\Tools\yt-dlp\yt-dlp.exe --dump-json --flat-playlist --extractor-args youtube:skip=dash https://www.youtube.com/@CrowPointExists/videos
2026-04-17 16:04:49,015 [INFO] Channel https://www.youtube.com/@CrowPointExists -> 2 videos
2026-04-17 16:04:49,015 [INFO] Queue size: 24
2026-04-17 16:04:49,015 [INFO] Processing video 5ldwR30iAHc (Knights End is Eerily Funny) from channel SMii7Yplus
2026-04-17 16:04:49,019 [INFO] Starting download for 5ldwR30iAHc (Knights End is Eerily Funny)
2026-04-17 16:04:49,019 [INFO] Download attempt 1/5 for 5ldwR30iAHc
2026-04-17 16:04:49,019 [INFO] [urls:5ldwR30iAHc:134+140] Attempt 1/5
2026-04-17 16:04:49,019 [INFO] RUN urls:5ldwR30iAHc:134+140: C:\Tools\yt-dlp\yt-dlp.exe -g -f 134+140 https://www.youtube.com/watch?v=5ldwR30iAHc
2026-04-17 16:04:52,631 [INFO] Got URLs for 5ldwR30iAHc with format 134+140
2026-04-17 16:04:52,631 [INFO] Starting ffmpeg for 5ldwR30iAHc: ffmpeg -y -loglevel error -progress pipe:2 -i https://rr5---sn-uxanug5-2xgd.googlevideo.com/videoplayback?expire=1776434691&ei=o-nhac7QCJWessUPz5PqgAY&ip=1.159.145.215&id=o-APsWJMLH7-ia_6CFdNuzkzQRPyoMEH0sy1lkG5WWIt1c&itag=134&source=youtube&requiressl=yes&xpc=EgVo2aDSNQ%3D%3D&cps=845&met=1776413091%2C&mh=QS&mm=31%2C29&mn=sn-uxanug5-2xgd%2Csn-ajhxac-5c&ms=au%2Crdu&mv=m&mvi=5&pl=17&rms=au%2Cau&initcwndbps=1992500&bui=AUUZDGIfWmbVJen6pgFhH7LnoX6zSKKnSpgEJVWoFcnMwdNXAtfwkppuFtF_NxI89uLmqQWHnJWa3jFw&spc=jlWavcIHUDU6D0i4r81d0BnaljMJXAv6nqHk_JkXWtDR&vprv=1&svpuc=1&mime=video%2Fmp4&rqh=1&gir=yes&clen=81883339&dur=1915.233&lmt=1776316560393810&mt=1776412649&fvip=2&keepalive=yes&fexp=51565115%2C51565682&c=ANDROID_VR&txp=3309224&sparams=expire%2Cei%2Cip%2Cid%2Citag%2Csource%2Crequiressl%2Cxpc%2Cbui%2Cspc%2Cvprv%2Csvpuc%2Cmime%2Crqh%2Cgir%2Cclen%2Cdur%2Clmt&sig=AHEqNM4wRQIgSpBwWybwfctQVhehX6VIh1AC1xlvK9psxqDLz8ntoYQCIQDenPaLE1TJ87tko4awwOUrBm34XRigWlSXfMk5jldXkA%3D%3D&lsparams=cps%2Cmet%2Cmh%2Cmm%2Cmn%2Cms%2Cmv%2Cmvi%2Cpl%2Crms%2Cinitcwndbps&lsig=APaTxxMwRQIhAKyus2tIpbzSc8cpLHalz-or7UPvNiy6abXRJ4uahQtXAiB8LHTuGNKWH4selRvljlH1sE64PbSx0rbnUBO6WXqAqg%3D%3D -i https://rr5---sn-uxanug5-2xgd.googlevideo.com/videoplayback?expire=1776434691&ei=o-nhac7QCJWessUPz5PqgAY&ip=1.159.145.215&id=o-APsWJMLH7-ia_6CFdNuzkzQRPyoMEH0sy1lkG5WWIt1c&itag=140&source=youtube&requiressl=yes&xpc=EgVo2aDSNQ%3D%3D&cps=845&met=1776413091%2C&mh=QS&mm=31%2C29&mn=sn-uxanug5-2xgd%2Csn-ajhxac-5c&ms=au%2Crdu&mv=m&mvi=5&pl=17&rms=au%2Cau&initcwndbps=1992500&bui=AUUZDGIfWmbVJen6pgFhH7LnoX6zSKKnSpgEJVWoFcnMwdNXAtfwkppuFtF_NxI89uLmqQWHnJWa3jFw&spc=jlWavcIHUDU6D0i4r81d0BnaljMJXAv6nqHk_JkXWtDR&vprv=1&svpuc=1&mime=audio%2Fmp4&rqh=1&gir=yes&clen=30997836&dur=1915.297&lmt=1776316587018678&mt=1776412649&fvip=2&keepalive=yes&fexp=51565115%2C51565682&c=ANDROID_VR&txp=3308224&sparams=expire%2Cei%2Cip%2Cid%2Citag%2Csource%2Crequiressl%2Cxpc%2Cbui%2Cspc%2Cvprv%2Csvpuc%2Cmime%2Crqh%2Cgir%2Cclen%2Cdur%2Clmt&sig=AHEqNM4wRQIhAMOD86yRrL-2ACgr-dhZol1FZoPIGV6qyIfb9QgM3sGXAiAfupbT7NQHRJ_uEaS_qC2PlLgSYfv9RmZ5OJWsGEDI3Q%3D%3D&lsparams=cps%2Cmet%2Cmh%2Cmm%2Cmn%2Cms%2Cmv%2Cmvi%2Cpl%2Crms%2Cinitcwndbps&lsig=APaTxxMwRQIhAKyus2tIpbzSc8cpLHalz-or7UPvNiy6abXRJ4uahQtXAiB8LHTuGNKWH4selRvljlH1sE64PbSx0rbnUBO6WXqAqg%3D%3D -c copy 5ldwR30iAHc.mp4
2026-04-17 16:22:24,202 [INFO] ffmpeg finished for 5ldwR30iAHc with code 0
2026-04-17 16:22:24,203 [INFO] [ffprobe:5ldwR30iAHc.mp4] Attempt 1/5
2026-04-17 16:22:24,203 [INFO] RUN ffprobe:5ldwR30iAHc.mp4: ffprobe -v error -show_entries format=duration -of default=noprint_wrappers=1:nokey=1 5ldwR30iAHc.mp4
2026-04-17 16:22:24,251 [INFO] Validation OK for 5ldwR30iAHc.mp4 (size=113583354, duration=1915.30)
2026-04-17 16:22:24,253 [INFO] Moving 5ldwR30iAHc.mp4 -> SMii7Yplus\Knights End is Eerily Funny.mp4
2026-04-17 16:22:24,253 [INFO] Download complete for 5ldwR30iAHc
2026-04-17 16:22:24,257 [INFO] Skipping already downloaded video skZAGLJvO30 (How Dark Can This Water REALLY Be?)
2026-04-17 16:22:24,257 [INFO] Skipping already downloaded video 6-k4q2knT5g (Friendslop Games Have Peaked...)
2026-04-17 16:22:24,257 [INFO] Skipping already downloaded video ecmpw9DpWio (We Found Another TAG Game)
2026-04-17 16:22:24,257 [INFO] Skipping already downloaded video ItQHQIJvF98 (What happens if you tell ChatGPT to make Fortnite 2?)
2026-04-17 16:22:24,257 [INFO] Skipping already downloaded video RhmRDXRdYFM (I've made 10 years of YouTube videos. Let's rank them.)
2026-04-17 16:22:24,257 [INFO] Skipping already downloaded video dScpydu_HRE (I programmed a turtle)
2026-04-17 16:22:24,257 [INFO] Skipping already downloaded video ULm2jpMDJ8E (Letting my vengeful Editors control the Video)
2026-04-17 16:22:24,257 [INFO] Skipping already downloaded video Uj5RnygvoKk (I Brainwashed an Entire Village to Win the Game For Me - Soulmask 1.0 - Shifting Sands DLC)
2026-04-17 16:22:24,257 [INFO] Skipping already downloaded video 802J6OnLBgc (I Beat This Entire Factory Game With Basically No Factory - StarRupture)
2026-04-17 16:22:24,257 [INFO] Skipping already downloaded video fGLL4cbVqCs (Who the heck is Dan Dingle? (250k Q&A))
2026-04-17 16:22:24,261 [INFO] Skipping already downloaded video zitMh_7SfMY (Laughing At Sora 2 One Last Time...)
2026-04-17 16:22:24,261 [INFO] Processing video u4Ko14vkfx4 (3 PEENS IN A SPACE POD | Heavenly Bodies w/ Bob & Wade) from channel markiplier
2026-04-17 16:22:24,261 [INFO] Starting download for u4Ko14vkfx4 (3 PEENS IN A SPACE POD | Heavenly Bodies w/ Bob & Wade)
2026-04-17 16:22:24,261 [INFO] Download attempt 1/5 for u4Ko14vkfx4
2026-04-17 16:22:24,261 [INFO] [urls:u4Ko14vkfx4:134+140] Attempt 1/5
2026-04-17 16:22:24,261 [INFO] RUN urls:u4Ko14vkfx4:134+140: C:\Tools\yt-dlp\yt-dlp.exe -g -f 134+140 https://www.youtube.com/watch?v=u4Ko14vkfx4
2026-04-17 16:22:27,620 [INFO] Got URLs for u4Ko14vkfx4 with format 134+140
2026-04-17 16:22:27,620 [INFO] Starting ffmpeg for u4Ko14vkfx4: ffmpeg -y -loglevel error -progress pipe:2 -i https://rr1---sn-uxanug5-2xgd.googlevideo.com/videoplayback?expire=1776435746&ei=wu3habu7Cqyng8UP7dyOyA0&ip=1.159.145.215&id=o-AAFqoZgim60EUyiLmAnF1xZOgCAiIedjpu0Vq8-lg3eD&itag=134&source=youtube&requiressl=yes&xpc=EgVo2aDSNQ%3D%3D&cps=833&met=1776414146%2C&mh=GL&mm=31%2C29&mn=sn-uxanug5-2xgd%2Csn-ajhxac-5c&ms=au%2Crdu&mv=m&mvi=1&pcm2cms=yes&pl=17&rms=au%2Cau&initcwndbps=1942500&bui=AUUZDGL1eDUeW0GA8qLWJcb4aqBARxU9-J0TMWcQ0vjHJOUY00VHy0GmAQOuvGEZpDW_MOXb5uLd_Ail&spc=jlWavYZsyd8-pKqapWG1QvCoszxh4PJqLYV4-Hf6yxVS&vprv=1&svpuc=1&mime=video%2Fmp4&rqh=1&gir=yes&clen=130087718&dur=3019.833&lmt=1775841861475045&mt=1776413599&fvip=5&keepalive=yes&fexp=51565115%2C51565682&c=ANDROID_VR&txp=3309224&sparams=expire%2Cei%2Cip%2Cid%2Citag%2Csource%2Crequiressl%2Cxpc%2Cbui%2Cspc%2Cvprv%2Csvpuc%2Cmime%2Crqh%2Cgir%2Cclen%2Cdur%2Clmt&sig=AHEqNM4wRQIhAKSn69dD6PcCSbqOGWa2nP7pdBQkyZdlCkZH8paUsJvhAiA-gEi1t01AccGryeab2Ymy8x4tB2wFtlIJSAjhixpTVw%3D%3D&lsparams=cps%2Cmet%2Cmh%2Cmm%2Cmn%2Cms%2Cmv%2Cmvi%2Cpcm2cms%2Cpl%2Crms%2Cinitcwndbps&lsig=APaTxxMwRQIhALfXi0XsN_--SrBlLP9NIn0hepGtYyCME7oCyz2rsSzPAiAvcNrE2avABErnDsCQzvAynJv5p84PGoTFCAboOYyYww%3D%3D -i https://rr1---sn-uxanug5-2xgd.googlevideo.com/videoplayback?expire=1776435746&ei=wu3habu7Cqyng8UP7dyOyA0&ip=1.159.145.215&id=o-AAFqoZgim60EUyiLmAnF1xZOgCAiIedjpu0Vq8-lg3eD&itag=140&source=youtube&requiressl=yes&xpc=EgVo2aDSNQ%3D%3D&cps=833&met=1776414146%2C&mh=GL&mm=31%2C29&mn=sn-uxanug5-2xgd%2Csn-ajhxac-5c&ms=au%2Crdu&mv=m&mvi=1&pcm2cms=yes&pl=17&rms=au%2Cau&initcwndbps=1942500&bui=AUUZDGL1eDUeW0GA8qLWJcb4aqBARxU9-J0TMWcQ0vjHJOUY00VHy0GmAQOuvGEZpDW_MOXb5uLd_Ail&spc=jlWavYZsyd8-pKqapWG1QvCoszxh4PJqLYV4-Hf6yxVS&vprv=1&svpuc=1&mime=audio%2Fmp4&rqh=1&gir=yes&clen=48874062&dur=3019.871&lmt=1775841852654270&mt=1776413599&fvip=5&keepalive=yes&fexp=51565115%2C51565682&c=ANDROID_VR&txp=3308224&sparams=expire%2Cei%2Cip%2Cid%2Citag%2Csource%2Crequiressl%2Cxpc%2Cbui%2Cspc%2Cvprv%2Csvpuc%2Cmime%2Crqh%2Cgir%2Cclen%2Cdur%2Clmt&sig=AHEqNM4wRQIhAP7sOTs7Vfe_y8DS2j2To7z802TpxyGPRbn8FoTt0QOaAiBRSsFjzEblYMUMcYESWOcKxTIc3Ak6vumqOg35fy7dug%3D%3D&lsparams=cps%2Cmet%2Cmh%2Cmm%2Cmn%2Cms%2Cmv%2Cmvi%2Cpcm2cms%2Cpl%2Crms%2Cinitcwndbps&lsig=APaTxxMwRQIhALfXi0XsN_--SrBlLP9NIn0hepGtYyCME7oCyz2rsSzPAiAvcNrE2avABErnDsCQzvAynJv5p84PGoTFCAboOYyYww%3D%3D -c copy u4Ko14vkfx4.mp4
2026-04-17 16:49:11,960 [INFO] ffmpeg finished for u4Ko14vkfx4 with code 0
2026-04-17 16:49:11,960 [INFO] [ffprobe:u4Ko14vkfx4.mp4] Attempt 1/5
2026-04-17 16:49:11,960 [INFO] RUN ffprobe:u4Ko14vkfx4.mp4: ffprobe -v error -show_entries format=duration -of default=noprint_wrappers=1:nokey=1 u4Ko14vkfx4.mp4
2026-04-17 16:49:12,016 [INFO] Validation OK for u4Ko14vkfx4.mp4 (size=180105231, duration=3019.87)
2026-04-17 16:49:12,017 [INFO] Moving u4Ko14vkfx4.mp4 -> markiplier\3 PEENS IN A SPACE POD  Heavenly Bodies w Bob & Wade.mp4
2026-04-17 16:49:12,019 [INFO] Download complete for u4Ko14vkfx4
2026-04-17 16:49:12,020 [INFO] Skipping already downloaded video lZXiTzkqiJE (I Review Snacks from Thailand (among other thing))
2026-04-17 16:49:12,021 [INFO] Skipping already downloaded video eEtIMzhJeYo (They Added Over 60 Types to Pokemon)
2026-04-17 16:49:12,021 [INFO] Skipping already downloaded video 7EGCiTlQG1g (Mario Odyssey but the world is "Tile-Locked")
2026-04-17 16:49:12,021 [INFO] Skipping already downloaded video uydvCGStqEo (Can My Viewers Count to 10 Before I Beat Zelda?)
2026-04-17 16:49:12,022 [INFO] Skipping already downloaded video GjeuMXoa-7Y (Pokemon, but it has more rules than other YouTubers)
2026-04-17 16:49:12,022 [INFO] Skipping already downloaded video B8kZf8jPN_o (Doug is FINALLY Removed from The Bible)
2026-04-17 16:49:12,022 [INFO] Skipping already downloaded video DX6P_qaNIM8 (DougDoug's FAVORITE Platformer)
2026-04-17 16:49:12,023 [INFO] Processing video CwKt65WEdOA (Re-Moving! (ElectroVLOG-009)) from channel ElectroBOOM
2026-04-17 16:49:12,023 [INFO] Starting download for CwKt65WEdOA (Re-Moving! (ElectroVLOG-009))
2026-04-17 16:49:12,024 [INFO] Download attempt 1/5 for CwKt65WEdOA
2026-04-17 16:49:12,024 [INFO] [urls:CwKt65WEdOA:134+140] Attempt 1/5
2026-04-17 16:49:12,024 [INFO] RUN urls:CwKt65WEdOA:134+140: C:\Tools\yt-dlp\yt-dlp.exe -g -f 134+140 https://www.youtube.com/watch?v=CwKt65WEdOA
2026-04-17 16:49:15,936 [INFO] Got URLs for CwKt65WEdOA with format 134+140
2026-04-17 16:49:15,936 [INFO] Starting ffmpeg for CwKt65WEdOA: ffmpeg -y -loglevel error -progress pipe:2 -i https://rr5---sn-uxanug5-2xg6.googlevideo.com/videoplayback?expire=1776437354&ei=CvThab7FGpnf4-EPkr-88Q8&ip=1.159.145.215&id=o-AFiHTVfJbBWQSx27QY2WWxN1rhIHlYYiB7S6fHo2nvpS&itag=134&source=youtube&requiressl=yes&xpc=EgVo2aDSNQ%3D%3D&cps=466&met=1776415754%2C&mh=NU&mm=31%2C29&mn=sn-uxanug5-2xg6%2Csn-hxa76n7s&ms=au%2Crdu&mv=m&mvi=5&pl=17&rms=au%2Cau&initcwndbps=2032500&bui=AUUZDGJ9lT5sDq_XQ9vKiclXlWVM9NkNck6K1CEMs4B_FRg9a_dph9BSM6ZNx4Z1v342daHSZgaznlDL&spc=jlWavbDNJtskFQh0jnYIaXD4Sti_lVAY3c-kT_xslBr8&vprv=1&svpuc=1&mime=video%2Fmp4&rqh=1&gir=yes&clen=13705762&dur=221.166&lmt=1776322835535329&mt=1776415289&fvip=1&keepalive=yes&fexp=51565116%2C51565682&c=ANDROID_VR&txp=3309224&sparams=expire%2Cei%2Cip%2Cid%2Citag%2Csource%2Crequiressl%2Cxpc%2Cbui%2Cspc%2Cvprv%2Csvpuc%2Cmime%2Crqh%2Cgir%2Cclen%2Cdur%2Clmt&sig=AHEqNM4wRgIhAOBkbiiJ76zbAjxrgjAT61oZfHLOuop9hbxd6Sknzo-RAiEAkmbfKdjyGUdtpt2Ib8kzsPbJm-XrL9Cx_bPPUUlnakI%3D&lsparams=cps%2Cmet%2Cmh%2Cmm%2Cmn%2Cms%2Cmv%2Cmvi%2Cpl%2Crms%2Cinitcwndbps&lsig=APaTxxMwRQIhAJPm0OdPpL6cImAZj9cMNEltRAO7BqU1P9fCz3i-c6LmAiAR2udyOh2Ww7Q7ENKQzGFnC5LBWH308vLPbLAp9f9BuQ%3D%3D -i https://rr5---sn-uxanug5-2xg6.googlevideo.com/videoplayback?expire=1776437354&ei=CvThab7FGpnf4-EPkr-88Q8&ip=1.159.145.215&id=o-AFiHTVfJbBWQSx27QY2WWxN1rhIHlYYiB7S6fHo2nvpS&itag=140&source=youtube&requiressl=yes&xpc=EgVo2aDSNQ%3D%3D&cps=466&met=1776415754%2C&mh=NU&mm=31%2C29&mn=sn-uxanug5-2xg6%2Csn-hxa76n7s&ms=au%2Crdu&mv=m&mvi=5&pl=17&rms=au%2Cau&initcwndbps=2032500&bui=AUUZDGJ9lT5sDq_XQ9vKiclXlWVM9NkNck6K1CEMs4B_FRg9a_dph9BSM6ZNx4Z1v342daHSZgaznlDL&spc=jlWavbDNJtskFQh0jnYIaXD4Sti_lVAY3c-kT_xslBr8&vprv=1&svpuc=1&mime=audio%2Fmp4&rqh=1&gir=yes&clen=3581370&dur=221.239&lmt=1776322830764803&mt=1776415289&fvip=1&keepalive=yes&fexp=51565116%2C51565682&c=ANDROID_VR&txp=3308224&sparams=expire%2Cei%2Cip%2Cid%2Citag%2Csource%2Crequiressl%2Cxpc%2Cbui%2Cspc%2Cvprv%2Csvpuc%2Cmime%2Crqh%2Cgir%2Cclen%2Cdur%2Clmt&sig=AHEqNM4wRgIhAO0XydvAfJ6D8BMEbgxU90CrEveq2wt_o5Mzk4vFiVbhAiEAk_b079MI9AmNtU7T5b40hUlucEhcqnu8RC1VASHwcTE%3D&lsparams=cps%2Cmet%2Cmh%2Cmm%2Cmn%2Cms%2Cmv%2Cmvi%2Cpl%2Crms%2Cinitcwndbps&lsig=APaTxxMwRQIhAJPm0OdPpL6cImAZj9cMNEltRAO7BqU1P9fCz3i-c6LmAiAR2udyOh2Ww7Q7ENKQzGFnC5LBWH308vLPbLAp9f9BuQ%3D%3D -c copy CwKt65WEdOA.mp4
2026-04-17 16:51:06,947 [INFO] ffmpeg finished for CwKt65WEdOA with code 0
2026-04-17 16:51:06,947 [INFO] [ffprobe:CwKt65WEdOA.mp4] Attempt 1/5
2026-04-17 16:51:06,947 [INFO] RUN ffprobe:CwKt65WEdOA.mp4: ffprobe -v error -show_entries format=duration -of default=noprint_wrappers=1:nokey=1 CwKt65WEdOA.mp4
2026-04-17 16:51:06,987 [INFO] Validation OK for CwKt65WEdOA.mp4 (size=17384607, duration=221.24)
2026-04-17 16:51:06,987 [INFO] Moving CwKt65WEdOA.mp4 -> ElectroBOOM\Re-Moving! (ElectroVLOG-009).mp4
2026-04-17 16:51:06,989 [INFO] Download complete for CwKt65WEdOA
2026-04-17 16:51:06,991 [INFO] Skipping already downloaded video EBgxa8OzjB8 (Components Giving Birth?! (LATITY-018))
2026-04-17 16:51:06,992 [INFO] Skipping already downloaded video CbgiI1_C7xg (pointcrow creates a country again)
2026-04-17 16:51:06,992 [INFO] Skipping already downloaded video GctinY6K4pU (how fast can I escape this pokemon room)
2026-04-17 16:51:06,992 [INFO] === EXIT ===
2026-04-23 14:39:42,666 [INFO] === START ===
2026-04-23 14:39:44,584 [INFO] yt-dlp.exe verified OK (size=18408128 bytes)
2026-04-23 14:39:44,585 [INFO] Found leftover file C:\YT\X3M-_xdfCaA.mp4 (id=X3M-_xdfCaA), validating...
2026-04-23 14:39:44,585 [INFO] [ffprobe:X3M-_xdfCaA.mp4] Attempt 1/5
2026-04-23 14:39:44,585 [INFO] RUN ffprobe:X3M-_xdfCaA.mp4: ffprobe -v error -show_entries format=duration -of default=noprint_wrappers=1:nokey=1 C:\YT\X3M-_xdfCaA.mp4
2026-04-23 14:39:46,339 [INFO] Validation OK for C:\YT\X3M-_xdfCaA.mp4 (size=2795282, duration=95.27)
2026-04-23 14:39:46,341 [INFO] Leftover file C:\YT\X3M-_xdfCaA.mp4 seems valid but unknown; leaving in place.
2026-04-23 14:39:46,341 [INFO] [playlist:https://www.youtube.com/@SMii7Yplus] Attempt 1/5
2026-04-23 14:39:46,341 [INFO] RUN playlist:https://www.youtube.com/@SMii7Yplus: C:\Tools\yt-dlp\yt-dlp.exe --dump-json --flat-playlist --extractor-args youtube:skip=dash https://www.youtube.com/@SMii7Yplus/videos
2026-04-23 14:39:57,255 [INFO] Channel https://www.youtube.com/@SMii7Yplus -> 2 videos
2026-04-23 14:39:57,255 [INFO] [playlist:https://www.youtube.com/@SMii7Y] Attempt 1/5
2026-04-23 14:39:57,255 [INFO] RUN playlist:https://www.youtube.com/@SMii7Y: C:\Tools\yt-dlp\yt-dlp.exe --dump-json --flat-playlist --extractor-args youtube:skip=dash https://www.youtube.com/@SMii7Y/videos
2026-04-23 14:40:47,619 [INFO] Channel https://www.youtube.com/@SMii7Y -> 2 videos
2026-04-23 14:40:47,619 [INFO] [playlist:https://www.youtube.com/@dougdougdoug] Attempt 1/5
2026-04-23 14:40:47,619 [INFO] RUN playlist:https://www.youtube.com/@dougdougdoug: C:\Tools\yt-dlp\yt-dlp.exe --dump-json --flat-playlist --extractor-args youtube:skip=dash https://www.youtube.com/@dougdougdoug/videos
2026-04-23 14:40:52,410 [INFO] Channel https://www.youtube.com/@dougdougdoug -> 2 videos
2026-04-23 14:40:52,410 [INFO] [playlist:https://www.youtube.com/@failboat] Attempt 1/5
2026-04-23 14:40:52,410 [INFO] RUN playlist:https://www.youtube.com/@failboat: C:\Tools\yt-dlp\yt-dlp.exe --dump-json --flat-playlist --extractor-args youtube:skip=dash https://www.youtube.com/@failboat/videos
2026-04-23 14:41:41,407 [INFO] Channel https://www.youtube.com/@failboat -> 2 videos
2026-04-23 14:41:41,407 [INFO] [playlist:https://www.youtube.com/@LetsGameItOut] Attempt 1/5
2026-04-23 14:41:41,407 [INFO] RUN playlist:https://www.youtube.com/@LetsGameItOut: C:\Tools\yt-dlp\yt-dlp.exe --dump-json --flat-playlist --extractor-args youtube:skip=dash https://www.youtube.com/@LetsGameItOut/videos
2026-04-23 14:42:01,201 [INFO] Channel https://www.youtube.com/@LetsGameItOut -> 2 videos
2026-04-23 14:42:01,201 [INFO] [playlist:https://www.youtube.com/@dandingles] Attempt 1/5
2026-04-23 14:42:01,201 [INFO] RUN playlist:https://www.youtube.com/@dandingles: C:\Tools\yt-dlp\yt-dlp.exe --dump-json --flat-playlist --extractor-args youtube:skip=dash https://www.youtube.com/@dandingles/videos
2026-04-23 14:42:05,670 [INFO] Channel https://www.youtube.com/@dandingles -> 2 videos
2026-04-23 14:42:05,670 [INFO] [playlist:https://www.youtube.com/@markiplier] Attempt 1/5
2026-04-23 14:42:05,670 [INFO] RUN playlist:https://www.youtube.com/@markiplier: C:\Tools\yt-dlp\yt-dlp.exe --dump-json --flat-playlist --extractor-args youtube:skip=dash https://www.youtube.com/@markiplier/videos
2026-04-23 14:44:34,430 [INFO] Channel https://www.youtube.com/@markiplier -> 2 videos
2026-04-23 14:44:34,430 [INFO] [playlist:https://www.youtube.com/@Fir] Attempt 1/5
2026-04-23 14:44:34,430 [INFO] RUN playlist:https://www.youtube.com/@Fir: C:\Tools\yt-dlp\yt-dlp.exe --dump-json --flat-playlist --extractor-args youtube:skip=dash https://www.youtube.com/@Fir/videos
2026-04-23 14:44:40,907 [INFO] Channel https://www.youtube.com/@Fir -> 2 videos
2026-04-23 14:44:40,907 [INFO] [playlist:https://www.youtube.com/@PointCrow] Attempt 1/5
2026-04-23 14:44:40,907 [INFO] RUN playlist:https://www.youtube.com/@PointCrow: C:\Tools\yt-dlp\yt-dlp.exe --dump-json --flat-playlist --extractor-args youtube:skip=dash https://www.youtube.com/@PointCrow/videos
2026-04-23 14:44:50,058 [INFO] Channel https://www.youtube.com/@PointCrow -> 2 videos
2026-04-23 14:44:50,058 [INFO] [playlist:https://www.youtube.com/@DougDougHaters] Attempt 1/5
2026-04-23 14:44:50,058 [INFO] RUN playlist:https://www.youtube.com/@DougDougHaters: C:\Tools\yt-dlp\yt-dlp.exe --dump-json --flat-playlist --extractor-args youtube:skip=dash https://www.youtube.com/@DougDougHaters/videos
2026-04-23 14:44:56,659 [INFO] Channel https://www.youtube.com/@DougDougHaters -> 2 videos
2026-04-23 14:44:56,659 [INFO] [playlist:https://www.youtube.com/@ElectroBOOM] Attempt 1/5
2026-04-23 14:44:56,659 [INFO] RUN playlist:https://www.youtube.com/@ElectroBOOM: C:\Tools\yt-dlp\yt-dlp.exe --dump-json --flat-playlist --extractor-args youtube:skip=dash https://www.youtube.com/@ElectroBOOM/videos
2026-04-23 14:45:06,943 [INFO] Channel https://www.youtube.com/@ElectroBOOM -> 2 videos
2026-04-23 14:45:06,943 [INFO] [playlist:https://www.youtube.com/@CrowPointExists] Attempt 1/5
2026-04-23 14:45:06,943 [INFO] RUN playlist:https://www.youtube.com/@CrowPointExists: C:\Tools\yt-dlp\yt-dlp.exe --dump-json --flat-playlist --extractor-args youtube:skip=dash https://www.youtube.com/@CrowPointExists/videos
2026-04-23 14:45:25,263 [INFO] Channel https://www.youtube.com/@CrowPointExists -> 2 videos
2026-04-23 14:45:25,263 [INFO] Queue size: 24
2026-04-23 14:45:25,267 [INFO] Processing video jCiNXhpmCtc (This is Officially The Weirdest Game I Have Ever Played) from channel SMii7Yplus
2026-04-23 14:45:25,267 [INFO] Starting download for jCiNXhpmCtc (This is Officially The Weirdest Game I Have Ever Played)
2026-04-23 14:45:25,268 [INFO] Download attempt 1/5 for jCiNXhpmCtc
2026-04-23 14:45:25,268 [INFO] [urls:jCiNXhpmCtc:134+140] Attempt 1/5
2026-04-23 14:45:25,268 [INFO] RUN urls:jCiNXhpmCtc:134+140: C:\Tools\yt-dlp\yt-dlp.exe -g -f 134+140 https://www.youtube.com/watch?v=jCiNXhpmCtc
2026-04-23 14:45:29,755 [INFO] Got URLs for jCiNXhpmCtc with format 134+140
2026-04-23 14:45:29,755 [INFO] Starting ffmpeg for jCiNXhpmCtc: ffmpeg -y -loglevel error -progress pipe:2 -i https://rr1---sn-uxanug5-2xgd.googlevideo.com/videoplayback?expire=1776948329&ei=CcDpabGCHMSPssUPwpaauQY&ip=1.159.145.215&id=o-AIEkRCEwWc_xok5dedY_yqIgs21xlUlfXtr0cwyxLDKK&itag=134&source=youtube&requiressl=yes&xpc=EgVo2aDSNQ%3D%3D&cps=664&met=1776926729%2C&mh=zc&mm=31%2C29&mn=sn-uxanug5-2xgd%2Csn-hxa7zn7s&ms=au%2Crdu&mv=m&mvi=1&pl=17&rms=au%2Cau&initcwndbps=1876250&bui=AUUZDGJzFlPEK94EcFI5WYbwp1DOuwoXFJuh3Bzt4UsaqrQIm-Jr258mo-bByNjjzHaooW43yCz0MbKe&spc=jlWavQ1JguxG9TrbaXPE0-tE0SRLznbV0p7oz2eyJXfG&vprv=1&svpuc=1&mime=video%2Fmp4&rqh=1&gir=yes&clen=105429166&dur=1544.766&lmt=1776804442042902&mt=1776926222&fvip=3&keepalive=yes&fexp=51565116%2C51565682&c=ANDROID_VR&txp=3309224&sparams=expire%2Cei%2Cip%2Cid%2Citag%2Csource%2Crequiressl%2Cxpc%2Cbui%2Cspc%2Cvprv%2Csvpuc%2Cmime%2Crqh%2Cgir%2Cclen%2Cdur%2Clmt&sig=AHEqNM4wRAIgT8-I5Jf8p64PPWfTZYIlqFlEKdPnq9EGSf-4M82fXHsCIBjEED1EHFhNeRBewwSfn0lRZDf2nsXj6-gqkMTYHZtn&lsparams=cps%2Cmet%2Cmh%2Cmm%2Cmn%2Cms%2Cmv%2Cmvi%2Cpl%2Crms%2Cinitcwndbps&lsig=APaTxxMwRQIhAJLx68vutuqXTD40_TNaCQjh0isBFBKh0zymeKuZ4ld0AiB3_IupELrgK1tRPn3AfiAPqe_BfN3XXTM0S6TqJOz6xA%3D%3D -i https://rr1---sn-uxanug5-2xgd.googlevideo.com/videoplayback?expire=1776948329&ei=CcDpabGCHMSPssUPwpaauQY&ip=1.159.145.215&id=o-AIEkRCEwWc_xok5dedY_yqIgs21xlUlfXtr0cwyxLDKK&itag=140&source=youtube&requiressl=yes&xpc=EgVo2aDSNQ%3D%3D&cps=664&met=1776926729%2C&mh=zc&mm=31%2C29&mn=sn-uxanug5-2xgd%2Csn-hxa7zn7s&ms=au%2Crdu&mv=m&mvi=1&pl=17&rms=au%2Cau&initcwndbps=1876250&bui=AUUZDGJzFlPEK94EcFI5WYbwp1DOuwoXFJuh3Bzt4UsaqrQIm-Jr258mo-bByNjjzHaooW43yCz0MbKe&spc=jlWavQ1JguxG9TrbaXPE0-tE0SRLznbV0p7oz2eyJXfG&vprv=1&svpuc=1&mime=audio%2Fmp4&rqh=1&gir=yes&clen=25002537&dur=1544.846&lmt=1776804428167007&mt=1776926222&fvip=3&keepalive=yes&fexp=51565116%2C51565682&c=ANDROID_VR&txp=3308224&sparams=expire%2Cei%2Cip%2Cid%2Citag%2Csource%2Crequiressl%2Cxpc%2Cbui%2Cspc%2Cvprv%2Csvpuc%2Cmime%2Crqh%2Cgir%2Cclen%2Cdur%2Clmt&sig=AHEqNM4wRQIgZ_-rkV3yFKbNho3YpM0gZOgLM7rq2vXCzayrvH5ordYCIQDWPITJ4TWXrhBdHhC9GcrVe-eyeuCykYOXTqsQsqRv8g%3D%3D&lsparams=cps%2Cmet%2Cmh%2Cmm%2Cmn%2Cms%2Cmv%2Cmvi%2Cpl%2Crms%2Cinitcwndbps&lsig=APaTxxMwRQIhAJLx68vutuqXTD40_TNaCQjh0isBFBKh0zymeKuZ4ld0AiB3_IupELrgK1tRPn3AfiAPqe_BfN3XXTM0S6TqJOz6xA%3D%3D -c copy jCiNXhpmCtc.mp4
2026-04-23 14:51:05,372 [INFO] ffmpeg finished for jCiNXhpmCtc with code 0
2026-04-23 14:51:05,374 [INFO] [ffprobe:jCiNXhpmCtc.mp4] Attempt 1/5
2026-04-23 14:51:05,374 [INFO] RUN ffprobe:jCiNXhpmCtc.mp4: ffprobe -v error -show_entries format=duration -of default=noprint_wrappers=1:nokey=1 jCiNXhpmCtc.mp4
2026-04-23 14:51:05,426 [WARNING] [ffprobe:jCiNXhpmCtc.mp4] Failed (code 1).
2026-04-23 14:51:05,427 [INFO] [ffprobe:jCiNXhpmCtc.mp4] Retrying in 5 seconds...
2026-04-23 14:51:10,428 [INFO] [ffprobe:jCiNXhpmCtc.mp4] Attempt 2/5
2026-04-23 14:51:10,428 [INFO] RUN ffprobe:jCiNXhpmCtc.mp4: ffprobe -v error -show_entries format=duration -of default=noprint_wrappers=1:nokey=1 jCiNXhpmCtc.mp4
2026-04-23 14:51:10,459 [WARNING] [ffprobe:jCiNXhpmCtc.mp4] Failed (code 1).
2026-04-23 14:51:10,459 [INFO] [ffprobe:jCiNXhpmCtc.mp4] Retrying in 5 seconds...
2026-04-23 14:51:15,460 [INFO] [ffprobe:jCiNXhpmCtc.mp4] Attempt 3/5
2026-04-23 14:51:15,460 [INFO] RUN ffprobe:jCiNXhpmCtc.mp4: ffprobe -v error -show_entries format=duration -of default=noprint_wrappers=1:nokey=1 jCiNXhpmCtc.mp4
2026-04-23 14:51:15,495 [WARNING] [ffprobe:jCiNXhpmCtc.mp4] Failed (code 1).
2026-04-23 14:51:15,495 [INFO] [ffprobe:jCiNXhpmCtc.mp4] Retrying in 5 seconds...
2026-04-23 14:51:20,495 [INFO] [ffprobe:jCiNXhpmCtc.mp4] Attempt 4/5
2026-04-23 14:51:20,495 [INFO] RUN ffprobe:jCiNXhpmCtc.mp4: ffprobe -v error -show_entries format=duration -of default=noprint_wrappers=1:nokey=1 jCiNXhpmCtc.mp4
2026-04-23 14:51:20,526 [WARNING] [ffprobe:jCiNXhpmCtc.mp4] Failed (code 1).
2026-04-23 14:51:20,528 [INFO] [ffprobe:jCiNXhpmCtc.mp4] Retrying in 5 seconds...
2026-04-23 14:51:25,528 [INFO] [ffprobe:jCiNXhpmCtc.mp4] Attempt 5/5
2026-04-23 14:51:25,528 [INFO] RUN ffprobe:jCiNXhpmCtc.mp4: ffprobe -v error -show_entries format=duration -of default=noprint_wrappers=1:nokey=1 jCiNXhpmCtc.mp4
2026-04-23 14:51:25,557 [WARNING] [ffprobe:jCiNXhpmCtc.mp4] Failed (code 1).
2026-04-23 14:51:25,557 [ERROR] [ffprobe:jCiNXhpmCtc.mp4] All 5 attempts failed.
2026-04-23 14:51:25,557 [ERROR] Validation failed: could not get duration for jCiNXhpmCtc.mp4
2026-04-23 14:51:25,561 [WARNING] Moving corrupted file jCiNXhpmCtc.mp4 -> corrupted\jCiNXhpmCtc.mp4
2026-04-23 14:51:30,562 [INFO] Download attempt 2/5 for jCiNXhpmCtc
2026-04-23 14:51:30,562 [INFO] [urls:jCiNXhpmCtc:134+140] Attempt 1/5
2026-04-23 14:51:30,562 [INFO] RUN urls:jCiNXhpmCtc:134+140: C:\Tools\yt-dlp\yt-dlp.exe -g -f 134+140 https://www.youtube.com/watch?v=jCiNXhpmCtc
2026-04-23 14:51:35,503 [INFO] Got URLs for jCiNXhpmCtc with format 134+140
2026-04-23 14:51:35,503 [INFO] Starting ffmpeg for jCiNXhpmCtc: ffmpeg -y -loglevel error -progress pipe:2 -i https://rr1---sn-uxanug5-2xgd.googlevideo.com/videoplayback?expire=1776948695&ei=d8Hpac3HEdnL9fwPqIbJ6Ao&ip=1.159.145.215&id=o-AKMPvCZDZc2XqrE1CzbIFih2RsErZBQLVOZNCgFv9sqo&itag=134&source=youtube&requiressl=yes&xpc=EgVo2aDSNQ%3D%3D&cps=721&met=1776927095%2C&mh=zc&mm=31%2C29&mn=sn-uxanug5-2xgd%2Csn-2ohxaj-5x&ms=au%2Crdu&mv=m&mvi=1&pl=17&rms=au%2Cau&initcwndbps=1921250&bui=AUUZDGLV-3Rrocjk-PgA4_sLc1hSZWf5WZyRh9ZWIKwSpIVkhmXPiACZ-A-f4ixmVOU1SvsLouz7ZI-D&spc=jlWavdkM0kXMvhBB6v_X-JLfr0niExWJHuQswbArLd0u&vprv=1&svpuc=1&mime=video%2Fmp4&rqh=1&gir=yes&clen=105429166&dur=1544.766&lmt=1776804442042902&mt=1776926698&fvip=3&keepalive=yes&fexp=51565116%2C51565682&c=ANDROID_VR&txp=3309224&sparams=expire%2Cei%2Cip%2Cid%2Citag%2Csource%2Crequiressl%2Cxpc%2Cbui%2Cspc%2Cvprv%2Csvpuc%2Cmime%2Crqh%2Cgir%2Cclen%2Cdur%2Clmt&sig=AHEqNM4wRQIgWnn48ENMHUNpRzcwimAqImp8gZG9PF0BG5zjG18R-tICIQDStFcqKqGkDmS-AubZxah8C4JX0wpSnUnlW69HQvL2qQ%3D%3D&lsparams=cps%2Cmet%2Cmh%2Cmm%2Cmn%2Cms%2Cmv%2Cmvi%2Cpl%2Crms%2Cinitcwndbps&lsig=APaTxxMwRQIgcDoU_n8M_9HLvboR8S2XrJLSitUQT7MslYEjxEeSTxMCIQClTDe8qOD0n2XzH9uvEn0fXmldxF9658qw0JzDu9ARQQ%3D%3D -i https://rr1---sn-uxanug5-2xgd.googlevideo.com/videoplayback?expire=1776948695&ei=d8Hpac3HEdnL9fwPqIbJ6Ao&ip=1.159.145.215&id=o-AKMPvCZDZc2XqrE1CzbIFih2RsErZBQLVOZNCgFv9sqo&itag=140&source=youtube&requiressl=yes&xpc=EgVo2aDSNQ%3D%3D&cps=721&met=1776927095%2C&mh=zc&mm=31%2C29&mn=sn-uxanug5-2xgd%2Csn-2ohxaj-5x&ms=au%2Crdu&mv=m&mvi=1&pl=17&rms=au%2Cau&initcwndbps=1921250&bui=AUUZDGLV-3Rrocjk-PgA4_sLc1hSZWf5WZyRh9ZWIKwSpIVkhmXPiACZ-A-f4ixmVOU1SvsLouz7ZI-D&spc=jlWavdkM0kXMvhBB6v_X-JLfr0niExWJHuQswbArLd0u&vprv=1&svpuc=1&mime=audio%2Fmp4&rqh=1&gir=yes&clen=25002537&dur=1544.846&lmt=1776804428167007&mt=1776926698&fvip=3&keepalive=yes&fexp=51565116%2C51565682&c=ANDROID_VR&txp=3308224&sparams=expire%2Cei%2Cip%2Cid%2Citag%2Csource%2Crequiressl%2Cxpc%2Cbui%2Cspc%2Cvprv%2Csvpuc%2Cmime%2Crqh%2Cgir%2Cclen%2Cdur%2Clmt&sig=AHEqNM4wRQIgPuuxFbTdzy-j_DbwgiOzk_BmDDCGiKnGuV0S2-LfGmoCIQCi4vc-V6p9dxrvM_Rtend4RlglkjAvw5mJsqVXrl8dAA%3D%3D&lsparams=cps%2Cmet%2Cmh%2Cmm%2Cmn%2Cms%2Cmv%2Cmvi%2Cpl%2Crms%2Cinitcwndbps&lsig=APaTxxMwRQIgcDoU_n8M_9HLvboR8S2XrJLSitUQT7MslYEjxEeSTxMCIQClTDe8qOD0n2XzH9uvEn0fXmldxF9658qw0JzDu9ARQQ%3D%3D -c copy jCiNXhpmCtc.mp4
2026-04-23 15:09:39,762 [INFO] ffmpeg finished for jCiNXhpmCtc with code 0
2026-04-23 15:09:39,763 [INFO] [ffprobe:jCiNXhpmCtc.mp4] Attempt 1/5
2026-04-23 15:09:39,763 [INFO] RUN ffprobe:jCiNXhpmCtc.mp4: ffprobe -v error -show_entries format=duration -of default=noprint_wrappers=1:nokey=1 jCiNXhpmCtc.mp4
2026-04-23 15:09:39,807 [INFO] Validation OK for jCiNXhpmCtc.mp4 (size=130990489, duration=1544.77)
2026-04-23 15:09:39,808 [INFO] Moving jCiNXhpmCtc.mp4 -> SMii7Yplus\This is Officially The Weirdest Game I Have Ever Played.mp4
2026-04-23 15:09:39,810 [INFO] Download complete for jCiNXhpmCtc
2026-04-23 15:09:39,811 [INFO] Skipping already downloaded video 5ldwR30iAHc (Knights End is Eerily Funny)
2026-04-23 15:09:39,812 [INFO] Processing video Rinm-EETs0U (This Drain Clearing Game is INCREDIBLY Satisfying) from channel SMii7Y
2026-04-23 15:09:39,812 [INFO] Starting download for Rinm-EETs0U (This Drain Clearing Game is INCREDIBLY Satisfying)
2026-04-23 15:09:39,814 [INFO] Download attempt 1/5 for Rinm-EETs0U
2026-04-23 15:09:39,814 [INFO] [urls:Rinm-EETs0U:134+140] Attempt 1/5
2026-04-23 15:09:39,814 [INFO] RUN urls:Rinm-EETs0U:134+140: C:\Tools\yt-dlp\yt-dlp.exe -g -f 134+140 https://www.youtube.com/watch?v=Rinm-EETs0U
2026-04-23 15:09:44,193 [INFO] Got URLs for Rinm-EETs0U with format 134+140
2026-04-23 15:09:44,194 [INFO] Starting ffmpeg for Rinm-EETs0U: ffmpeg -y -loglevel error -progress pipe:2 -i https://rr1---sn-uxanug5-2xgd.googlevideo.com/videoplayback?expire=1776949784&ei=uMXpabj6Br-k9fwPn6mf2Ak&ip=1.159.145.215&id=o-AA0VwMpKQgQk3565k15ziR0OOiekJfqQSM1weeQGGwFa&itag=134&source=youtube&requiressl=yes&xpc=EgVo2aDSNQ%3D%3D&cps=763&met=1776928184%2C&mh=G1&mm=31%2C29&mn=sn-uxanug5-2xgd%2Csn-hxa7zn7s&ms=au%2Crdu&mv=m&mvi=1&pl=17&rms=au%2Cau&initcwndbps=1815000&bui=AUUZDGL-qGIVA4u_Gkyrx7l3dQCS42QBYMdktoDt_tiOuxKvGMnL8Z6MF7v0sFG_0kEjRTzOoD1L8ZF8&spc=jlWavXMTrh9UQw4QnWwuZVXDl9CBdA3VlBdcz_nr3NpP&vprv=1&svpuc=1&mime=video%2Fmp4&rqh=1&gir=yes&clen=136048839&dur=2413.966&lmt=1776709255701023&mt=1776927671&fvip=4&keepalive=yes&fexp=51565116%2C51565681&c=ANDROID_VR&txp=3309224&sparams=expire%2Cei%2Cip%2Cid%2Citag%2Csource%2Crequiressl%2Cxpc%2Cbui%2Cspc%2Cvprv%2Csvpuc%2Cmime%2Crqh%2Cgir%2Cclen%2Cdur%2Clmt&sig=AHEqNM4wRAIgf8cskHLjfuZ3P3yncpG8rBHGzr3KtVMwbr4d7QX-L84CIHzcF4Pigm7KlWZwcHIDcWuGpqRfNxwqj_2JxnnCFNlD&lsparams=cps%2Cmet%2Cmh%2Cmm%2Cmn%2Cms%2Cmv%2Cmvi%2Cpl%2Crms%2Cinitcwndbps&lsig=APaTxxMwRAIgZyTMVTI4TqcSAED9OQa9Ayct8Uo_K-1JmtFaTyiQEyMCIAFzDTv9w3mtznB5c3d0eKzkNymqtNsGmjuuO5BmlZTj -i https://rr1---sn-uxanug5-2xgd.googlevideo.com/videoplayback?expire=1776949784&ei=uMXpabj6Br-k9fwPn6mf2Ak&ip=1.159.145.215&id=o-AA0VwMpKQgQk3565k15ziR0OOiekJfqQSM1weeQGGwFa&itag=140&source=youtube&requiressl=yes&xpc=EgVo2aDSNQ%3D%3D&cps=763&met=1776928184%2C&mh=G1&mm=31%2C29&mn=sn-uxanug5-2xgd%2Csn-hxa7zn7s&ms=au%2Crdu&mv=m&mvi=1&pl=17&rms=au%2Cau&initcwndbps=1815000&bui=AUUZDGL-qGIVA4u_Gkyrx7l3dQCS42QBYMdktoDt_tiOuxKvGMnL8Z6MF7v0sFG_0kEjRTzOoD1L8ZF8&spc=jlWavXMTrh9UQw4QnWwuZVXDl9CBdA3VlBdcz_nr3NpP&vprv=1&svpuc=1&mime=audio%2Fmp4&rqh=1&gir=yes&clen=39069770&dur=2414.039&lmt=1776709293976363&mt=1776927671&fvip=4&keepalive=yes&fexp=51565116%2C51565681&c=ANDROID_VR&txp=3308224&sparams=expire%2Cei%2Cip%2Cid%2Citag%2Csource%2Crequiressl%2Cxpc%2Cbui%2Cspc%2Cvprv%2Csvpuc%2Cmime%2Crqh%2Cgir%2Cclen%2Cdur%2Clmt&sig=AHEqNM4wRQIgSHnVc9x5ZbhsHKi7NzYRubtE5n8JM6yu4ftAAAFGYssCIQDFmhZFKwm6_9Ddj1IEz0-zuTOCyZUX13u8kEFaxpJ9Rg%3D%3D&lsparams=cps%2Cmet%2Cmh%2Cmm%2Cmn%2Cms%2Cmv%2Cmvi%2Cpl%2Crms%2Cinitcwndbps&lsig=APaTxxMwRAIgZyTMVTI4TqcSAED9OQa9Ayct8Uo_K-1JmtFaTyiQEyMCIAFzDTv9w3mtznB5c3d0eKzkNymqtNsGmjuuO5BmlZTj -c copy Rinm-EETs0U.mp4
2026-04-23 15:32:34,780 [INFO] ffmpeg finished for Rinm-EETs0U with code 0
2026-04-23 15:32:34,781 [INFO] [ffprobe:Rinm-EETs0U.mp4] Attempt 1/5
2026-04-23 15:32:34,781 [INFO] RUN ffprobe:Rinm-EETs0U.mp4: ffprobe -v error -show_entries format=duration -of default=noprint_wrappers=1:nokey=1 Rinm-EETs0U.mp4
2026-04-23 15:32:34,831 [INFO] Validation OK for Rinm-EETs0U.mp4 (size=176043968, duration=2414.04)
2026-04-23 15:32:34,831 [INFO] Moving Rinm-EETs0U.mp4 -> SMii7Y\This Drain Clearing Game is INCREDIBLY Satisfying.mp4
2026-04-23 15:32:34,833 [INFO] Download complete for Rinm-EETs0U
2026-04-23 15:32:34,835 [INFO] Channel SMii7Y cooling down for 30.0 seconds
2026-04-23 15:33:04,834 [INFO] Processing video 69bkqNpMksc (Prop Hunt But That Clearly Ain't Me...) from channel SMii7Y
2026-04-23 15:33:04,834 [INFO] Starting download for 69bkqNpMksc (Prop Hunt But That Clearly Ain't Me...)
2026-04-23 15:33:04,835 [INFO] Download attempt 1/5 for 69bkqNpMksc
2026-04-23 15:33:04,835 [INFO] [urls:69bkqNpMksc:134+140] Attempt 1/5
2026-04-23 15:33:04,835 [INFO] RUN urls:69bkqNpMksc:134+140: C:\Tools\yt-dlp\yt-dlp.exe -g -f 134+140 https://www.youtube.com/watch?v=69bkqNpMksc
2026-04-23 15:33:08,618 [INFO] Got URLs for 69bkqNpMksc with format 134+140
2026-04-23 15:33:08,618 [INFO] Starting ffmpeg for 69bkqNpMksc: ffmpeg -y -loglevel error -progress pipe:2 -i https://rr2---sn-uxanug5-2xgd.googlevideo.com/videoplayback?expire=1776951188&ei=NMvpaZHtI4qO77APgqH9iAY&ip=1.159.145.215&id=o-AB0p_sZByrGwPZuNPsW190GKMxkiRmWZ_HkGWhtbNchH&itag=134&source=youtube&requiressl=yes&xpc=EgVo2aDSNQ%3D%3D&cps=801&met=1776929588%2C&mh=LK&mm=31%2C29&mn=sn-uxanug5-2xgd%2Csn-ajhxac-5c&ms=au%2Crdu&mv=m&mvi=2&pl=17&rms=au%2Cau&initcwndbps=1816250&bui=AUUZDGI5L4SzEJjn6QeAn7Nzc4VtSnOqmXMrILZcac_b2Iir9dnN3pTAsJl54oH3nxlMV0SxZQIT1VxM&spc=jlWavYxVInDEBWbpW6JvCXuZT5yOFAcftIyCffvcSBpa&vprv=1&svpuc=1&mime=video%2Fmp4&rqh=1&gir=yes&clen=118890994&dur=1846.300&lmt=1776435829965967&mt=1776929096&fvip=3&keepalive=yes&fexp=51565116%2C51565681&c=ANDROID_VR&txp=3309224&sparams=expire%2Cei%2Cip%2Cid%2Citag%2Csource%2Crequiressl%2Cxpc%2Cbui%2Cspc%2Cvprv%2Csvpuc%2Cmime%2Crqh%2Cgir%2Cclen%2Cdur%2Clmt&sig=AHEqNM4wRQIhAK0llOSCb1IkK1-Y3Z9TYbNJNFhBzmcNcaRhQo7ciOpoAiAqQmSJpYZrQLsjP0JbrNePEJaJ74CgOtSdVK11kIX4Qw%3D%3D&lsparams=cps%2Cmet%2Cmh%2Cmm%2Cmn%2Cms%2Cmv%2Cmvi%2Cpl%2Crms%2Cinitcwndbps&lsig=APaTxxMwRQIgaRYOadZZUWmaknHk6bsMaoLn2HRizeYH0BFLYHGMrOACIQD5CGTMyvEEbC8ceCTg1nAxNhesblkz-CwNrwFaXtRvAQ%3D%3D -i https://rr2---sn-uxanug5-2xgd.googlevideo.com/videoplayback?expire=1776951188&ei=NMvpaZHtI4qO77APgqH9iAY&ip=1.159.145.215&id=o-AB0p_sZByrGwPZuNPsW190GKMxkiRmWZ_HkGWhtbNchH&itag=140&source=youtube&requiressl=yes&xpc=EgVo2aDSNQ%3D%3D&cps=801&met=1776929588%2C&mh=LK&mm=31%2C29&mn=sn-uxanug5-2xgd%2Csn-ajhxac-5c&ms=au%2Crdu&mv=m&mvi=2&pl=17&rms=au%2Cau&initcwndbps=1816250&bui=AUUZDGI5L4SzEJjn6QeAn7Nzc4VtSnOqmXMrILZcac_b2Iir9dnN3pTAsJl54oH3nxlMV0SxZQIT1VxM&spc=jlWavYxVInDEBWbpW6JvCXuZT5yOFAcftIyCffvcSBpa&vprv=1&svpuc=1&mime=audio%2Fmp4&rqh=1&gir=yes&clen=29882102&dur=1846.357&lmt=1776435824396732&mt=1776929096&fvip=3&keepalive=yes&fexp=51565116%2C51565681&c=ANDROID_VR&txp=3308224&sparams=expire%2Cei%2Cip%2Cid%2Citag%2Csource%2Crequiressl%2Cxpc%2Cbui%2Cspc%2Cvprv%2Csvpuc%2Cmime%2Crqh%2Cgir%2Cclen%2Cdur%2Clmt&sig=AHEqNM4wRgIhAKK_Kn1CNnAkMCqoBgRjlsV-3SnnfjxqK5IoCTWlR0KXAiEAvxo93ds7hjq3PCQud16HwRjQcxWqpyNWJB9JbIFPoIQ%3D&lsparams=cps%2Cmet%2Cmh%2Cmm%2Cmn%2Cms%2Cmv%2Cmvi%2Cpl%2Crms%2Cinitcwndbps&lsig=APaTxxMwRQIgaRYOadZZUWmaknHk6bsMaoLn2HRizeYH0BFLYHGMrOACIQD5CGTMyvEEbC8ceCTg1nAxNhesblkz-CwNrwFaXtRvAQ%3D%3D -c copy 69bkqNpMksc.mp4
2026-04-23 15:49:36,507 [INFO] ffmpeg finished for 69bkqNpMksc with code 0
2026-04-23 15:49:36,507 [INFO] [ffprobe:69bkqNpMksc.mp4] Attempt 1/5
2026-04-23 15:49:36,507 [INFO] RUN ffprobe:69bkqNpMksc.mp4: ffprobe -v error -show_entries format=duration -of default=noprint_wrappers=1:nokey=1 69bkqNpMksc.mp4
2026-04-23 15:49:36,561 [INFO] Validation OK for 69bkqNpMksc.mp4 (size=149478807, duration=1846.36)
2026-04-23 15:49:36,562 [INFO] Moving 69bkqNpMksc.mp4 -> SMii7Y\Prop Hunt But That Clearly Ain't Me.mp4
2026-04-23 15:49:36,564 [INFO] Download complete for 69bkqNpMksc
2026-04-23 15:49:36,566 [INFO] Processing video k51ixKpAE88 (Donkey Kong, but if anything kills me I buy it) from channel dougdougdoug
2026-04-23 15:49:36,566 [INFO] Starting download for k51ixKpAE88 (Donkey Kong, but if anything kills me I buy it)
2026-04-23 15:49:36,568 [INFO] Download attempt 1/5 for k51ixKpAE88
2026-04-23 15:49:36,568 [INFO] [urls:k51ixKpAE88:134+140] Attempt 1/5
2026-04-23 15:49:36,568 [INFO] RUN urls:k51ixKpAE88:134+140: C:\Tools\yt-dlp\yt-dlp.exe -g -f 134+140 https://www.youtube.com/watch?v=k51ixKpAE88
2026-04-23 15:49:40,382 [INFO] Got URLs for k51ixKpAE88 with format 134+140
2026-04-23 15:49:40,383 [INFO] Starting ffmpeg for k51ixKpAE88: ffmpeg -y -loglevel error -progress pipe:2 -i https://rr5---sn-uxanug5-2xg6.googlevideo.com/videoplayback?expire=1776952180&ei=FM_paYyMFvSZ77APys336AU&ip=1.159.145.215&id=o-AN8Y_rgLnRd-yPCIRf6RkIr3-Xbi0pFULDxodRKPzcsD&itag=134&source=youtube&requiressl=yes&xpc=EgVo2aDSNQ%3D%3D&cps=532&met=1776930580%2C&mh=of&mm=31%2C29&mn=sn-uxanug5-2xg6%2Csn-ajhxac-5c&ms=au%2Crdu&mv=m&mvi=5&pl=17&rms=au%2Cau&initcwndbps=1861250&bui=AUUZDGKLH3sHQPFWzfVdAPW0XKu2JerbmUfJ1nOuDz0NHUtRLUdwAOWO0jPVuIMMEm3eHo7IBx7LrGqd&spc=jlWavZ1Zkajx5CodvEBu5wWnum5czj7ea8fHphnsg45J&vprv=1&svpuc=1&mime=video%2Fmp4&rqh=1&gir=yes&clen=73139963&dur=2709.033&lmt=1776578907056271&mt=1776930068&fvip=2&keepalive=yes&fexp=51565115%2C51565682&c=ANDROID_VR&txp=4535534&sparams=expire%2Cei%2Cip%2Cid%2Citag%2Csource%2Crequiressl%2Cxpc%2Cbui%2Cspc%2Cvprv%2Csvpuc%2Cmime%2Crqh%2Cgir%2Cclen%2Cdur%2Clmt&sig=AHEqNM4wRgIhAO-iovk2FTS7Fy6l7voseT9JKXI6L_gfDQHwA8VXbuozAiEA0UBiBT2JZ1qIVc8pp9uUaIsIRpQVie1nIAB7gePeHBc%3D&lsparams=cps%2Cmet%2Cmh%2Cmm%2Cmn%2Cms%2Cmv%2Cmvi%2Cpl%2Crms%2Cinitcwndbps&lsig=APaTxxMwRQIgN06rnl3d-uENuCrnPFt0bCD4Alapzv6ctH8YJkJjuKYCIQDtDZJ2_aK-M0au-nPami_emwguFbJMAt-5kU_ZG9WUvA%3D%3D -i https://rr5---sn-uxanug5-2xg6.googlevideo.com/videoplayback?expire=1776952180&ei=FM_paYyMFvSZ77APys336AU&ip=1.159.145.215&id=o-AN8Y_rgLnRd-yPCIRf6RkIr3-Xbi0pFULDxodRKPzcsD&itag=140&source=youtube&requiressl=yes&xpc=EgVo2aDSNQ%3D%3D&cps=532&met=1776930580%2C&mh=of&mm=31%2C29&mn=sn-uxanug5-2xg6%2Csn-ajhxac-5c&ms=au%2Crdu&mv=m&mvi=5&pl=17&rms=au%2Cau&initcwndbps=1861250&bui=AUUZDGKLH3sHQPFWzfVdAPW0XKu2JerbmUfJ1nOuDz0NHUtRLUdwAOWO0jPVuIMMEm3eHo7IBx7LrGqd&spc=jlWavZ1Zkajx5CodvEBu5wWnum5czj7ea8fHphnsg45J&vprv=1&svpuc=1&xtags=acont%3Doriginal%3Alang%3Den-US&mime=audio%2Fmp4&rqh=1&gir=yes&clen=43844516&dur=2709.095&lmt=1776576647285056&mt=1776930068&fvip=2&keepalive=yes&fexp=51565115%2C51565682&c=ANDROID_VR&txp=4532534&sparams=expire%2Cei%2Cip%2Cid%2Citag%2Csource%2Crequiressl%2Cxpc%2Cbui%2Cspc%2Cvprv%2Csvpuc%2Cxtags%2Cmime%2Crqh%2Cgir%2Cclen%2Cdur%2Clmt&sig=AHEqNM4wRAIgUXtzmHoOafrpk3tO_zf8rnV4yPSRFY7dvfE0bRJO_joCIHDd42oZyhRDdm0LAmKSoEA96RHo6wcS0-5Q3I34rqcm&lsparams=cps%2Cmet%2Cmh%2Cmm%2Cmn%2Cms%2Cmv%2Cmvi%2Cpl%2Crms%2Cinitcwndbps&lsig=APaTxxMwRQIgN06rnl3d-uENuCrnPFt0bCD4Alapzv6ctH8YJkJjuKYCIQDtDZJ2_aK-M0au-nPami_emwguFbJMAt-5kU_ZG9WUvA%3D%3D -c copy k51ixKpAE88.mp4
2026-04-23 15:56:18,873 [WARNING] Ctrl+C detected — graceful shutdown requested.
2026-04-23 15:56:18,874 [WARNING] Terminated ffmpeg for k51ixKpAE88 due to Ctrl+C.
2026-04-23 15:56:18,875 [ERROR] ffmpeg failed for k51ixKpAE88 on attempt 1
2026-04-23 15:56:18,875 [WARNING] Moving corrupted file k51ixKpAE88.mp4 -> corrupted\k51ixKpAE88.mp4
2026-04-23 15:56:23,876 [WARNING] Interrupted during download of k51ixKpAE88 — aborting safely.
2026-04-23 15:56:23,878 [INFO] Graceful exit requested before next video.
2026-04-23 15:56:23,878 [INFO] === EXIT ===
2026-04-24 17:27:21,717 [INFO] === START ===
2026-04-24 17:27:23,871 [INFO] yt-dlp.exe verified OK (size=18408128 bytes)
2026-04-24 17:27:23,872 [INFO] Found leftover file C:\YT\X3M-_xdfCaA.mp4 (id=X3M-_xdfCaA), validating...
2026-04-24 17:27:23,873 [INFO] [ffprobe:X3M-_xdfCaA.mp4] Attempt 1/5
2026-04-24 17:27:23,873 [INFO] RUN ffprobe:X3M-_xdfCaA.mp4: ffprobe -v error -show_entries format=duration -of default=noprint_wrappers=1:nokey=1 C:\YT\X3M-_xdfCaA.mp4
2026-04-24 17:27:24,016 [INFO] Validation OK for C:\YT\X3M-_xdfCaA.mp4 (size=2795282, duration=95.27)
2026-04-24 17:27:24,016 [INFO] Leftover file C:\YT\X3M-_xdfCaA.mp4 seems valid but unknown; leaving in place.
2026-04-24 17:27:24,016 [INFO] Clearing in_progress (k51ixKpAE88) because temp file missing.
2026-04-24 17:27:24,018 [INFO] [playlist:https://www.youtube.com/@SMii7Yplus] Attempt 1/5
2026-04-24 17:27:24,018 [INFO] RUN playlist:https://www.youtube.com/@SMii7Yplus: C:\Tools\yt-dlp\yt-dlp.exe --dump-json --flat-playlist --extractor-args youtube:skip=dash https://www.youtube.com/@SMii7Yplus/videos
2026-04-24 17:27:34,197 [INFO] Channel https://www.youtube.com/@SMii7Yplus -> 2 videos
2026-04-24 17:27:34,197 [INFO] [playlist:https://www.youtube.com/@SMii7Y] Attempt 1/5
2026-04-24 17:27:34,197 [INFO] RUN playlist:https://www.youtube.com/@SMii7Y: C:\Tools\yt-dlp\yt-dlp.exe --dump-json --flat-playlist --extractor-args youtube:skip=dash https://www.youtube.com/@SMii7Y/videos
2026-04-24 17:27:58,287 [INFO] Channel https://www.youtube.com/@SMii7Y -> 2 videos
2026-04-24 17:27:58,288 [INFO] [playlist:https://www.youtube.com/@dougdougdoug] Attempt 1/5
2026-04-24 17:27:58,288 [INFO] RUN playlist:https://www.youtube.com/@dougdougdoug: C:\Tools\yt-dlp\yt-dlp.exe --dump-json --flat-playlist --extractor-args youtube:skip=dash https://www.youtube.com/@dougdougdoug/videos
2026-04-24 17:28:02,368 [INFO] Channel https://www.youtube.com/@dougdougdoug -> 2 videos
2026-04-24 17:28:02,368 [INFO] [playlist:https://www.youtube.com/@failboat] Attempt 1/5
2026-04-24 17:28:02,368 [INFO] RUN playlist:https://www.youtube.com/@failboat: C:\Tools\yt-dlp\yt-dlp.exe --dump-json --flat-playlist --extractor-args youtube:skip=dash https://www.youtube.com/@failboat/videos
2026-04-24 17:28:28,637 [INFO] Channel https://www.youtube.com/@failboat -> 2 videos
2026-04-24 17:28:28,637 [INFO] [playlist:https://www.youtube.com/@LetsGameItOut] Attempt 1/5
2026-04-24 17:28:28,637 [INFO] RUN playlist:https://www.youtube.com/@LetsGameItOut: C:\Tools\yt-dlp\yt-dlp.exe --dump-json --flat-playlist --extractor-args youtube:skip=dash https://www.youtube.com/@LetsGameItOut/videos
2026-04-24 17:28:52,781 [INFO] Channel https://www.youtube.com/@LetsGameItOut -> 2 videos
2026-04-24 17:28:52,781 [INFO] [playlist:https://www.youtube.com/@dandingles] Attempt 1/5
2026-04-24 17:28:52,781 [INFO] RUN playlist:https://www.youtube.com/@dandingles: C:\Tools\yt-dlp\yt-dlp.exe --dump-json --flat-playlist --extractor-args youtube:skip=dash https://www.youtube.com/@dandingles/videos
2026-04-24 17:28:56,574 [INFO] Channel https://www.youtube.com/@dandingles -> 2 videos
2026-04-24 17:28:56,574 [INFO] [playlist:https://www.youtube.com/@markiplier] Attempt 1/5
2026-04-24 17:28:56,574 [INFO] RUN playlist:https://www.youtube.com/@markiplier: C:\Tools\yt-dlp\yt-dlp.exe --dump-json --flat-playlist --extractor-args youtube:skip=dash https://www.youtube.com/@markiplier/videos
2026-04-24 17:29:44,987 [WARNING] Ctrl+C detected — graceful shutdown requested.
2026-04-24 17:29:44,987 [WARNING] [playlist:https://www.youtube.com/@markiplier] Failed (code 1).
2026-04-24 17:29:44,988 [INFO] [playlist:https://www.youtube.com/@markiplier] Retrying in 5 seconds...
2026-04-24 17:29:49,989 [WARNING] [playlist:https://www.youtube.com/@markiplier] Aborting retries due to interrupt.
2026-04-24 17:29:49,989 [INFO] Channel https://www.youtube.com/@markiplier -> 0 videos
2026-04-24 17:29:49,989 [WARNING] [playlist:https://www.youtube.com/@Fir] Aborting retries due to interrupt.
2026-04-24 17:29:49,989 [INFO] Channel https://www.youtube.com/@Fir -> 0 videos
2026-04-24 17:29:49,989 [WARNING] [playlist:https://www.youtube.com/@PointCrow] Aborting retries due to interrupt.
2026-04-24 17:29:49,989 [INFO] Channel https://www.youtube.com/@PointCrow -> 0 videos
2026-04-24 17:29:49,989 [WARNING] [playlist:https://www.youtube.com/@DougDougHaters] Aborting retries due to interrupt.
2026-04-24 17:29:49,989 [INFO] Channel https://www.youtube.com/@DougDougHaters -> 0 videos
2026-04-24 17:29:49,989 [WARNING] [playlist:https://www.youtube.com/@ElectroBOOM] Aborting retries due to interrupt.
2026-04-24 17:29:49,990 [INFO] Channel https://www.youtube.com/@ElectroBOOM -> 0 videos
2026-04-24 17:29:49,990 [WARNING] [playlist:https://www.youtube.com/@CrowPointExists] Aborting retries due to interrupt.
2026-04-24 17:29:49,990 [INFO] Channel https://www.youtube.com/@CrowPointExists -> 0 videos
2026-04-24 17:29:49,990 [INFO] Queue size: 12
2026-04-24 17:29:49,990 [INFO] Graceful exit requested before next video.
2026-04-24 17:29:49,990 [INFO] === EXIT ===
2026-04-24 20:41:58,972 [INFO] === START ===
2026-04-24 20:42:00,704 [INFO] yt-dlp.exe verified OK (size=18408128 bytes)
2026-04-24 20:42:00,704 [INFO] Found leftover file C:\YT\X3M-_xdfCaA.mp4 (id=X3M-_xdfCaA), validating...
2026-04-24 20:42:00,704 [INFO] [ffprobe:X3M-_xdfCaA.mp4] Attempt 1/5
2026-04-24 20:42:00,705 [INFO] RUN ffprobe:X3M-_xdfCaA.mp4: ffprobe -v error -show_entries format=duration -of default=noprint_wrappers=1:nokey=1 C:\YT\X3M-_xdfCaA.mp4
2026-04-24 20:42:00,750 [INFO] Validation OK for C:\YT\X3M-_xdfCaA.mp4 (size=2795282, duration=95.27)
2026-04-24 20:42:00,750 [INFO] Leftover file C:\YT\X3M-_xdfCaA.mp4 seems valid but unknown; leaving in place.
2026-04-24 20:42:00,751 [INFO] [playlist:https://www.youtube.com/@SMii7Yplus] Attempt 1/5
2026-04-24 20:42:00,751 [INFO] RUN playlist:https://www.youtube.com/@SMii7Yplus: C:\Tools\yt-dlp\yt-dlp.exe --dump-json --flat-playlist --extractor-args youtube:skip=dash https://www.youtube.com/@SMii7Yplus/videos
2026-04-24 20:42:09,166 [INFO] Channel https://www.youtube.com/@SMii7Yplus -> 2 videos
2026-04-24 20:42:09,166 [INFO] [playlist:https://www.youtube.com/@SMii7Y] Attempt 1/5
2026-04-24 20:42:09,166 [INFO] RUN playlist:https://www.youtube.com/@SMii7Y: C:\Tools\yt-dlp\yt-dlp.exe --dump-json --flat-playlist --extractor-args youtube:skip=dash https://www.youtube.com/@SMii7Y/videos
2026-04-24 20:42:35,705 [INFO] Channel https://www.youtube.com/@SMii7Y -> 2 videos
2026-04-24 20:42:35,706 [INFO] [playlist:https://www.youtube.com/@dougdougdoug] Attempt 1/5
2026-04-24 20:42:35,706 [INFO] RUN playlist:https://www.youtube.com/@dougdougdoug: C:\Tools\yt-dlp\yt-dlp.exe --dump-json --flat-playlist --extractor-args youtube:skip=dash https://www.youtube.com/@dougdougdoug/videos
2026-04-24 20:42:40,772 [INFO] Channel https://www.youtube.com/@dougdougdoug -> 2 videos
2026-04-24 20:42:40,772 [INFO] [playlist:https://www.youtube.com/@failboat] Attempt 1/5
2026-04-24 20:42:40,773 [INFO] RUN playlist:https://www.youtube.com/@failboat: C:\Tools\yt-dlp\yt-dlp.exe --dump-json --flat-playlist --extractor-args youtube:skip=dash https://www.youtube.com/@failboat/videos
2026-04-24 20:43:06,355 [INFO] Channel https://www.youtube.com/@failboat -> 2 videos
2026-04-24 20:43:06,355 [INFO] [playlist:https://www.youtube.com/@LetsGameItOut] Attempt 1/5
2026-04-24 20:43:06,356 [INFO] RUN playlist:https://www.youtube.com/@LetsGameItOut: C:\Tools\yt-dlp\yt-dlp.exe --dump-json --flat-playlist --extractor-args youtube:skip=dash https://www.youtube.com/@LetsGameItOut/videos
2026-04-24 20:43:19,347 [INFO] Channel https://www.youtube.com/@LetsGameItOut -> 2 videos
2026-04-24 20:43:19,347 [INFO] [playlist:https://www.youtube.com/@dandingles] Attempt 1/5
2026-04-24 20:43:19,347 [INFO] RUN playlist:https://www.youtube.com/@dandingles: C:\Tools\yt-dlp\yt-dlp.exe --dump-json --flat-playlist --extractor-args youtube:skip=dash https://www.youtube.com/@dandingles/videos
2026-04-24 20:43:22,747 [INFO] Channel https://www.youtube.com/@dandingles -> 2 videos
2026-04-24 20:43:22,747 [INFO] [playlist:https://www.youtube.com/@markiplier] Attempt 1/5
2026-04-24 20:43:22,747 [INFO] RUN playlist:https://www.youtube.com/@markiplier: C:\Tools\yt-dlp\yt-dlp.exe --dump-json --flat-playlist --extractor-args youtube:skip=dash https://www.youtube.com/@markiplier/videos
2026-04-24 20:44:46,095 [INFO] Channel https://www.youtube.com/@markiplier -> 2 videos
2026-04-24 20:44:46,095 [INFO] [playlist:https://www.youtube.com/@Fir] Attempt 1/5
2026-04-24 20:44:46,095 [INFO] RUN playlist:https://www.youtube.com/@Fir: C:\Tools\yt-dlp\yt-dlp.exe --dump-json --flat-playlist --extractor-args youtube:skip=dash https://www.youtube.com/@Fir/videos
2026-04-24 20:44:54,081 [INFO] Channel https://www.youtube.com/@Fir -> 2 videos
2026-04-24 20:44:54,081 [INFO] [playlist:https://www.youtube.com/@PointCrow] Attempt 1/5
2026-04-24 20:44:54,082 [INFO] RUN playlist:https://www.youtube.com/@PointCrow: C:\Tools\yt-dlp\yt-dlp.exe --dump-json --flat-playlist --extractor-args youtube:skip=dash https://www.youtube.com/@PointCrow/videos
2026-04-24 20:44:59,762 [INFO] Channel https://www.youtube.com/@PointCrow -> 2 videos
2026-04-24 20:44:59,763 [INFO] [playlist:https://www.youtube.com/@DougDougHaters] Attempt 1/5
2026-04-24 20:44:59,763 [INFO] RUN playlist:https://www.youtube.com/@DougDougHaters: C:\Tools\yt-dlp\yt-dlp.exe --dump-json --flat-playlist --extractor-args youtube:skip=dash https://www.youtube.com/@DougDougHaters/videos
2026-04-24 20:45:03,929 [INFO] Channel https://www.youtube.com/@DougDougHaters -> 2 videos
2026-04-24 20:45:03,929 [INFO] [playlist:https://www.youtube.com/@ElectroBOOM] Attempt 1/5
2026-04-24 20:45:03,929 [INFO] RUN playlist:https://www.youtube.com/@ElectroBOOM: C:\Tools\yt-dlp\yt-dlp.exe --dump-json --flat-playlist --extractor-args youtube:skip=dash https://www.youtube.com/@ElectroBOOM/videos
2026-04-24 20:45:16,508 [INFO] Channel https://www.youtube.com/@ElectroBOOM -> 2 videos
2026-04-24 20:45:16,508 [INFO] [playlist:https://www.youtube.com/@CrowPointExists] Attempt 1/5
2026-04-24 20:45:16,508 [INFO] RUN playlist:https://www.youtube.com/@CrowPointExists: C:\Tools\yt-dlp\yt-dlp.exe --dump-json --flat-playlist --extractor-args youtube:skip=dash https://www.youtube.com/@CrowPointExists/videos
2026-04-24 20:45:27,748 [INFO] Channel https://www.youtube.com/@CrowPointExists -> 2 videos
2026-04-24 20:45:27,748 [INFO] Queue size: 24
2026-04-24 20:45:27,748 [INFO] Skipping already downloaded video jCiNXhpmCtc (This is Officially The Weirdest Game I Have Ever Played)
2026-04-24 20:45:27,748 [INFO] Skipping already downloaded video 5ldwR30iAHc (Knights End is Eerily Funny)
2026-04-24 20:45:27,750 [INFO] Skipping already downloaded video Rinm-EETs0U (This Drain Clearing Game is INCREDIBLY Satisfying)
2026-04-24 20:45:27,750 [INFO] Skipping already downloaded video 69bkqNpMksc (Prop Hunt But That Clearly Ain't Me...)
2026-04-24 20:45:27,750 [INFO] Processing video k51ixKpAE88 (Donkey Kong, but if anything kills me I buy it) from channel dougdougdoug
2026-04-24 20:45:27,751 [INFO] Starting download for k51ixKpAE88 (Donkey Kong, but if anything kills me I buy it)
2026-04-24 20:45:27,752 [INFO] Download attempt 1/5 for k51ixKpAE88
2026-04-24 20:45:27,752 [INFO] [urls:k51ixKpAE88:134+140] Attempt 1/5
2026-04-24 20:45:27,752 [INFO] RUN urls:k51ixKpAE88:134+140: C:\Tools\yt-dlp\yt-dlp.exe -g -f 134+140 https://www.youtube.com/watch?v=k51ixKpAE88
2026-04-24 20:45:31,546 [INFO] Got URLs for k51ixKpAE88 with format 134+140
2026-04-24 20:45:31,546 [INFO] Starting ffmpeg for k51ixKpAE88: ffmpeg -y -loglevel error -progress pipe:2 -i https://rr5---sn-uxanug5-2xg6.googlevideo.com/videoplayback?expire=1777056331&ei=62XrafGtHe-49fwP5fWigQg&ip=2001%3A8003%3A917a%3A5600%3A6d7e%3Abe40%3A156a%3A4c04&id=o-ANNNTBT7-eXNdnQK-LXhoulo3i-qg8DJpVKbsXs2Jh0S&itag=134&source=youtube&requiressl=yes&xpc=EgVo2aDSNQ%3D%3D&cps=548&met=1777034731%2C&mh=of&mm=31%2C29&mn=sn-uxanug5-2xg6%2Csn-2ohxaj-5x&ms=au%2Crdu&mv=m&mvi=5&pl=39&rms=au%2Cau&initcwndbps=1955000&bui=AUUZDGIgn_jFnoml4_fk1AQZR2HVPLlS5vt4vrnfXzMHSOKqU2TP953Cp0srV_iYaOGDoDlQU6QwXOrr&spc=jlWavZ55p6Fs6kV_aAYyqLqVpGlekcJZUe-SXdW5-Uze&vprv=1&svpuc=1&mime=video%2Fmp4&rqh=1&gir=yes&clen=73139963&dur=2709.033&lmt=1776578907056271&mt=1777034254&fvip=1&keepalive=yes&fexp=51565115%2C51565681&c=ANDROID_VR&txp=4535534&sparams=expire%2Cei%2Cip%2Cid%2Citag%2Csource%2Crequiressl%2Cxpc%2Cbui%2Cspc%2Cvprv%2Csvpuc%2Cmime%2Crqh%2Cgir%2Cclen%2Cdur%2Clmt&sig=AHEqNM4wRAIgXuzznStXz6KVpw8TEARyLJkw7j1DpMLXLeBTkAUBzf8CIFqi5fA3AaPvKhSLYrG2s4vQBCRIgePjPiAd0k5NEJpE&lsparams=cps%2Cmet%2Cmh%2Cmm%2Cmn%2Cms%2Cmv%2Cmvi%2Cpl%2Crms%2Cinitcwndbps&lsig=APaTxxMwRgIhAPQkaaJs1IXEJX-Cbg5eGm1DGO1CzimEg9lKTYaBRjRpAiEAhI2kj-ZDRfrJOWndR6J0-jKy2BZAWQhWlPoPued-EIQ%3D -i https://rr5---sn-uxanug5-2xg6.googlevideo.com/videoplayback?expire=1777056331&ei=62XrafGtHe-49fwP5fWigQg&ip=2001%3A8003%3A917a%3A5600%3A6d7e%3Abe40%3A156a%3A4c04&id=o-ANNNTBT7-eXNdnQK-LXhoulo3i-qg8DJpVKbsXs2Jh0S&itag=140&source=youtube&requiressl=yes&xpc=EgVo2aDSNQ%3D%3D&cps=548&met=1777034731%2C&mh=of&mm=31%2C29&mn=sn-uxanug5-2xg6%2Csn-2ohxaj-5x&ms=au%2Crdu&mv=m&mvi=5&pl=39&rms=au%2Cau&initcwndbps=1955000&bui=AUUZDGIgn_jFnoml4_fk1AQZR2HVPLlS5vt4vrnfXzMHSOKqU2TP953Cp0srV_iYaOGDoDlQU6QwXOrr&spc=jlWavZ55p6Fs6kV_aAYyqLqVpGlekcJZUe-SXdW5-Uze&vprv=1&svpuc=1&xtags=acont%3Doriginal%3Alang%3Den-US&mime=audio%2Fmp4&rqh=1&gir=yes&clen=43844516&dur=2709.095&lmt=1776576647285056&mt=1777034254&fvip=1&keepalive=yes&fexp=51565115%2C51565681&c=ANDROID_VR&txp=4532534&sparams=expire%2Cei%2Cip%2Cid%2Citag%2Csource%2Crequiressl%2Cxpc%2Cbui%2Cspc%2Cvprv%2Csvpuc%2Cxtags%2Cmime%2Crqh%2Cgir%2Cclen%2Cdur%2Clmt&sig=AHEqNM4wRAIgR0y81jfUIIrRazxzsPUaxvmL8LJoy7gVglM5v9DW3BgCIDRcTbEpaqXPP7d4l193C-o8jPKObI7xe_-zsTu1nLnq&lsparams=cps%2Cmet%2Cmh%2Cmm%2Cmn%2Cms%2Cmv%2Cmvi%2Cpl%2Crms%2Cinitcwndbps&lsig=APaTxxMwRgIhAPQkaaJs1IXEJX-Cbg5eGm1DGO1CzimEg9lKTYaBRjRpAiEAhI2kj-ZDRfrJOWndR6J0-jKy2BZAWQhWlPoPued-EIQ%3D -c copy k51ixKpAE88.mp4
2026-04-24 21:09:32,283 [INFO] ffmpeg finished for k51ixKpAE88 with code 0
2026-04-24 21:09:32,285 [INFO] [ffprobe:k51ixKpAE88.mp4] Attempt 1/5
2026-04-24 21:09:32,286 [INFO] RUN ffprobe:k51ixKpAE88.mp4: ffprobe -v error -show_entries format=duration -of default=noprint_wrappers=1:nokey=1 k51ixKpAE88.mp4
2026-04-24 21:09:32,343 [INFO] Validation OK for k51ixKpAE88.mp4 (size=118247742, duration=2709.10)
2026-04-24 21:09:32,344 [INFO] Moving k51ixKpAE88.mp4 -> dougdougdoug\Donkey Kong, but if anything kills me I buy it.mp4
2026-04-24 21:09:32,347 [INFO] Download complete for k51ixKpAE88
2026-04-24 21:09:32,349 [INFO] Skipping already downloaded video ItQHQIJvF98 (What happens if you tell ChatGPT to make Fortnite 2?)
2026-04-24 21:09:32,349 [INFO] Processing video -524K8UsPXs (My First time Playing Skyrim BUT my AI Grandma ruins it) from channel failboat
2026-04-24 21:09:32,350 [INFO] Starting download for -524K8UsPXs (My First time Playing Skyrim BUT my AI Grandma ruins it)
2026-04-24 21:09:32,352 [INFO] Download attempt 1/5 for -524K8UsPXs
2026-04-24 21:09:32,352 [INFO] [urls:-524K8UsPXs:134+140] Attempt 1/5
2026-04-24 21:09:32,352 [INFO] RUN urls:-524K8UsPXs:134+140: C:\Tools\yt-dlp\yt-dlp.exe -g -f 134+140 https://www.youtube.com/watch?v=-524K8UsPXs
2026-04-24 21:09:44,303 [WARNING] [urls:-524K8UsPXs:134+140] Failed (code 1).
2026-04-24 21:09:44,303 [INFO] [urls:-524K8UsPXs:134+140] Retrying in 5 seconds...
2026-04-24 21:09:49,304 [INFO] [urls:-524K8UsPXs:134+140] Attempt 2/5
2026-04-24 21:09:49,304 [INFO] RUN urls:-524K8UsPXs:134+140: C:\Tools\yt-dlp\yt-dlp.exe -g -f 134+140 https://www.youtube.com/watch?v=-524K8UsPXs
2026-04-24 21:10:00,073 [WARNING] [urls:-524K8UsPXs:134+140] Failed (code 1).
2026-04-24 21:10:00,073 [INFO] [urls:-524K8UsPXs:134+140] Retrying in 5 seconds...
2026-04-24 21:10:05,074 [INFO] [urls:-524K8UsPXs:134+140] Attempt 3/5
2026-04-24 21:10:05,074 [INFO] RUN urls:-524K8UsPXs:134+140: C:\Tools\yt-dlp\yt-dlp.exe -g -f 134+140 https://www.youtube.com/watch?v=-524K8UsPXs
2026-04-24 21:10:08,959 [WARNING] [urls:-524K8UsPXs:134+140] Failed (code 1).
2026-04-24 21:10:08,959 [INFO] [urls:-524K8UsPXs:134+140] Retrying in 5 seconds...
2026-04-24 21:10:13,960 [INFO] [urls:-524K8UsPXs:134+140] Attempt 4/5
2026-04-24 21:10:13,960 [INFO] RUN urls:-524K8UsPXs:134+140: C:\Tools\yt-dlp\yt-dlp.exe -g -f 134+140 https://www.youtube.com/watch?v=-524K8UsPXs
2026-04-24 21:10:17,809 [WARNING] [urls:-524K8UsPXs:134+140] Failed (code 1).
2026-04-24 21:10:17,809 [INFO] [urls:-524K8UsPXs:134+140] Retrying in 5 seconds...
2026-04-24 21:10:22,809 [INFO] [urls:-524K8UsPXs:134+140] Attempt 5/5
2026-04-24 21:10:22,809 [INFO] RUN urls:-524K8UsPXs:134+140: C:\Tools\yt-dlp\yt-dlp.exe -g -f 134+140 https://www.youtube.com/watch?v=-524K8UsPXs
2026-04-24 21:10:26,831 [WARNING] [urls:-524K8UsPXs:134+140] Failed (code 1).
2026-04-24 21:10:26,831 [ERROR] [urls:-524K8UsPXs:134+140] All 5 attempts failed.
2026-04-24 21:10:26,831 [WARNING] Format 134+140 failed for -524K8UsPXs
2026-04-24 21:10:26,831 [INFO] [urls:-524K8UsPXs:18] Attempt 1/5
2026-04-24 21:10:26,831 [INFO] RUN urls:-524K8UsPXs:18: C:\Tools\yt-dlp\yt-dlp.exe -g -f 18 https://www.youtube.com/watch?v=-524K8UsPXs
2026-04-24 21:10:30,576 [WARNING] [urls:-524K8UsPXs:18] Failed (code 1).
2026-04-24 21:10:30,576 [INFO] [urls:-524K8UsPXs:18] Retrying in 5 seconds...
2026-04-24 21:10:35,577 [INFO] [urls:-524K8UsPXs:18] Attempt 2/5
2026-04-24 21:10:35,577 [INFO] RUN urls:-524K8UsPXs:18: C:\Tools\yt-dlp\yt-dlp.exe -g -f 18 https://www.youtube.com/watch?v=-524K8UsPXs
2026-04-24 21:10:39,237 [WARNING] [urls:-524K8UsPXs:18] Failed (code 1).
2026-04-24 21:10:39,237 [INFO] [urls:-524K8UsPXs:18] Retrying in 5 seconds...
2026-04-24 21:10:44,238 [INFO] [urls:-524K8UsPXs:18] Attempt 3/5
2026-04-24 21:10:44,238 [INFO] RUN urls:-524K8UsPXs:18: C:\Tools\yt-dlp\yt-dlp.exe -g -f 18 https://www.youtube.com/watch?v=-524K8UsPXs
2026-04-24 21:10:47,893 [WARNING] [urls:-524K8UsPXs:18] Failed (code 1).
2026-04-24 21:10:47,893 [INFO] [urls:-524K8UsPXs:18] Retrying in 5 seconds...
2026-04-24 21:10:52,894 [INFO] [urls:-524K8UsPXs:18] Attempt 4/5
2026-04-24 21:10:52,894 [INFO] RUN urls:-524K8UsPXs:18: C:\Tools\yt-dlp\yt-dlp.exe -g -f 18 https://www.youtube.com/watch?v=-524K8UsPXs
2026-04-24 21:10:57,099 [WARNING] [urls:-524K8UsPXs:18] Failed (code 1).
2026-04-24 21:10:57,100 [INFO] [urls:-524K8UsPXs:18] Retrying in 5 seconds...
2026-04-24 21:11:02,101 [INFO] [urls:-524K8UsPXs:18] Attempt 5/5
2026-04-24 21:11:02,101 [INFO] RUN urls:-524K8UsPXs:18: C:\Tools\yt-dlp\yt-dlp.exe -g -f 18 https://www.youtube.com/watch?v=-524K8UsPXs
2026-04-24 21:11:06,016 [WARNING] [urls:-524K8UsPXs:18] Failed (code 1).
2026-04-24 21:11:06,017 [ERROR] [urls:-524K8UsPXs:18] All 5 attempts failed.
2026-04-24 21:11:06,017 [WARNING] Format 18 failed for -524K8UsPXs
2026-04-24 21:11:06,017 [INFO] [urls:-524K8UsPXs:93] Attempt 1/5
2026-04-24 21:11:06,017 [INFO] RUN urls:-524K8UsPXs:93: C:\Tools\yt-dlp\yt-dlp.exe -g -f 93 https://www.youtube.com/watch?v=-524K8UsPXs
2026-04-24 21:11:09,875 [WARNING] [urls:-524K8UsPXs:93] Failed (code 1).
2026-04-24 21:11:09,875 [INFO] [urls:-524K8UsPXs:93] Retrying in 5 seconds...
2026-04-24 21:11:14,876 [INFO] [urls:-524K8UsPXs:93] Attempt 2/5
2026-04-24 21:11:14,876 [INFO] RUN urls:-524K8UsPXs:93: C:\Tools\yt-dlp\yt-dlp.exe -g -f 93 https://www.youtube.com/watch?v=-524K8UsPXs
2026-04-24 21:11:19,160 [WARNING] [urls:-524K8UsPXs:93] Failed (code 1).
2026-04-24 21:11:19,160 [INFO] [urls:-524K8UsPXs:93] Retrying in 5 seconds...
2026-04-24 21:11:24,161 [INFO] [urls:-524K8UsPXs:93] Attempt 3/5
2026-04-24 21:11:24,161 [INFO] RUN urls:-524K8UsPXs:93: C:\Tools\yt-dlp\yt-dlp.exe -g -f 93 https://www.youtube.com/watch?v=-524K8UsPXs
2026-04-24 21:11:28,330 [WARNING] [urls:-524K8UsPXs:93] Failed (code 1).
2026-04-24 21:11:28,330 [INFO] [urls:-524K8UsPXs:93] Retrying in 5 seconds...
2026-04-24 21:11:33,331 [INFO] [urls:-524K8UsPXs:93] Attempt 4/5
2026-04-24 21:11:33,331 [INFO] RUN urls:-524K8UsPXs:93: C:\Tools\yt-dlp\yt-dlp.exe -g -f 93 https://www.youtube.com/watch?v=-524K8UsPXs
2026-04-24 21:11:37,449 [WARNING] [urls:-524K8UsPXs:93] Failed (code 1).
2026-04-24 21:11:37,449 [INFO] [urls:-524K8UsPXs:93] Retrying in 5 seconds...
2026-04-24 21:11:42,450 [INFO] [urls:-524K8UsPXs:93] Attempt 5/5
2026-04-24 21:11:42,450 [INFO] RUN urls:-524K8UsPXs:93: C:\Tools\yt-dlp\yt-dlp.exe -g -f 93 https://www.youtube.com/watch?v=-524K8UsPXs
2026-04-24 21:11:47,007 [WARNING] [urls:-524K8UsPXs:93] Failed (code 1).
2026-04-24 21:11:47,007 [ERROR] [urls:-524K8UsPXs:93] All 5 attempts failed.
2026-04-24 21:11:47,007 [WARNING] Format 93 failed for -524K8UsPXs
2026-04-24 21:11:47,007 [INFO] [urls:-524K8UsPXs:92] Attempt 1/5
2026-04-24 21:11:47,007 [INFO] RUN urls:-524K8UsPXs:92: C:\Tools\yt-dlp\yt-dlp.exe -g -f 92 https://www.youtube.com/watch?v=-524K8UsPXs
2026-04-24 21:11:50,746 [WARNING] [urls:-524K8UsPXs:92] Failed (code 1).
2026-04-24 21:11:50,746 [INFO] [urls:-524K8UsPXs:92] Retrying in 5 seconds...
2026-04-24 21:11:55,747 [INFO] [urls:-524K8UsPXs:92] Attempt 2/5
2026-04-24 21:11:55,747 [INFO] RUN urls:-524K8UsPXs:92: C:\Tools\yt-dlp\yt-dlp.exe -g -f 92 https://www.youtube.com/watch?v=-524K8UsPXs
2026-04-24 21:12:00,574 [WARNING] [urls:-524K8UsPXs:92] Failed (code 1).
2026-04-24 21:12:00,574 [INFO] [urls:-524K8UsPXs:92] Retrying in 5 seconds...
2026-04-24 21:12:05,575 [INFO] [urls:-524K8UsPXs:92] Attempt 3/5
2026-04-24 21:12:05,575 [INFO] RUN urls:-524K8UsPXs:92: C:\Tools\yt-dlp\yt-dlp.exe -g -f 92 https://www.youtube.com/watch?v=-524K8UsPXs
2026-04-24 21:12:09,162 [WARNING] [urls:-524K8UsPXs:92] Failed (code 1).
2026-04-24 21:12:09,162 [INFO] [urls:-524K8UsPXs:92] Retrying in 5 seconds...
2026-04-24 21:12:14,163 [INFO] [urls:-524K8UsPXs:92] Attempt 4/5
2026-04-24 21:12:14,163 [INFO] RUN urls:-524K8UsPXs:92: C:\Tools\yt-dlp\yt-dlp.exe -g -f 92 https://www.youtube.com/watch?v=-524K8UsPXs
2026-04-24 21:12:18,874 [WARNING] [urls:-524K8UsPXs:92] Failed (code 1).
2026-04-24 21:12:18,874 [INFO] [urls:-524K8UsPXs:92] Retrying in 5 seconds...
2026-04-24 21:12:23,875 [INFO] [urls:-524K8UsPXs:92] Attempt 5/5
2026-04-24 21:12:23,875 [INFO] RUN urls:-524K8UsPXs:92: C:\Tools\yt-dlp\yt-dlp.exe -g -f 92 https://www.youtube.com/watch?v=-524K8UsPXs
2026-04-24 21:12:27,622 [WARNING] [urls:-524K8UsPXs:92] Failed (code 1).
2026-04-24 21:12:27,622 [ERROR] [urls:-524K8UsPXs:92] All 5 attempts failed.
2026-04-24 21:12:27,623 [WARNING] Format 92 failed for -524K8UsPXs
2026-04-24 21:12:27,623 [INFO] [urls:-524K8UsPXs:91] Attempt 1/5
2026-04-24 21:12:27,623 [INFO] RUN urls:-524K8UsPXs:91: C:\Tools\yt-dlp\yt-dlp.exe -g -f 91 https://www.youtube.com/watch?v=-524K8UsPXs
2026-04-24 21:12:31,773 [WARNING] [urls:-524K8UsPXs:91] Failed (code 1).
2026-04-24 21:12:31,774 [INFO] [urls:-524K8UsPXs:91] Retrying in 5 seconds...
2026-04-24 21:12:36,774 [INFO] [urls:-524K8UsPXs:91] Attempt 2/5
2026-04-24 21:12:36,774 [INFO] RUN urls:-524K8UsPXs:91: C:\Tools\yt-dlp\yt-dlp.exe -g -f 91 https://www.youtube.com/watch?v=-524K8UsPXs
2026-04-24 21:12:40,568 [WARNING] [urls:-524K8UsPXs:91] Failed (code 1).
2026-04-24 21:12:40,568 [INFO] [urls:-524K8UsPXs:91] Retrying in 5 seconds...
2026-04-24 21:12:45,570 [INFO] [urls:-524K8UsPXs:91] Attempt 3/5
2026-04-24 21:12:45,570 [INFO] RUN urls:-524K8UsPXs:91: C:\Tools\yt-dlp\yt-dlp.exe -g -f 91 https://www.youtube.com/watch?v=-524K8UsPXs
2026-04-24 21:12:49,531 [WARNING] [urls:-524K8UsPXs:91] Failed (code 1).
2026-04-24 21:12:49,531 [INFO] [urls:-524K8UsPXs:91] Retrying in 5 seconds...
2026-04-24 21:12:54,532 [INFO] [urls:-524K8UsPXs:91] Attempt 4/5
2026-04-24 21:12:54,532 [INFO] RUN urls:-524K8UsPXs:91: C:\Tools\yt-dlp\yt-dlp.exe -g -f 91 https://www.youtube.com/watch?v=-524K8UsPXs
2026-04-24 21:12:58,639 [WARNING] [urls:-524K8UsPXs:91] Failed (code 1).
2026-04-24 21:12:58,640 [INFO] [urls:-524K8UsPXs:91] Retrying in 5 seconds...
2026-04-24 21:13:03,640 [INFO] [urls:-524K8UsPXs:91] Attempt 5/5
2026-04-24 21:13:03,640 [INFO] RUN urls:-524K8UsPXs:91: C:\Tools\yt-dlp\yt-dlp.exe -g -f 91 https://www.youtube.com/watch?v=-524K8UsPXs
2026-04-24 21:13:09,797 [WARNING] [urls:-524K8UsPXs:91] Failed (code 1).
2026-04-24 21:13:09,797 [ERROR] [urls:-524K8UsPXs:91] All 5 attempts failed.
2026-04-24 21:13:09,797 [WARNING] Format 91 failed for -524K8UsPXs
2026-04-24 21:13:09,798 [INFO] [urls:-524K8UsPXs:best] Attempt 1/5
2026-04-24 21:13:09,798 [INFO] RUN urls:-524K8UsPXs:best: C:\Tools\yt-dlp\yt-dlp.exe -g -f best https://www.youtube.com/watch?v=-524K8UsPXs
2026-04-24 21:13:13,452 [WARNING] [urls:-524K8UsPXs:best] Failed (code 1).
2026-04-24 21:13:13,452 [INFO] [urls:-524K8UsPXs:best] Retrying in 5 seconds...
2026-04-24 21:13:18,453 [INFO] [urls:-524K8UsPXs:best] Attempt 2/5
2026-04-24 21:13:18,453 [INFO] RUN urls:-524K8UsPXs:best: C:\Tools\yt-dlp\yt-dlp.exe -g -f best https://www.youtube.com/watch?v=-524K8UsPXs
2026-04-24 21:13:23,950 [WARNING] [urls:-524K8UsPXs:best] Failed (code 1).
2026-04-24 21:13:23,950 [INFO] [urls:-524K8UsPXs:best] Retrying in 5 seconds...
2026-04-24 21:13:28,951 [INFO] [urls:-524K8UsPXs:best] Attempt 3/5
2026-04-24 21:13:28,951 [INFO] RUN urls:-524K8UsPXs:best: C:\Tools\yt-dlp\yt-dlp.exe -g -f best https://www.youtube.com/watch?v=-524K8UsPXs
2026-04-24 21:13:32,689 [WARNING] [urls:-524K8UsPXs:best] Failed (code 1).
2026-04-24 21:13:32,689 [INFO] [urls:-524K8UsPXs:best] Retrying in 5 seconds...
2026-04-24 21:13:37,690 [INFO] [urls:-524K8UsPXs:best] Attempt 4/5
2026-04-24 21:13:37,690 [INFO] RUN urls:-524K8UsPXs:best: C:\Tools\yt-dlp\yt-dlp.exe -g -f best https://www.youtube.com/watch?v=-524K8UsPXs
2026-04-24 21:13:41,868 [WARNING] [urls:-524K8UsPXs:best] Failed (code 1).
2026-04-24 21:13:41,868 [INFO] [urls:-524K8UsPXs:best] Retrying in 5 seconds...
2026-04-24 21:13:46,869 [INFO] [urls:-524K8UsPXs:best] Attempt 5/5
2026-04-24 21:13:46,869 [INFO] RUN urls:-524K8UsPXs:best: C:\Tools\yt-dlp\yt-dlp.exe -g -f best https://www.youtube.com/watch?v=-524K8UsPXs
2026-04-24 21:13:50,962 [WARNING] [urls:-524K8UsPXs:best] Failed (code 1).
2026-04-24 21:13:50,962 [ERROR] [urls:-524K8UsPXs:best] All 5 attempts failed.
2026-04-24 21:13:50,963 [WARNING] Format best failed for -524K8UsPXs
2026-04-24 21:13:50,963 [ERROR] All formats failed for -524K8UsPXs
2026-04-24 21:13:50,963 [ERROR] Failed to get URLs for -524K8UsPXs
2026-04-24 21:13:55,964 [INFO] Download attempt 2/5 for -524K8UsPXs
2026-04-24 21:13:55,964 [INFO] [urls:-524K8UsPXs:134+140] Attempt 1/5
2026-04-24 21:13:55,964 [INFO] RUN urls:-524K8UsPXs:134+140: C:\Tools\yt-dlp\yt-dlp.exe -g -f 134+140 https://www.youtube.com/watch?v=-524K8UsPXs
2026-04-24 21:14:00,219 [WARNING] [urls:-524K8UsPXs:134+140] Failed (code 1).
2026-04-24 21:14:00,219 [INFO] [urls:-524K8UsPXs:134+140] Retrying in 5 seconds...
2026-04-24 21:14:05,220 [INFO] [urls:-524K8UsPXs:134+140] Attempt 2/5
2026-04-24 21:14:05,220 [INFO] RUN urls:-524K8UsPXs:134+140: C:\Tools\yt-dlp\yt-dlp.exe -g -f 134+140 https://www.youtube.com/watch?v=-524K8UsPXs
2026-04-24 21:14:09,102 [WARNING] [urls:-524K8UsPXs:134+140] Failed (code 1).
2026-04-24 21:14:09,102 [INFO] [urls:-524K8UsPXs:134+140] Retrying in 5 seconds...
2026-04-24 21:14:14,103 [INFO] [urls:-524K8UsPXs:134+140] Attempt 3/5
2026-04-24 21:14:14,103 [INFO] RUN urls:-524K8UsPXs:134+140: C:\Tools\yt-dlp\yt-dlp.exe -g -f 134+140 https://www.youtube.com/watch?v=-524K8UsPXs
2026-04-24 21:14:18,116 [WARNING] [urls:-524K8UsPXs:134+140] Failed (code 1).
2026-04-24 21:14:18,117 [INFO] [urls:-524K8UsPXs:134+140] Retrying in 5 seconds...
2026-04-24 21:14:23,117 [INFO] [urls:-524K8UsPXs:134+140] Attempt 4/5
2026-04-24 21:14:23,117 [INFO] RUN urls:-524K8UsPXs:134+140: C:\Tools\yt-dlp\yt-dlp.exe -g -f 134+140 https://www.youtube.com/watch?v=-524K8UsPXs
2026-04-24 21:14:27,509 [WARNING] [urls:-524K8UsPXs:134+140] Failed (code 1).
2026-04-24 21:14:27,509 [INFO] [urls:-524K8UsPXs:134+140] Retrying in 5 seconds...
2026-04-24 21:14:32,510 [INFO] [urls:-524K8UsPXs:134+140] Attempt 5/5
2026-04-24 21:14:32,510 [INFO] RUN urls:-524K8UsPXs:134+140: C:\Tools\yt-dlp\yt-dlp.exe -g -f 134+140 https://www.youtube.com/watch?v=-524K8UsPXs
2026-04-24 21:14:36,415 [WARNING] [urls:-524K8UsPXs:134+140] Failed (code 1).
2026-04-24 21:14:36,415 [ERROR] [urls:-524K8UsPXs:134+140] All 5 attempts failed.
2026-04-24 21:14:36,415 [WARNING] Format 134+140 failed for -524K8UsPXs
2026-04-24 21:14:36,416 [INFO] [urls:-524K8UsPXs:18] Attempt 1/5
2026-04-24 21:14:36,416 [INFO] RUN urls:-524K8UsPXs:18: C:\Tools\yt-dlp\yt-dlp.exe -g -f 18 https://www.youtube.com/watch?v=-524K8UsPXs
2026-04-24 21:14:40,264 [WARNING] [urls:-524K8UsPXs:18] Failed (code 1).
2026-04-24 21:14:40,264 [INFO] [urls:-524K8UsPXs:18] Retrying in 5 seconds...
2026-04-24 21:14:45,265 [INFO] [urls:-524K8UsPXs:18] Attempt 2/5
2026-04-24 21:14:45,265 [INFO] RUN urls:-524K8UsPXs:18: C:\Tools\yt-dlp\yt-dlp.exe -g -f 18 https://www.youtube.com/watch?v=-524K8UsPXs
2026-04-24 21:14:49,206 [WARNING] [urls:-524K8UsPXs:18] Failed (code 1).
2026-04-24 21:14:49,207 [INFO] [urls:-524K8UsPXs:18] Retrying in 5 seconds...
2026-04-24 21:14:54,208 [INFO] [urls:-524K8UsPXs:18] Attempt 3/5
2026-04-24 21:14:54,208 [INFO] RUN urls:-524K8UsPXs:18: C:\Tools\yt-dlp\yt-dlp.exe -g -f 18 https://www.youtube.com/watch?v=-524K8UsPXs
2026-04-24 21:14:57,921 [WARNING] [urls:-524K8UsPXs:18] Failed (code 1).
2026-04-24 21:14:57,921 [INFO] [urls:-524K8UsPXs:18] Retrying in 5 seconds...
2026-04-24 21:15:02,921 [INFO] [urls:-524K8UsPXs:18] Attempt 4/5
2026-04-24 21:15:02,921 [INFO] RUN urls:-524K8UsPXs:18: C:\Tools\yt-dlp\yt-dlp.exe -g -f 18 https://www.youtube.com/watch?v=-524K8UsPXs
2026-04-24 21:15:07,296 [WARNING] [urls:-524K8UsPXs:18] Failed (code 1).
2026-04-24 21:15:07,296 [INFO] [urls:-524K8UsPXs:18] Retrying in 5 seconds...
2026-04-24 21:15:12,297 [INFO] [urls:-524K8UsPXs:18] Attempt 5/5
2026-04-24 21:15:12,297 [INFO] RUN urls:-524K8UsPXs:18: C:\Tools\yt-dlp\yt-dlp.exe -g -f 18 https://www.youtube.com/watch?v=-524K8UsPXs
2026-04-24 21:15:16,334 [WARNING] [urls:-524K8UsPXs:18] Failed (code 1).
2026-04-24 21:15:16,334 [ERROR] [urls:-524K8UsPXs:18] All 5 attempts failed.
2026-04-24 21:15:16,334 [WARNING] Format 18 failed for -524K8UsPXs
2026-04-24 21:15:16,334 [INFO] [urls:-524K8UsPXs:93] Attempt 1/5
2026-04-24 21:15:16,334 [INFO] RUN urls:-524K8UsPXs:93: C:\Tools\yt-dlp\yt-dlp.exe -g -f 93 https://www.youtube.com/watch?v=-524K8UsPXs
2026-04-24 21:15:20,549 [WARNING] [urls:-524K8UsPXs:93] Failed (code 1).
2026-04-24 21:15:20,549 [INFO] [urls:-524K8UsPXs:93] Retrying in 5 seconds...
2026-04-24 21:15:25,550 [INFO] [urls:-524K8UsPXs:93] Attempt 2/5
2026-04-24 21:15:25,550 [INFO] RUN urls:-524K8UsPXs:93: C:\Tools\yt-dlp\yt-dlp.exe -g -f 93 https://www.youtube.com/watch?v=-524K8UsPXs
2026-04-24 21:15:29,228 [WARNING] [urls:-524K8UsPXs:93] Failed (code 1).
2026-04-24 21:15:29,228 [INFO] [urls:-524K8UsPXs:93] Retrying in 5 seconds...
2026-04-24 21:15:34,229 [INFO] [urls:-524K8UsPXs:93] Attempt 3/5
2026-04-24 21:15:34,229 [INFO] RUN urls:-524K8UsPXs:93: C:\Tools\yt-dlp\yt-dlp.exe -g -f 93 https://www.youtube.com/watch?v=-524K8UsPXs
2026-04-24 21:15:37,916 [WARNING] [urls:-524K8UsPXs:93] Failed (code 1).
2026-04-24 21:15:37,916 [INFO] [urls:-524K8UsPXs:93] Retrying in 5 seconds...
2026-04-24 21:15:42,917 [INFO] [urls:-524K8UsPXs:93] Attempt 4/5
2026-04-24 21:15:42,917 [INFO] RUN urls:-524K8UsPXs:93: C:\Tools\yt-dlp\yt-dlp.exe -g -f 93 https://www.youtube.com/watch?v=-524K8UsPXs
2026-04-24 21:15:46,826 [WARNING] [urls:-524K8UsPXs:93] Failed (code 1).
2026-04-24 21:15:46,827 [INFO] [urls:-524K8UsPXs:93] Retrying in 5 seconds...
2026-04-24 21:15:51,828 [INFO] [urls:-524K8UsPXs:93] Attempt 5/5
2026-04-24 21:15:51,828 [INFO] RUN urls:-524K8UsPXs:93: C:\Tools\yt-dlp\yt-dlp.exe -g -f 93 https://www.youtube.com/watch?v=-524K8UsPXs
2026-04-24 21:15:57,158 [WARNING] [urls:-524K8UsPXs:93] Failed (code 1).
2026-04-24 21:15:57,159 [ERROR] [urls:-524K8UsPXs:93] All 5 attempts failed.
2026-04-24 21:15:57,159 [WARNING] Format 93 failed for -524K8UsPXs
2026-04-24 21:15:57,159 [INFO] [urls:-524K8UsPXs:92] Attempt 1/5
2026-04-24 21:15:57,159 [INFO] RUN urls:-524K8UsPXs:92: C:\Tools\yt-dlp\yt-dlp.exe -g -f 92 https://www.youtube.com/watch?v=-524K8UsPXs
2026-04-24 21:16:00,952 [WARNING] [urls:-524K8UsPXs:92] Failed (code 1).
2026-04-24 21:16:00,952 [INFO] [urls:-524K8UsPXs:92] Retrying in 5 seconds...
2026-04-24 21:16:05,953 [INFO] [urls:-524K8UsPXs:92] Attempt 2/5
2026-04-24 21:16:05,953 [INFO] RUN urls:-524K8UsPXs:92: C:\Tools\yt-dlp\yt-dlp.exe -g -f 92 https://www.youtube.com/watch?v=-524K8UsPXs
2026-04-24 21:16:09,777 [WARNING] [urls:-524K8UsPXs:92] Failed (code 1).
2026-04-24 21:16:09,777 [INFO] [urls:-524K8UsPXs:92] Retrying in 5 seconds...
2026-04-24 21:16:14,777 [INFO] [urls:-524K8UsPXs:92] Attempt 3/5
2026-04-24 21:16:14,777 [INFO] RUN urls:-524K8UsPXs:92: C:\Tools\yt-dlp\yt-dlp.exe -g -f 92 https://www.youtube.com/watch?v=-524K8UsPXs
2026-04-24 21:16:18,692 [WARNING] [urls:-524K8UsPXs:92] Failed (code 1).
2026-04-24 21:16:18,692 [INFO] [urls:-524K8UsPXs:92] Retrying in 5 seconds...
2026-04-24 21:16:23,693 [INFO] [urls:-524K8UsPXs:92] Attempt 4/5
2026-04-24 21:16:23,693 [INFO] RUN urls:-524K8UsPXs:92: C:\Tools\yt-dlp\yt-dlp.exe -g -f 92 https://www.youtube.com/watch?v=-524K8UsPXs
2026-04-24 21:16:27,524 [WARNING] [urls:-524K8UsPXs:92] Failed (code 1).
2026-04-24 21:16:27,524 [INFO] [urls:-524K8UsPXs:92] Retrying in 5 seconds...
2026-04-24 21:16:32,525 [INFO] [urls:-524K8UsPXs:92] Attempt 5/5
2026-04-24 21:16:32,525 [INFO] RUN urls:-524K8UsPXs:92: C:\Tools\yt-dlp\yt-dlp.exe -g -f 92 https://www.youtube.com/watch?v=-524K8UsPXs
2026-04-24 21:16:39,604 [WARNING] [urls:-524K8UsPXs:92] Failed (code 1).
2026-04-24 21:16:39,604 [ERROR] [urls:-524K8UsPXs:92] All 5 attempts failed.
2026-04-24 21:16:39,604 [WARNING] Format 92 failed for -524K8UsPXs
2026-04-24 21:16:39,604 [INFO] [urls:-524K8UsPXs:91] Attempt 1/5
2026-04-24 21:16:39,604 [INFO] RUN urls:-524K8UsPXs:91: C:\Tools\yt-dlp\yt-dlp.exe -g -f 91 https://www.youtube.com/watch?v=-524K8UsPXs
2026-04-24 21:16:43,506 [WARNING] [urls:-524K8UsPXs:91] Failed (code 1).
2026-04-24 21:16:43,507 [INFO] [urls:-524K8UsPXs:91] Retrying in 5 seconds...
2026-04-24 21:16:48,507 [INFO] [urls:-524K8UsPXs:91] Attempt 2/5
2026-04-24 21:16:48,507 [INFO] RUN urls:-524K8UsPXs:91: C:\Tools\yt-dlp\yt-dlp.exe -g -f 91 https://www.youtube.com/watch?v=-524K8UsPXs
2026-04-24 21:16:52,655 [WARNING] [urls:-524K8UsPXs:91] Failed (code 1).
2026-04-24 21:16:52,655 [INFO] [urls:-524K8UsPXs:91] Retrying in 5 seconds...
2026-04-24 21:16:57,656 [INFO] [urls:-524K8UsPXs:91] Attempt 3/5
2026-04-24 21:16:57,656 [INFO] RUN urls:-524K8UsPXs:91: C:\Tools\yt-dlp\yt-dlp.exe -g -f 91 https://www.youtube.com/watch?v=-524K8UsPXs
2026-04-24 21:17:02,309 [WARNING] [urls:-524K8UsPXs:91] Failed (code 1).
2026-04-24 21:17:02,309 [INFO] [urls:-524K8UsPXs:91] Retrying in 5 seconds...
2026-04-24 21:17:07,311 [INFO] [urls:-524K8UsPXs:91] Attempt 4/5
2026-04-24 21:17:07,311 [INFO] RUN urls:-524K8UsPXs:91: C:\Tools\yt-dlp\yt-dlp.exe -g -f 91 https://www.youtube.com/watch?v=-524K8UsPXs
2026-04-24 21:17:10,725 [WARNING] [urls:-524K8UsPXs:91] Failed (code 1).
2026-04-24 21:17:10,725 [INFO] [urls:-524K8UsPXs:91] Retrying in 5 seconds...
2026-04-24 21:17:15,726 [INFO] [urls:-524K8UsPXs:91] Attempt 5/5
2026-04-24 21:17:15,726 [INFO] RUN urls:-524K8UsPXs:91: C:\Tools\yt-dlp\yt-dlp.exe -g -f 91 https://www.youtube.com/watch?v=-524K8UsPXs
2026-04-24 21:17:19,602 [WARNING] [urls:-524K8UsPXs:91] Failed (code 1).
2026-04-24 21:17:19,602 [ERROR] [urls:-524K8UsPXs:91] All 5 attempts failed.
2026-04-24 21:17:19,602 [WARNING] Format 91 failed for -524K8UsPXs
2026-04-24 21:17:19,602 [INFO] [urls:-524K8UsPXs:best] Attempt 1/5
2026-04-24 21:17:19,602 [INFO] RUN urls:-524K8UsPXs:best: C:\Tools\yt-dlp\yt-dlp.exe -g -f best https://www.youtube.com/watch?v=-524K8UsPXs
2026-04-24 21:17:23,610 [WARNING] [urls:-524K8UsPXs:best] Failed (code 1).
2026-04-24 21:17:23,610 [INFO] [urls:-524K8UsPXs:best] Retrying in 5 seconds...
2026-04-24 21:17:28,611 [INFO] [urls:-524K8UsPXs:best] Attempt 2/5
2026-04-24 21:17:28,611 [INFO] RUN urls:-524K8UsPXs:best: C:\Tools\yt-dlp\yt-dlp.exe -g -f best https://www.youtube.com/watch?v=-524K8UsPXs
2026-04-24 21:17:32,378 [WARNING] [urls:-524K8UsPXs:best] Failed (code 1).
2026-04-24 21:17:32,379 [INFO] [urls:-524K8UsPXs:best] Retrying in 5 seconds...
2026-04-24 21:17:37,379 [INFO] [urls:-524K8UsPXs:best] Attempt 3/5
2026-04-24 21:17:37,379 [INFO] RUN urls:-524K8UsPXs:best: C:\Tools\yt-dlp\yt-dlp.exe -g -f best https://www.youtube.com/watch?v=-524K8UsPXs
2026-04-24 21:17:41,505 [WARNING] [urls:-524K8UsPXs:best] Failed (code 1).
2026-04-24 21:17:41,505 [INFO] [urls:-524K8UsPXs:best] Retrying in 5 seconds...
2026-04-24 21:17:46,507 [INFO] [urls:-524K8UsPXs:best] Attempt 4/5
2026-04-24 21:17:46,507 [INFO] RUN urls:-524K8UsPXs:best: C:\Tools\yt-dlp\yt-dlp.exe -g -f best https://www.youtube.com/watch?v=-524K8UsPXs
2026-04-24 21:17:54,360 [WARNING] [urls:-524K8UsPXs:best] Failed (code 1).
2026-04-24 21:17:54,360 [INFO] [urls:-524K8UsPXs:best] Retrying in 5 seconds...
2026-04-24 21:17:59,360 [INFO] [urls:-524K8UsPXs:best] Attempt 5/5
2026-04-24 21:17:59,360 [INFO] RUN urls:-524K8UsPXs:best: C:\Tools\yt-dlp\yt-dlp.exe -g -f best https://www.youtube.com/watch?v=-524K8UsPXs
2026-04-24 21:18:03,433 [WARNING] [urls:-524K8UsPXs:best] Failed (code 1).
2026-04-24 21:18:03,433 [ERROR] [urls:-524K8UsPXs:best] All 5 attempts failed.
2026-04-24 21:18:03,434 [WARNING] Format best failed for -524K8UsPXs
2026-04-24 21:18:03,434 [ERROR] All formats failed for -524K8UsPXs
2026-04-24 21:18:03,434 [ERROR] Failed to get URLs for -524K8UsPXs
2026-04-24 21:18:08,435 [INFO] Download attempt 3/5 for -524K8UsPXs
2026-04-24 21:18:08,435 [INFO] [urls:-524K8UsPXs:134+140] Attempt 1/5
2026-04-24 21:18:08,435 [INFO] RUN urls:-524K8UsPXs:134+140: C:\Tools\yt-dlp\yt-dlp.exe -g -f 134+140 https://www.youtube.com/watch?v=-524K8UsPXs
2026-04-24 21:18:12,653 [WARNING] [urls:-524K8UsPXs:134+140] Failed (code 1).
2026-04-24 21:18:12,653 [INFO] [urls:-524K8UsPXs:134+140] Retrying in 5 seconds...
2026-04-24 21:18:17,654 [INFO] [urls:-524K8UsPXs:134+140] Attempt 2/5
2026-04-24 21:18:17,654 [INFO] RUN urls:-524K8UsPXs:134+140: C:\Tools\yt-dlp\yt-dlp.exe -g -f 134+140 https://www.youtube.com/watch?v=-524K8UsPXs
2026-04-24 21:18:21,575 [WARNING] [urls:-524K8UsPXs:134+140] Failed (code 1).
2026-04-24 21:18:21,575 [INFO] [urls:-524K8UsPXs:134+140] Retrying in 5 seconds...
2026-04-24 21:18:26,577 [INFO] [urls:-524K8UsPXs:134+140] Attempt 3/5
2026-04-24 21:18:26,577 [INFO] RUN urls:-524K8UsPXs:134+140: C:\Tools\yt-dlp\yt-dlp.exe -g -f 134+140 https://www.youtube.com/watch?v=-524K8UsPXs
2026-04-24 21:18:31,248 [WARNING] [urls:-524K8UsPXs:134+140] Failed (code 1).
2026-04-24 21:18:31,248 [INFO] [urls:-524K8UsPXs:134+140] Retrying in 5 seconds...
2026-04-24 21:18:36,249 [INFO] [urls:-524K8UsPXs:134+140] Attempt 4/5
2026-04-24 21:18:36,249 [INFO] RUN urls:-524K8UsPXs:134+140: C:\Tools\yt-dlp\yt-dlp.exe -g -f 134+140 https://www.youtube.com/watch?v=-524K8UsPXs
2026-04-24 21:18:40,699 [WARNING] [urls:-524K8UsPXs:134+140] Failed (code 1).
2026-04-24 21:18:40,699 [INFO] [urls:-524K8UsPXs:134+140] Retrying in 5 seconds...
2026-04-24 21:18:45,700 [INFO] [urls:-524K8UsPXs:134+140] Attempt 5/5
2026-04-24 21:18:45,700 [INFO] RUN urls:-524K8UsPXs:134+140: C:\Tools\yt-dlp\yt-dlp.exe -g -f 134+140 https://www.youtube.com/watch?v=-524K8UsPXs
2026-04-24 21:18:49,585 [WARNING] [urls:-524K8UsPXs:134+140] Failed (code 1).
2026-04-24 21:18:49,585 [ERROR] [urls:-524K8UsPXs:134+140] All 5 attempts failed.
2026-04-24 21:18:49,585 [WARNING] Format 134+140 failed for -524K8UsPXs
2026-04-24 21:18:49,585 [INFO] [urls:-524K8UsPXs:18] Attempt 1/5
2026-04-24 21:18:49,585 [INFO] RUN urls:-524K8UsPXs:18: C:\Tools\yt-dlp\yt-dlp.exe -g -f 18 https://www.youtube.com/watch?v=-524K8UsPXs
2026-04-24 21:18:53,344 [WARNING] [urls:-524K8UsPXs:18] Failed (code 1).
2026-04-24 21:18:53,344 [INFO] [urls:-524K8UsPXs:18] Retrying in 5 seconds...
2026-04-24 21:18:58,345 [INFO] [urls:-524K8UsPXs:18] Attempt 2/5
2026-04-24 21:18:58,345 [INFO] RUN urls:-524K8UsPXs:18: C:\Tools\yt-dlp\yt-dlp.exe -g -f 18 https://www.youtube.com/watch?v=-524K8UsPXs
2026-04-24 21:19:03,184 [WARNING] [urls:-524K8UsPXs:18] Failed (code 1).
2026-04-24 21:19:03,184 [INFO] [urls:-524K8UsPXs:18] Retrying in 5 seconds...
2026-04-24 21:19:08,186 [INFO] [urls:-524K8UsPXs:18] Attempt 3/5
2026-04-24 21:19:08,186 [INFO] RUN urls:-524K8UsPXs:18: C:\Tools\yt-dlp\yt-dlp.exe -g -f 18 https://www.youtube.com/watch?v=-524K8UsPXs
2026-04-24 21:19:11,744 [WARNING] [urls:-524K8UsPXs:18] Failed (code 1).
2026-04-24 21:19:11,744 [INFO] [urls:-524K8UsPXs:18] Retrying in 5 seconds...
2026-04-24 21:19:16,745 [INFO] [urls:-524K8UsPXs:18] Attempt 4/5
2026-04-24 21:19:16,745 [INFO] RUN urls:-524K8UsPXs:18: C:\Tools\yt-dlp\yt-dlp.exe -g -f 18 https://www.youtube.com/watch?v=-524K8UsPXs
2026-04-24 21:19:22,753 [WARNING] [urls:-524K8UsPXs:18] Failed (code 1).
2026-04-24 21:19:22,753 [INFO] [urls:-524K8UsPXs:18] Retrying in 5 seconds...
2026-04-24 21:19:27,755 [INFO] [urls:-524K8UsPXs:18] Attempt 5/5
2026-04-24 21:19:27,755 [INFO] RUN urls:-524K8UsPXs:18: C:\Tools\yt-dlp\yt-dlp.exe -g -f 18 https://www.youtube.com/watch?v=-524K8UsPXs
2026-04-24 21:19:32,045 [WARNING] [urls:-524K8UsPXs:18] Failed (code 1).
2026-04-24 21:19:32,046 [ERROR] [urls:-524K8UsPXs:18] All 5 attempts failed.
2026-04-24 21:19:32,046 [WARNING] Format 18 failed for -524K8UsPXs
2026-04-24 21:19:32,046 [INFO] [urls:-524K8UsPXs:93] Attempt 1/5
2026-04-24 21:19:32,046 [INFO] RUN urls:-524K8UsPXs:93: C:\Tools\yt-dlp\yt-dlp.exe -g -f 93 https://www.youtube.com/watch?v=-524K8UsPXs
2026-04-24 21:19:36,341 [WARNING] [urls:-524K8UsPXs:93] Failed (code 1).
2026-04-24 21:19:36,341 [INFO] [urls:-524K8UsPXs:93] Retrying in 5 seconds...
2026-04-24 21:19:41,342 [INFO] [urls:-524K8UsPXs:93] Attempt 2/5
2026-04-24 21:19:41,342 [INFO] RUN urls:-524K8UsPXs:93: C:\Tools\yt-dlp\yt-dlp.exe -g -f 93 https://www.youtube.com/watch?v=-524K8UsPXs
2026-04-24 21:19:44,953 [WARNING] [urls:-524K8UsPXs:93] Failed (code 1).
2026-04-24 21:19:44,953 [INFO] [urls:-524K8UsPXs:93] Retrying in 5 seconds...
2026-04-24 21:19:49,955 [INFO] [urls:-524K8UsPXs:93] Attempt 3/5
2026-04-24 21:19:49,955 [INFO] RUN urls:-524K8UsPXs:93: C:\Tools\yt-dlp\yt-dlp.exe -g -f 93 https://www.youtube.com/watch?v=-524K8UsPXs
2026-04-24 21:19:57,855 [WARNING] [urls:-524K8UsPXs:93] Failed (code 1).
2026-04-24 21:19:57,855 [INFO] [urls:-524K8UsPXs:93] Retrying in 5 seconds...
2026-04-24 21:20:02,856 [INFO] [urls:-524K8UsPXs:93] Attempt 4/5
2026-04-24 21:20:02,856 [INFO] RUN urls:-524K8UsPXs:93: C:\Tools\yt-dlp\yt-dlp.exe -g -f 93 https://www.youtube.com/watch?v=-524K8UsPXs
2026-04-24 21:20:06,553 [WARNING] [urls:-524K8UsPXs:93] Failed (code 1).
2026-04-24 21:20:06,553 [INFO] [urls:-524K8UsPXs:93] Retrying in 5 seconds...
2026-04-24 21:20:11,554 [INFO] [urls:-524K8UsPXs:93] Attempt 5/5
2026-04-24 21:20:11,554 [INFO] RUN urls:-524K8UsPXs:93: C:\Tools\yt-dlp\yt-dlp.exe -g -f 93 https://www.youtube.com/watch?v=-524K8UsPXs
2026-04-24 21:20:15,778 [WARNING] [urls:-524K8UsPXs:93] Failed (code 1).
2026-04-24 21:20:15,778 [ERROR] [urls:-524K8UsPXs:93] All 5 attempts failed.
2026-04-24 21:20:15,779 [WARNING] Format 93 failed for -524K8UsPXs
2026-04-24 21:20:15,779 [INFO] [urls:-524K8UsPXs:92] Attempt 1/5
2026-04-24 21:20:15,779 [INFO] RUN urls:-524K8UsPXs:92: C:\Tools\yt-dlp\yt-dlp.exe -g -f 92 https://www.youtube.com/watch?v=-524K8UsPXs
2026-04-24 21:20:20,007 [WARNING] [urls:-524K8UsPXs:92] Failed (code 1).
2026-04-24 21:20:20,007 [INFO] [urls:-524K8UsPXs:92] Retrying in 5 seconds...
2026-04-24 21:20:25,007 [INFO] [urls:-524K8UsPXs:92] Attempt 2/5
2026-04-24 21:20:25,007 [INFO] RUN urls:-524K8UsPXs:92: C:\Tools\yt-dlp\yt-dlp.exe -g -f 92 https://www.youtube.com/watch?v=-524K8UsPXs
2026-04-24 21:20:28,893 [WARNING] [urls:-524K8UsPXs:92] Failed (code 1).
2026-04-24 21:20:28,894 [INFO] [urls:-524K8UsPXs:92] Retrying in 5 seconds...
2026-04-24 21:20:33,894 [INFO] [urls:-524K8UsPXs:92] Attempt 3/5
2026-04-24 21:20:33,894 [INFO] RUN urls:-524K8UsPXs:92: C:\Tools\yt-dlp\yt-dlp.exe -g -f 92 https://www.youtube.com/watch?v=-524K8UsPXs
2026-04-24 21:20:37,479 [WARNING] [urls:-524K8UsPXs:92] Failed (code 1).
2026-04-24 21:20:37,479 [INFO] [urls:-524K8UsPXs:92] Retrying in 5 seconds...
2026-04-24 21:20:42,479 [INFO] [urls:-524K8UsPXs:92] Attempt 4/5
2026-04-24 21:20:42,479 [INFO] RUN urls:-524K8UsPXs:92: C:\Tools\yt-dlp\yt-dlp.exe -g -f 92 https://www.youtube.com/watch?v=-524K8UsPXs
2026-04-24 21:20:46,314 [WARNING] [urls:-524K8UsPXs:92] Failed (code 1).
2026-04-24 21:20:46,315 [INFO] [urls:-524K8UsPXs:92] Retrying in 5 seconds...
2026-04-24 21:20:51,316 [INFO] [urls:-524K8UsPXs:92] Attempt 5/5
2026-04-24 21:20:51,316 [INFO] RUN urls:-524K8UsPXs:92: C:\Tools\yt-dlp\yt-dlp.exe -g -f 92 https://www.youtube.com/watch?v=-524K8UsPXs
2026-04-24 21:20:55,169 [WARNING] [urls:-524K8UsPXs:92] Failed (code 1).
2026-04-24 21:20:55,169 [ERROR] [urls:-524K8UsPXs:92] All 5 attempts failed.
2026-04-24 21:20:55,169 [WARNING] Format 92 failed for -524K8UsPXs
2026-04-24 21:20:55,169 [INFO] [urls:-524K8UsPXs:91] Attempt 1/5
2026-04-24 21:20:55,169 [INFO] RUN urls:-524K8UsPXs:91: C:\Tools\yt-dlp\yt-dlp.exe -g -f 91 https://www.youtube.com/watch?v=-524K8UsPXs
2026-04-24 21:20:59,038 [WARNING] [urls:-524K8UsPXs:91] Failed (code 1).
2026-04-24 21:20:59,038 [INFO] [urls:-524K8UsPXs:91] Retrying in 5 seconds...
2026-04-24 21:21:04,039 [INFO] [urls:-524K8UsPXs:91] Attempt 2/5
2026-04-24 21:21:04,039 [INFO] RUN urls:-524K8UsPXs:91: C:\Tools\yt-dlp\yt-dlp.exe -g -f 91 https://www.youtube.com/watch?v=-524K8UsPXs
2026-04-24 21:21:07,913 [WARNING] [urls:-524K8UsPXs:91] Failed (code 1).
2026-04-24 21:21:07,913 [INFO] [urls:-524K8UsPXs:91] Retrying in 5 seconds...
2026-04-24 21:21:12,914 [INFO] [urls:-524K8UsPXs:91] Attempt 3/5
2026-04-24 21:21:12,914 [INFO] RUN urls:-524K8UsPXs:91: C:\Tools\yt-dlp\yt-dlp.exe -g -f 91 https://www.youtube.com/watch?v=-524K8UsPXs
2026-04-24 21:21:16,837 [WARNING] [urls:-524K8UsPXs:91] Failed (code 1).
2026-04-24 21:21:16,837 [INFO] [urls:-524K8UsPXs:91] Retrying in 5 seconds...
2026-04-24 21:21:21,838 [INFO] [urls:-524K8UsPXs:91] Attempt 4/5
2026-04-24 21:21:21,838 [INFO] RUN urls:-524K8UsPXs:91: C:\Tools\yt-dlp\yt-dlp.exe -g -f 91 https://www.youtube.com/watch?v=-524K8UsPXs
2026-04-24 21:21:25,743 [WARNING] [urls:-524K8UsPXs:91] Failed (code 1).
2026-04-24 21:21:25,743 [INFO] [urls:-524K8UsPXs:91] Retrying in 5 seconds...
2026-04-24 21:21:30,745 [INFO] [urls:-524K8UsPXs:91] Attempt 5/5
2026-04-24 21:21:30,745 [INFO] RUN urls:-524K8UsPXs:91: C:\Tools\yt-dlp\yt-dlp.exe -g -f 91 https://www.youtube.com/watch?v=-524K8UsPXs
2026-04-24 21:21:34,567 [WARNING] [urls:-524K8UsPXs:91] Failed (code 1).
2026-04-24 21:21:34,567 [ERROR] [urls:-524K8UsPXs:91] All 5 attempts failed.
2026-04-24 21:21:34,567 [WARNING] Format 91 failed for -524K8UsPXs
2026-04-24 21:21:34,567 [INFO] [urls:-524K8UsPXs:best] Attempt 1/5
2026-04-24 21:21:34,567 [INFO] RUN urls:-524K8UsPXs:best: C:\Tools\yt-dlp\yt-dlp.exe -g -f best https://www.youtube.com/watch?v=-524K8UsPXs
2026-04-24 21:21:38,268 [WARNING] [urls:-524K8UsPXs:best] Failed (code 1).
2026-04-24 21:21:38,268 [INFO] [urls:-524K8UsPXs:best] Retrying in 5 seconds...
2026-04-24 21:21:43,269 [INFO] [urls:-524K8UsPXs:best] Attempt 2/5
2026-04-24 21:21:43,269 [INFO] RUN urls:-524K8UsPXs:best: C:\Tools\yt-dlp\yt-dlp.exe -g -f best https://www.youtube.com/watch?v=-524K8UsPXs
2026-04-24 21:21:46,824 [WARNING] [urls:-524K8UsPXs:best] Failed (code 1).
2026-04-24 21:21:46,825 [INFO] [urls:-524K8UsPXs:best] Retrying in 5 seconds...
2026-04-24 21:21:51,825 [INFO] [urls:-524K8UsPXs:best] Attempt 3/5
2026-04-24 21:21:51,825 [INFO] RUN urls:-524K8UsPXs:best: C:\Tools\yt-dlp\yt-dlp.exe -g -f best https://www.youtube.com/watch?v=-524K8UsPXs
2026-04-24 21:21:55,671 [WARNING] [urls:-524K8UsPXs:best] Failed (code 1).
2026-04-24 21:21:55,671 [INFO] [urls:-524K8UsPXs:best] Retrying in 5 seconds...
2026-04-24 21:22:00,672 [INFO] [urls:-524K8UsPXs:best] Attempt 4/5
2026-04-24 21:22:00,672 [INFO] RUN urls:-524K8UsPXs:best: C:\Tools\yt-dlp\yt-dlp.exe -g -f best https://www.youtube.com/watch?v=-524K8UsPXs
2026-04-24 21:22:04,911 [WARNING] [urls:-524K8UsPXs:best] Failed (code 1).
2026-04-24 21:22:04,911 [INFO] [urls:-524K8UsPXs:best] Retrying in 5 seconds...
2026-04-24 21:22:09,913 [INFO] [urls:-524K8UsPXs:best] Attempt 5/5
2026-04-24 21:22:09,913 [INFO] RUN urls:-524K8UsPXs:best: C:\Tools\yt-dlp\yt-dlp.exe -g -f best https://www.youtube.com/watch?v=-524K8UsPXs
2026-04-24 21:22:13,817 [WARNING] [urls:-524K8UsPXs:best] Failed (code 1).
2026-04-24 21:22:13,817 [ERROR] [urls:-524K8UsPXs:best] All 5 attempts failed.
2026-04-24 21:22:13,817 [WARNING] Format best failed for -524K8UsPXs
2026-04-24 21:22:13,817 [ERROR] All formats failed for -524K8UsPXs
2026-04-24 21:22:13,818 [ERROR] Failed to get URLs for -524K8UsPXs
2026-04-24 21:22:18,819 [INFO] Download attempt 4/5 for -524K8UsPXs
2026-04-24 21:22:18,819 [INFO] [urls:-524K8UsPXs:134+140] Attempt 1/5
2026-04-24 21:22:18,819 [INFO] RUN urls:-524K8UsPXs:134+140: C:\Tools\yt-dlp\yt-dlp.exe -g -f 134+140 https://www.youtube.com/watch?v=-524K8UsPXs
2026-04-24 21:22:23,175 [WARNING] [urls:-524K8UsPXs:134+140] Failed (code 1).
2026-04-24 21:22:23,175 [INFO] [urls:-524K8UsPXs:134+140] Retrying in 5 seconds...
2026-04-24 21:22:28,177 [INFO] [urls:-524K8UsPXs:134+140] Attempt 2/5
2026-04-24 21:22:28,177 [INFO] RUN urls:-524K8UsPXs:134+140: C:\Tools\yt-dlp\yt-dlp.exe -g -f 134+140 https://www.youtube.com/watch?v=-524K8UsPXs
2026-04-24 21:22:31,963 [WARNING] [urls:-524K8UsPXs:134+140] Failed (code 1).
2026-04-24 21:22:31,964 [INFO] [urls:-524K8UsPXs:134+140] Retrying in 5 seconds...
2026-04-24 21:22:36,964 [INFO] [urls:-524K8UsPXs:134+140] Attempt 3/5
2026-04-24 21:22:36,964 [INFO] RUN urls:-524K8UsPXs:134+140: C:\Tools\yt-dlp\yt-dlp.exe -g -f 134+140 https://www.youtube.com/watch?v=-524K8UsPXs
2026-04-24 21:22:40,863 [WARNING] [urls:-524K8UsPXs:134+140] Failed (code 1).
2026-04-24 21:22:40,863 [INFO] [urls:-524K8UsPXs:134+140] Retrying in 5 seconds...
2026-04-24 21:22:45,864 [INFO] [urls:-524K8UsPXs:134+140] Attempt 4/5
2026-04-24 21:22:45,864 [INFO] RUN urls:-524K8UsPXs:134+140: C:\Tools\yt-dlp\yt-dlp.exe -g -f 134+140 https://www.youtube.com/watch?v=-524K8UsPXs
2026-04-24 21:22:49,519 [WARNING] [urls:-524K8UsPXs:134+140] Failed (code 1).
2026-04-24 21:22:49,519 [INFO] [urls:-524K8UsPXs:134+140] Retrying in 5 seconds...
2026-04-24 21:22:54,519 [INFO] [urls:-524K8UsPXs:134+140] Attempt 5/5
2026-04-24 21:22:54,519 [INFO] RUN urls:-524K8UsPXs:134+140: C:\Tools\yt-dlp\yt-dlp.exe -g -f 134+140 https://www.youtube.com/watch?v=-524K8UsPXs
2026-04-24 21:22:59,217 [WARNING] [urls:-524K8UsPXs:134+140] Failed (code 1).
2026-04-24 21:22:59,217 [ERROR] [urls:-524K8UsPXs:134+140] All 5 attempts failed.
2026-04-24 21:22:59,217 [WARNING] Format 134+140 failed for -524K8UsPXs
2026-04-24 21:22:59,217 [INFO] [urls:-524K8UsPXs:18] Attempt 1/5
2026-04-24 21:22:59,217 [INFO] RUN urls:-524K8UsPXs:18: C:\Tools\yt-dlp\yt-dlp.exe -g -f 18 https://www.youtube.com/watch?v=-524K8UsPXs
2026-04-24 21:23:03,296 [WARNING] [urls:-524K8UsPXs:18] Failed (code 1).
2026-04-24 21:23:03,296 [INFO] [urls:-524K8UsPXs:18] Retrying in 5 seconds...
2026-04-24 21:23:08,297 [INFO] [urls:-524K8UsPXs:18] Attempt 2/5
2026-04-24 21:23:08,297 [INFO] RUN urls:-524K8UsPXs:18: C:\Tools\yt-dlp\yt-dlp.exe -g -f 18 https://www.youtube.com/watch?v=-524K8UsPXs
2026-04-24 21:23:12,111 [WARNING] [urls:-524K8UsPXs:18] Failed (code 1).
2026-04-24 21:23:12,112 [INFO] [urls:-524K8UsPXs:18] Retrying in 5 seconds...
2026-04-24 21:23:17,112 [INFO] [urls:-524K8UsPXs:18] Attempt 3/5
2026-04-24 21:23:17,112 [INFO] RUN urls:-524K8UsPXs:18: C:\Tools\yt-dlp\yt-dlp.exe -g -f 18 https://www.youtube.com/watch?v=-524K8UsPXs
2026-04-24 21:23:21,163 [WARNING] [urls:-524K8UsPXs:18] Failed (code 1).
2026-04-24 21:23:21,163 [INFO] [urls:-524K8UsPXs:18] Retrying in 5 seconds...
2026-04-24 21:23:26,164 [INFO] [urls:-524K8UsPXs:18] Attempt 4/5
2026-04-24 21:23:26,164 [INFO] RUN urls:-524K8UsPXs:18: C:\Tools\yt-dlp\yt-dlp.exe -g -f 18 https://www.youtube.com/watch?v=-524K8UsPXs
2026-04-24 21:23:30,026 [WARNING] [urls:-524K8UsPXs:18] Failed (code 1).
2026-04-24 21:23:30,026 [INFO] [urls:-524K8UsPXs:18] Retrying in 5 seconds...
2026-04-24 21:23:35,027 [INFO] [urls:-524K8UsPXs:18] Attempt 5/5
2026-04-24 21:23:35,027 [INFO] RUN urls:-524K8UsPXs:18: C:\Tools\yt-dlp\yt-dlp.exe -g -f 18 https://www.youtube.com/watch?v=-524K8UsPXs
2026-04-24 21:23:38,956 [WARNING] [urls:-524K8UsPXs:18] Failed (code 1).
2026-04-24 21:23:38,957 [ERROR] [urls:-524K8UsPXs:18] All 5 attempts failed.
2026-04-24 21:23:38,957 [WARNING] Format 18 failed for -524K8UsPXs
2026-04-24 21:23:38,957 [INFO] [urls:-524K8UsPXs:93] Attempt 1/5
2026-04-24 21:23:38,957 [INFO] RUN urls:-524K8UsPXs:93: C:\Tools\yt-dlp\yt-dlp.exe -g -f 93 https://www.youtube.com/watch?v=-524K8UsPXs
2026-04-24 21:23:42,934 [WARNING] [urls:-524K8UsPXs:93] Failed (code 1).
2026-04-24 21:23:42,934 [INFO] [urls:-524K8UsPXs:93] Retrying in 5 seconds...
2026-04-24 21:23:47,936 [INFO] [urls:-524K8UsPXs:93] Attempt 2/5
2026-04-24 21:23:47,936 [INFO] RUN urls:-524K8UsPXs:93: C:\Tools\yt-dlp\yt-dlp.exe -g -f 93 https://www.youtube.com/watch?v=-524K8UsPXs
2026-04-24 21:23:51,791 [WARNING] [urls:-524K8UsPXs:93] Failed (code 1).
2026-04-24 21:23:51,791 [INFO] [urls:-524K8UsPXs:93] Retrying in 5 seconds...
2026-04-24 21:23:56,793 [INFO] [urls:-524K8UsPXs:93] Attempt 3/5
2026-04-24 21:23:56,793 [INFO] RUN urls:-524K8UsPXs:93: C:\Tools\yt-dlp\yt-dlp.exe -g -f 93 https://www.youtube.com/watch?v=-524K8UsPXs
2026-04-24 21:24:00,898 [WARNING] [urls:-524K8UsPXs:93] Failed (code 1).
2026-04-24 21:24:00,898 [INFO] [urls:-524K8UsPXs:93] Retrying in 5 seconds...
2026-04-24 21:24:05,899 [INFO] [urls:-524K8UsPXs:93] Attempt 4/5
2026-04-24 21:24:05,899 [INFO] RUN urls:-524K8UsPXs:93: C:\Tools\yt-dlp\yt-dlp.exe -g -f 93 https://www.youtube.com/watch?v=-524K8UsPXs
2026-04-24 21:24:10,769 [WARNING] [urls:-524K8UsPXs:93] Failed (code 1).
2026-04-24 21:24:10,769 [INFO] [urls:-524K8UsPXs:93] Retrying in 5 seconds...
2026-04-24 21:24:15,770 [INFO] [urls:-524K8UsPXs:93] Attempt 5/5
2026-04-24 21:24:15,770 [INFO] RUN urls:-524K8UsPXs:93: C:\Tools\yt-dlp\yt-dlp.exe -g -f 93 https://www.youtube.com/watch?v=-524K8UsPXs
2026-04-24 21:24:19,524 [WARNING] [urls:-524K8UsPXs:93] Failed (code 1).
2026-04-24 21:24:19,524 [ERROR] [urls:-524K8UsPXs:93] All 5 attempts failed.
2026-04-24 21:24:19,524 [WARNING] Format 93 failed for -524K8UsPXs
2026-04-24 21:24:19,524 [INFO] [urls:-524K8UsPXs:92] Attempt 1/5
2026-04-24 21:24:19,524 [INFO] RUN urls:-524K8UsPXs:92: C:\Tools\yt-dlp\yt-dlp.exe -g -f 92 https://www.youtube.com/watch?v=-524K8UsPXs
2026-04-24 21:24:24,121 [WARNING] [urls:-524K8UsPXs:92] Failed (code 1).
2026-04-24 21:24:24,121 [INFO] [urls:-524K8UsPXs:92] Retrying in 5 seconds...
2026-04-24 21:24:29,121 [INFO] [urls:-524K8UsPXs:92] Attempt 2/5
2026-04-24 21:24:29,121 [INFO] RUN urls:-524K8UsPXs:92: C:\Tools\yt-dlp\yt-dlp.exe -g -f 92 https://www.youtube.com/watch?v=-524K8UsPXs
2026-04-24 21:24:32,986 [WARNING] [urls:-524K8UsPXs:92] Failed (code 1).
2026-04-24 21:24:32,986 [INFO] [urls:-524K8UsPXs:92] Retrying in 5 seconds...
2026-04-24 21:24:37,987 [INFO] [urls:-524K8UsPXs:92] Attempt 3/5
2026-04-24 21:24:37,987 [INFO] RUN urls:-524K8UsPXs:92: C:\Tools\yt-dlp\yt-dlp.exe -g -f 92 https://www.youtube.com/watch?v=-524K8UsPXs
2026-04-24 21:24:42,272 [WARNING] [urls:-524K8UsPXs:92] Failed (code 1).
2026-04-24 21:24:42,272 [INFO] [urls:-524K8UsPXs:92] Retrying in 5 seconds...
2026-04-24 21:24:47,273 [INFO] [urls:-524K8UsPXs:92] Attempt 4/5
2026-04-24 21:24:47,273 [INFO] RUN urls:-524K8UsPXs:92: C:\Tools\yt-dlp\yt-dlp.exe -g -f 92 https://www.youtube.com/watch?v=-524K8UsPXs
2026-04-24 21:24:51,289 [WARNING] [urls:-524K8UsPXs:92] Failed (code 1).
2026-04-24 21:24:51,291 [INFO] [urls:-524K8UsPXs:92] Retrying in 5 seconds...
2026-04-24 21:24:56,291 [INFO] [urls:-524K8UsPXs:92] Attempt 5/5
2026-04-24 21:24:56,291 [INFO] RUN urls:-524K8UsPXs:92: C:\Tools\yt-dlp\yt-dlp.exe -g -f 92 https://www.youtube.com/watch?v=-524K8UsPXs
2026-04-24 21:25:00,471 [WARNING] [urls:-524K8UsPXs:92] Failed (code 1).
2026-04-24 21:25:00,471 [ERROR] [urls:-524K8UsPXs:92] All 5 attempts failed.
2026-04-24 21:25:00,471 [WARNING] Format 92 failed for -524K8UsPXs
2026-04-24 21:25:00,471 [INFO] [urls:-524K8UsPXs:91] Attempt 1/5
2026-04-24 21:25:00,472 [INFO] RUN urls:-524K8UsPXs:91: C:\Tools\yt-dlp\yt-dlp.exe -g -f 91 https://www.youtube.com/watch?v=-524K8UsPXs
2026-04-24 21:25:04,309 [WARNING] [urls:-524K8UsPXs:91] Failed (code 1).
2026-04-24 21:25:04,309 [INFO] [urls:-524K8UsPXs:91] Retrying in 5 seconds...
2026-04-24 21:25:09,310 [INFO] [urls:-524K8UsPXs:91] Attempt 2/5
2026-04-24 21:25:09,310 [INFO] RUN urls:-524K8UsPXs:91: C:\Tools\yt-dlp\yt-dlp.exe -g -f 91 https://www.youtube.com/watch?v=-524K8UsPXs
2026-04-24 21:25:13,150 [WARNING] [urls:-524K8UsPXs:91] Failed (code 1).
2026-04-24 21:25:13,150 [INFO] [urls:-524K8UsPXs:91] Retrying in 5 seconds...
2026-04-24 21:25:18,151 [INFO] [urls:-524K8UsPXs:91] Attempt 3/5
2026-04-24 21:25:18,151 [INFO] RUN urls:-524K8UsPXs:91: C:\Tools\yt-dlp\yt-dlp.exe -g -f 91 https://www.youtube.com/watch?v=-524K8UsPXs
2026-04-24 21:25:22,529 [WARNING] [urls:-524K8UsPXs:91] Failed (code 1).
2026-04-24 21:25:22,529 [INFO] [urls:-524K8UsPXs:91] Retrying in 5 seconds...
2026-04-24 21:25:27,530 [INFO] [urls:-524K8UsPXs:91] Attempt 4/5
2026-04-24 21:25:27,530 [INFO] RUN urls:-524K8UsPXs:91: C:\Tools\yt-dlp\yt-dlp.exe -g -f 91 https://www.youtube.com/watch?v=-524K8UsPXs
2026-04-24 21:25:31,510 [WARNING] [urls:-524K8UsPXs:91] Failed (code 1).
2026-04-24 21:25:31,510 [INFO] [urls:-524K8UsPXs:91] Retrying in 5 seconds...
2026-04-24 21:25:36,511 [INFO] [urls:-524K8UsPXs:91] Attempt 5/5
2026-04-24 21:25:36,511 [INFO] RUN urls:-524K8UsPXs:91: C:\Tools\yt-dlp\yt-dlp.exe -g -f 91 https://www.youtube.com/watch?v=-524K8UsPXs
2026-04-24 21:25:41,057 [WARNING] [urls:-524K8UsPXs:91] Failed (code 1).
2026-04-24 21:25:41,057 [ERROR] [urls:-524K8UsPXs:91] All 5 attempts failed.
2026-04-24 21:25:41,057 [WARNING] Format 91 failed for -524K8UsPXs
2026-04-24 21:25:41,057 [INFO] [urls:-524K8UsPXs:best] Attempt 1/5
2026-04-24 21:25:41,057 [INFO] RUN urls:-524K8UsPXs:best: C:\Tools\yt-dlp\yt-dlp.exe -g -f best https://www.youtube.com/watch?v=-524K8UsPXs
2026-04-24 21:25:45,377 [WARNING] [urls:-524K8UsPXs:best] Failed (code 1).
2026-04-24 21:25:45,377 [INFO] [urls:-524K8UsPXs:best] Retrying in 5 seconds...
2026-04-24 21:25:50,377 [INFO] [urls:-524K8UsPXs:best] Attempt 2/5
2026-04-24 21:25:50,377 [INFO] RUN urls:-524K8UsPXs:best: C:\Tools\yt-dlp\yt-dlp.exe -g -f best https://www.youtube.com/watch?v=-524K8UsPXs
2026-04-24 21:25:54,209 [WARNING] [urls:-524K8UsPXs:best] Failed (code 1).
2026-04-24 21:25:54,209 [INFO] [urls:-524K8UsPXs:best] Retrying in 5 seconds...
2026-04-24 21:25:59,210 [INFO] [urls:-524K8UsPXs:best] Attempt 3/5
2026-04-24 21:25:59,210 [INFO] RUN urls:-524K8UsPXs:best: C:\Tools\yt-dlp\yt-dlp.exe -g -f best https://www.youtube.com/watch?v=-524K8UsPXs
2026-04-24 21:26:02,973 [WARNING] [urls:-524K8UsPXs:best] Failed (code 1).
2026-04-24 21:26:02,973 [INFO] [urls:-524K8UsPXs:best] Retrying in 5 seconds...
2026-04-24 21:26:07,974 [INFO] [urls:-524K8UsPXs:best] Attempt 4/5
2026-04-24 21:26:07,974 [INFO] RUN urls:-524K8UsPXs:best: C:\Tools\yt-dlp\yt-dlp.exe -g -f best https://www.youtube.com/watch?v=-524K8UsPXs
2026-04-24 21:26:11,975 [WARNING] [urls:-524K8UsPXs:best] Failed (code 1).
2026-04-24 21:26:11,975 [INFO] [urls:-524K8UsPXs:best] Retrying in 5 seconds...
2026-04-24 21:26:16,976 [INFO] [urls:-524K8UsPXs:best] Attempt 5/5
2026-04-24 21:26:16,976 [INFO] RUN urls:-524K8UsPXs:best: C:\Tools\yt-dlp\yt-dlp.exe -g -f best https://www.youtube.com/watch?v=-524K8UsPXs
2026-04-24 21:26:21,518 [WARNING] [urls:-524K8UsPXs:best] Failed (code 1).
2026-04-24 21:26:21,518 [ERROR] [urls:-524K8UsPXs:best] All 5 attempts failed.
2026-04-24 21:26:21,518 [WARNING] Format best failed for -524K8UsPXs
2026-04-24 21:26:21,518 [ERROR] All formats failed for -524K8UsPXs
2026-04-24 21:26:21,518 [ERROR] Failed to get URLs for -524K8UsPXs
2026-04-24 21:26:26,520 [INFO] Download attempt 5/5 for -524K8UsPXs
2026-04-24 21:26:26,520 [INFO] [urls:-524K8UsPXs:134+140] Attempt 1/5
2026-04-24 21:26:26,520 [INFO] RUN urls:-524K8UsPXs:134+140: C:\Tools\yt-dlp\yt-dlp.exe -g -f 134+140 https://www.youtube.com/watch?v=-524K8UsPXs
2026-04-24 21:26:30,391 [WARNING] [urls:-524K8UsPXs:134+140] Failed (code 1).
2026-04-24 21:26:30,391 [INFO] [urls:-524K8UsPXs:134+140] Retrying in 5 seconds...
2026-04-24 21:26:35,392 [INFO] [urls:-524K8UsPXs:134+140] Attempt 2/5
2026-04-24 21:26:35,392 [INFO] RUN urls:-524K8UsPXs:134+140: C:\Tools\yt-dlp\yt-dlp.exe -g -f 134+140 https://www.youtube.com/watch?v=-524K8UsPXs
2026-04-24 21:26:39,483 [WARNING] [urls:-524K8UsPXs:134+140] Failed (code 1).
2026-04-24 21:26:39,483 [INFO] [urls:-524K8UsPXs:134+140] Retrying in 5 seconds...
2026-04-24 21:26:44,484 [INFO] [urls:-524K8UsPXs:134+140] Attempt 3/5
2026-04-24 21:26:44,484 [INFO] RUN urls:-524K8UsPXs:134+140: C:\Tools\yt-dlp\yt-dlp.exe -g -f 134+140 https://www.youtube.com/watch?v=-524K8UsPXs
2026-04-24 21:26:48,488 [WARNING] [urls:-524K8UsPXs:134+140] Failed (code 1).
2026-04-24 21:26:48,488 [INFO] [urls:-524K8UsPXs:134+140] Retrying in 5 seconds...
2026-04-24 21:26:53,489 [INFO] [urls:-524K8UsPXs:134+140] Attempt 4/5
2026-04-24 21:26:53,489 [INFO] RUN urls:-524K8UsPXs:134+140: C:\Tools\yt-dlp\yt-dlp.exe -g -f 134+140 https://www.youtube.com/watch?v=-524K8UsPXs
2026-04-24 21:26:57,606 [WARNING] [urls:-524K8UsPXs:134+140] Failed (code 1).
2026-04-24 21:26:57,606 [INFO] [urls:-524K8UsPXs:134+140] Retrying in 5 seconds...
2026-04-24 21:27:02,607 [INFO] [urls:-524K8UsPXs:134+140] Attempt 5/5
2026-04-24 21:27:02,607 [INFO] RUN urls:-524K8UsPXs:134+140: C:\Tools\yt-dlp\yt-dlp.exe -g -f 134+140 https://www.youtube.com/watch?v=-524K8UsPXs
2026-04-24 21:27:06,417 [WARNING] [urls:-524K8UsPXs:134+140] Failed (code 1).
2026-04-24 21:27:06,417 [ERROR] [urls:-524K8UsPXs:134+140] All 5 attempts failed.
2026-04-24 21:27:06,417 [WARNING] Format 134+140 failed for -524K8UsPXs
2026-04-24 21:27:06,418 [INFO] [urls:-524K8UsPXs:18] Attempt 1/5
2026-04-24 21:27:06,418 [INFO] RUN urls:-524K8UsPXs:18: C:\Tools\yt-dlp\yt-dlp.exe -g -f 18 https://www.youtube.com/watch?v=-524K8UsPXs
2026-04-24 21:27:10,338 [WARNING] [urls:-524K8UsPXs:18] Failed (code 1).
2026-04-24 21:27:10,338 [INFO] [urls:-524K8UsPXs:18] Retrying in 5 seconds...
2026-04-24 21:27:15,339 [INFO] [urls:-524K8UsPXs:18] Attempt 2/5
2026-04-24 21:27:15,339 [INFO] RUN urls:-524K8UsPXs:18: C:\Tools\yt-dlp\yt-dlp.exe -g -f 18 https://www.youtube.com/watch?v=-524K8UsPXs
2026-04-24 21:27:20,735 [WARNING] [urls:-524K8UsPXs:18] Failed (code 1).
2026-04-24 21:27:20,735 [INFO] [urls:-524K8UsPXs:18] Retrying in 5 seconds...
2026-04-24 21:27:25,736 [INFO] [urls:-524K8UsPXs:18] Attempt 3/5
2026-04-24 21:27:25,736 [INFO] RUN urls:-524K8UsPXs:18: C:\Tools\yt-dlp\yt-dlp.exe -g -f 18 https://www.youtube.com/watch?v=-524K8UsPXs
2026-04-24 21:27:30,433 [WARNING] [urls:-524K8UsPXs:18] Failed (code 1).
2026-04-24 21:27:30,433 [INFO] [urls:-524K8UsPXs:18] Retrying in 5 seconds...
2026-04-24 21:27:35,434 [INFO] [urls:-524K8UsPXs:18] Attempt 4/5
2026-04-24 21:27:35,434 [INFO] RUN urls:-524K8UsPXs:18: C:\Tools\yt-dlp\yt-dlp.exe -g -f 18 https://www.youtube.com/watch?v=-524K8UsPXs
2026-04-24 21:27:39,052 [WARNING] [urls:-524K8UsPXs:18] Failed (code 1).
2026-04-24 21:27:39,052 [INFO] [urls:-524K8UsPXs:18] Retrying in 5 seconds...
2026-04-24 21:27:44,053 [INFO] [urls:-524K8UsPXs:18] Attempt 5/5
2026-04-24 21:27:44,053 [INFO] RUN urls:-524K8UsPXs:18: C:\Tools\yt-dlp\yt-dlp.exe -g -f 18 https://www.youtube.com/watch?v=-524K8UsPXs
2026-04-24 21:27:50,684 [WARNING] [urls:-524K8UsPXs:18] Failed (code 1).
2026-04-24 21:27:50,684 [ERROR] [urls:-524K8UsPXs:18] All 5 attempts failed.
2026-04-24 21:27:50,684 [WARNING] Format 18 failed for -524K8UsPXs
2026-04-24 21:27:50,684 [INFO] [urls:-524K8UsPXs:93] Attempt 1/5
2026-04-24 21:27:50,685 [INFO] RUN urls:-524K8UsPXs:93: C:\Tools\yt-dlp\yt-dlp.exe -g -f 93 https://www.youtube.com/watch?v=-524K8UsPXs
2026-04-24 21:27:54,367 [WARNING] [urls:-524K8UsPXs:93] Failed (code 1).
2026-04-24 21:27:54,367 [INFO] [urls:-524K8UsPXs:93] Retrying in 5 seconds...
2026-04-24 21:27:59,368 [INFO] [urls:-524K8UsPXs:93] Attempt 2/5
2026-04-24 21:27:59,368 [INFO] RUN urls:-524K8UsPXs:93: C:\Tools\yt-dlp\yt-dlp.exe -g -f 93 https://www.youtube.com/watch?v=-524K8UsPXs
2026-04-24 21:28:03,373 [WARNING] [urls:-524K8UsPXs:93] Failed (code 1).
2026-04-24 21:28:03,374 [INFO] [urls:-524K8UsPXs:93] Retrying in 5 seconds...
2026-04-24 21:28:08,374 [INFO] [urls:-524K8UsPXs:93] Attempt 3/5
2026-04-24 21:28:08,374 [INFO] RUN urls:-524K8UsPXs:93: C:\Tools\yt-dlp\yt-dlp.exe -g -f 93 https://www.youtube.com/watch?v=-524K8UsPXs
2026-04-24 21:28:12,577 [WARNING] [urls:-524K8UsPXs:93] Failed (code 1).
2026-04-24 21:28:12,577 [INFO] [urls:-524K8UsPXs:93] Retrying in 5 seconds...
2026-04-24 21:28:17,578 [INFO] [urls:-524K8UsPXs:93] Attempt 4/5
2026-04-24 21:28:17,578 [INFO] RUN urls:-524K8UsPXs:93: C:\Tools\yt-dlp\yt-dlp.exe -g -f 93 https://www.youtube.com/watch?v=-524K8UsPXs
2026-04-24 21:28:22,539 [WARNING] [urls:-524K8UsPXs:93] Failed (code 1).
2026-04-24 21:28:22,539 [INFO] [urls:-524K8UsPXs:93] Retrying in 5 seconds...
2026-04-24 21:28:27,539 [INFO] [urls:-524K8UsPXs:93] Attempt 5/5
2026-04-24 21:28:27,539 [INFO] RUN urls:-524K8UsPXs:93: C:\Tools\yt-dlp\yt-dlp.exe -g -f 93 https://www.youtube.com/watch?v=-524K8UsPXs
2026-04-24 21:28:32,210 [WARNING] [urls:-524K8UsPXs:93] Failed (code 1).
2026-04-24 21:28:32,210 [ERROR] [urls:-524K8UsPXs:93] All 5 attempts failed.
2026-04-24 21:28:32,210 [WARNING] Format 93 failed for -524K8UsPXs
2026-04-24 21:28:32,210 [INFO] [urls:-524K8UsPXs:92] Attempt 1/5
2026-04-24 21:28:32,210 [INFO] RUN urls:-524K8UsPXs:92: C:\Tools\yt-dlp\yt-dlp.exe -g -f 92 https://www.youtube.com/watch?v=-524K8UsPXs
2026-04-24 21:28:35,837 [WARNING] [urls:-524K8UsPXs:92] Failed (code 1).
2026-04-24 21:28:35,838 [INFO] [urls:-524K8UsPXs:92] Retrying in 5 seconds...
2026-04-24 21:28:40,839 [INFO] [urls:-524K8UsPXs:92] Attempt 2/5
2026-04-24 21:28:40,839 [INFO] RUN urls:-524K8UsPXs:92: C:\Tools\yt-dlp\yt-dlp.exe -g -f 92 https://www.youtube.com/watch?v=-524K8UsPXs
2026-04-24 21:28:44,394 [WARNING] [urls:-524K8UsPXs:92] Failed (code 1).
2026-04-24 21:28:44,394 [INFO] [urls:-524K8UsPXs:92] Retrying in 5 seconds...
2026-04-24 21:28:49,395 [INFO] [urls:-524K8UsPXs:92] Attempt 3/5
2026-04-24 21:28:49,395 [INFO] RUN urls:-524K8UsPXs:92: C:\Tools\yt-dlp\yt-dlp.exe -g -f 92 https://www.youtube.com/watch?v=-524K8UsPXs
2026-04-24 21:28:53,326 [WARNING] [urls:-524K8UsPXs:92] Failed (code 1).
2026-04-24 21:28:53,326 [INFO] [urls:-524K8UsPXs:92] Retrying in 5 seconds...
2026-04-24 21:28:58,326 [INFO] [urls:-524K8UsPXs:92] Attempt 4/5
2026-04-24 21:28:58,326 [INFO] RUN urls:-524K8UsPXs:92: C:\Tools\yt-dlp\yt-dlp.exe -g -f 92 https://www.youtube.com/watch?v=-524K8UsPXs
2026-04-24 21:29:02,116 [WARNING] [urls:-524K8UsPXs:92] Failed (code 1).
2026-04-24 21:29:02,116 [INFO] [urls:-524K8UsPXs:92] Retrying in 5 seconds...
2026-04-24 21:29:07,117 [INFO] [urls:-524K8UsPXs:92] Attempt 5/5
2026-04-24 21:29:07,117 [INFO] RUN urls:-524K8UsPXs:92: C:\Tools\yt-dlp\yt-dlp.exe -g -f 92 https://www.youtube.com/watch?v=-524K8UsPXs
2026-04-24 21:29:11,290 [WARNING] [urls:-524K8UsPXs:92] Failed (code 1).
2026-04-24 21:29:11,290 [ERROR] [urls:-524K8UsPXs:92] All 5 attempts failed.
2026-04-24 21:29:11,290 [WARNING] Format 92 failed for -524K8UsPXs
2026-04-24 21:29:11,290 [INFO] [urls:-524K8UsPXs:91] Attempt 1/5
2026-04-24 21:29:11,290 [INFO] RUN urls:-524K8UsPXs:91: C:\Tools\yt-dlp\yt-dlp.exe -g -f 91 https://www.youtube.com/watch?v=-524K8UsPXs
2026-04-24 21:29:19,315 [WARNING] [urls:-524K8UsPXs:91] Failed (code 1).
2026-04-24 21:29:19,315 [INFO] [urls:-524K8UsPXs:91] Retrying in 5 seconds...
2026-04-24 21:29:24,316 [INFO] [urls:-524K8UsPXs:91] Attempt 2/5
2026-04-24 21:29:24,316 [INFO] RUN urls:-524K8UsPXs:91: C:\Tools\yt-dlp\yt-dlp.exe -g -f 91 https://www.youtube.com/watch?v=-524K8UsPXs
2026-04-24 21:29:27,749 [WARNING] [urls:-524K8UsPXs:91] Failed (code 1).
2026-04-24 21:29:27,749 [INFO] [urls:-524K8UsPXs:91] Retrying in 5 seconds...
2026-04-24 21:29:32,749 [INFO] [urls:-524K8UsPXs:91] Attempt 3/5
2026-04-24 21:29:32,749 [INFO] RUN urls:-524K8UsPXs:91: C:\Tools\yt-dlp\yt-dlp.exe -g -f 91 https://www.youtube.com/watch?v=-524K8UsPXs
2026-04-24 21:29:36,978 [WARNING] [urls:-524K8UsPXs:91] Failed (code 1).
2026-04-24 21:29:36,978 [INFO] [urls:-524K8UsPXs:91] Retrying in 5 seconds...
2026-04-24 21:29:41,979 [INFO] [urls:-524K8UsPXs:91] Attempt 4/5
2026-04-24 21:29:41,979 [INFO] RUN urls:-524K8UsPXs:91: C:\Tools\yt-dlp\yt-dlp.exe -g -f 91 https://www.youtube.com/watch?v=-524K8UsPXs
2026-04-24 21:29:45,651 [WARNING] [urls:-524K8UsPXs:91] Failed (code 1).
2026-04-24 21:29:45,652 [INFO] [urls:-524K8UsPXs:91] Retrying in 5 seconds...
2026-04-24 21:29:50,652 [INFO] [urls:-524K8UsPXs:91] Attempt 5/5
2026-04-24 21:29:50,652 [INFO] RUN urls:-524K8UsPXs:91: C:\Tools\yt-dlp\yt-dlp.exe -g -f 91 https://www.youtube.com/watch?v=-524K8UsPXs
2026-04-24 21:29:54,326 [WARNING] [urls:-524K8UsPXs:91] Failed (code 1).
2026-04-24 21:29:54,326 [ERROR] [urls:-524K8UsPXs:91] All 5 attempts failed.
2026-04-24 21:29:54,326 [WARNING] Format 91 failed for -524K8UsPXs
2026-04-24 21:29:54,326 [INFO] [urls:-524K8UsPXs:best] Attempt 1/5
2026-04-24 21:29:54,326 [INFO] RUN urls:-524K8UsPXs:best: C:\Tools\yt-dlp\yt-dlp.exe -g -f best https://www.youtube.com/watch?v=-524K8UsPXs
2026-04-24 21:29:58,116 [WARNING] [urls:-524K8UsPXs:best] Failed (code 1).
2026-04-24 21:29:58,116 [INFO] [urls:-524K8UsPXs:best] Retrying in 5 seconds...
2026-04-24 21:30:03,116 [INFO] [urls:-524K8UsPXs:best] Attempt 2/5
2026-04-24 21:30:03,116 [INFO] RUN urls:-524K8UsPXs:best: C:\Tools\yt-dlp\yt-dlp.exe -g -f best https://www.youtube.com/watch?v=-524K8UsPXs
2026-04-24 21:30:07,348 [WARNING] [urls:-524K8UsPXs:best] Failed (code 1).
2026-04-24 21:30:07,348 [INFO] [urls:-524K8UsPXs:best] Retrying in 5 seconds...
2026-04-24 21:30:12,349 [INFO] [urls:-524K8UsPXs:best] Attempt 3/5
2026-04-24 21:30:12,349 [INFO] RUN urls:-524K8UsPXs:best: C:\Tools\yt-dlp\yt-dlp.exe -g -f best https://www.youtube.com/watch?v=-524K8UsPXs
2026-04-24 21:30:16,276 [WARNING] [urls:-524K8UsPXs:best] Failed (code 1).
2026-04-24 21:30:16,276 [INFO] [urls:-524K8UsPXs:best] Retrying in 5 seconds...
2026-04-24 21:30:21,276 [INFO] [urls:-524K8UsPXs:best] Attempt 4/5
2026-04-24 21:30:21,276 [INFO] RUN urls:-524K8UsPXs:best: C:\Tools\yt-dlp\yt-dlp.exe -g -f best https://www.youtube.com/watch?v=-524K8UsPXs
2026-04-24 21:30:25,411 [WARNING] [urls:-524K8UsPXs:best] Failed (code 1).
2026-04-24 21:30:25,411 [INFO] [urls:-524K8UsPXs:best] Retrying in 5 seconds...
2026-04-24 21:30:30,412 [INFO] [urls:-524K8UsPXs:best] Attempt 5/5
2026-04-24 21:30:30,412 [INFO] RUN urls:-524K8UsPXs:best: C:\Tools\yt-dlp\yt-dlp.exe -g -f best https://www.youtube.com/watch?v=-524K8UsPXs
2026-04-24 21:30:34,269 [WARNING] [urls:-524K8UsPXs:best] Failed (code 1).
2026-04-24 21:30:34,269 [ERROR] [urls:-524K8UsPXs:best] All 5 attempts failed.
2026-04-24 21:30:34,270 [WARNING] Format best failed for -524K8UsPXs
2026-04-24 21:30:34,270 [ERROR] All formats failed for -524K8UsPXs
2026-04-24 21:30:34,270 [ERROR] Failed to get URLs for -524K8UsPXs
2026-04-24 21:30:34,270 [ERROR] All download attempts failed for -524K8UsPXs
2026-04-24 21:30:34,273 [INFO] Skipping already downloaded video dScpydu_HRE (I programmed a turtle)
2026-04-24 21:30:34,274 [INFO] Skipping already downloaded video Uj5RnygvoKk (I Brainwashed an Entire Village to Win the Game For Me - Soulmask 1.0 - Shifting Sands DLC)
2026-04-24 21:30:34,274 [INFO] Skipping already downloaded video 802J6OnLBgc (I Beat This Entire Factory Game With Basically No Factory - StarRupture)
2026-04-24 21:30:34,274 [INFO] Processing video 5hVUPuuo2QM (ABUSING ChatGPT Image 2.0) from channel dandingles
2026-04-24 21:30:34,275 [INFO] Starting download for 5hVUPuuo2QM (ABUSING ChatGPT Image 2.0)
2026-04-24 21:30:34,276 [INFO] Download attempt 1/5 for 5hVUPuuo2QM
2026-04-24 21:30:34,276 [INFO] [urls:5hVUPuuo2QM:134+140] Attempt 1/5
2026-04-24 21:30:34,276 [INFO] RUN urls:5hVUPuuo2QM:134+140: C:\Tools\yt-dlp\yt-dlp.exe -g -f 134+140 https://www.youtube.com/watch?v=5hVUPuuo2QM
2026-04-24 21:30:37,899 [INFO] Got URLs for 5hVUPuuo2QM with format 134+140
2026-04-24 21:30:37,899 [INFO] Starting ffmpeg for 5hVUPuuo2QM: ffmpeg -y -loglevel error -progress pipe:2 -i https://rr2---sn-uxanug5-2xg6.googlevideo.com/videoplayback?expire=1777059038&ei=fnDraYyjBvD_4-EPzcTiqAM&ip=2001%3A8003%3A917a%3A5600%3A6d7e%3Abe40%3A156a%3A4c04&id=o-ACUrqojRv4XupWmR1PR2Hz6f3IEXsobNXCJaXJUyfpkH&itag=134&source=youtube&requiressl=yes&xpc=EgVo2aDSNQ%3D%3D&cps=435&met=1777037438%2C&mh=hH&mm=31%2C29&mn=sn-uxanug5-2xg6%2Csn-ajhxac-5c&ms=au%2Crdu&mv=m&mvi=2&pl=39&rms=au%2Cau&initcwndbps=2038750&bui=AUUZDGLH9aB1t0uAzydMXeYDy9B1-HWuWXDnrE99FX_pZywGGAar2S2F6q6r9JgYplQ_-ND9L-cEM_67&spc=jlWavbUY2FedyQGwZcPz3PfD_Bn0MBfZjBdDl0l7DT4D&vprv=1&svpuc=1&mime=video%2Fmp4&rqh=1&gir=yes&clen=16619508&dur=875.733&lmt=1776919138538240&mt=1777036896&fvip=2&keepalive=yes&fexp=51565116%2C51565682&c=ANDROID_VR&txp=4532534&sparams=expire%2Cei%2Cip%2Cid%2Citag%2Csource%2Crequiressl%2Cxpc%2Cbui%2Cspc%2Cvprv%2Csvpuc%2Cmime%2Crqh%2Cgir%2Cclen%2Cdur%2Clmt&sig=AHEqNM4wRgIhANVlmujCGjU4_Rw0qX2bzkhZpKHwoptTbXCD9kcxqMAQAiEA4vb8d2Zfc6mrX7-vqQJdAPBK5UgT4GtiaUWpT4oCoqc%3D&lsparams=cps%2Cmet%2Cmh%2Cmm%2Cmn%2Cms%2Cmv%2Cmvi%2Cpl%2Crms%2Cinitcwndbps&lsig=APaTxxMwRQIhAJd5crlzO2phjZHwhIkviOMzQM8VH9Zs4cM1x96Tfk1EAiBfleNn4D9oVS1Oh1ww651jub6flTWzWTXQse5XeaDF9w%3D%3D -i https://rr2---sn-uxanug5-2xg6.googlevideo.com/videoplayback?expire=1777059038&ei=fnDraYyjBvD_4-EPzcTiqAM&ip=2001%3A8003%3A917a%3A5600%3A6d7e%3Abe40%3A156a%3A4c04&id=o-ACUrqojRv4XupWmR1PR2Hz6f3IEXsobNXCJaXJUyfpkH&itag=140&source=youtube&requiressl=yes&xpc=EgVo2aDSNQ%3D%3D&cps=435&met=1777037438%2C&mh=hH&mm=31%2C29&mn=sn-uxanug5-2xg6%2Csn-ajhxac-5c&ms=au%2Crdu&mv=m&mvi=2&pl=39&rms=au%2Cau&initcwndbps=2038750&bui=AUUZDGLH9aB1t0uAzydMXeYDy9B1-HWuWXDnrE99FX_pZywGGAar2S2F6q6r9JgYplQ_-ND9L-cEM_67&spc=jlWavbUY2FedyQGwZcPz3PfD_Bn0MBfZjBdDl0l7DT4D&vprv=1&svpuc=1&xtags=acont%3Doriginal%3Alang%3Den-US&mime=audio%2Fmp4&rqh=1&gir=yes&clen=14174701&dur=875.786&lmt=1776902916668288&mt=1777036896&fvip=2&keepalive=yes&fexp=51565116%2C51565682&c=ANDROID_VR&txp=3308224&sparams=expire%2Cei%2Cip%2Cid%2Citag%2Csource%2Crequiressl%2Cxpc%2Cbui%2Cspc%2Cvprv%2Csvpuc%2Cxtags%2Cmime%2Crqh%2Cgir%2Cclen%2Cdur%2Clmt&sig=AHEqNM4wRQIgRpSmiQkj82PrQde_cZb7INe3XdGvsmh-GOUeMC1lRf0CIQCCyKG4fdhPqwY-nzJYFPGUzpChCyW9_dgMiXR9UAQm7w%3D%3D&lsparams=cps%2Cmet%2Cmh%2Cmm%2Cmn%2Cms%2Cmv%2Cmvi%2Cpl%2Crms%2Cinitcwndbps&lsig=APaTxxMwRQIhAJd5crlzO2phjZHwhIkviOMzQM8VH9Zs4cM1x96Tfk1EAiBfleNn4D9oVS1Oh1ww651jub6flTWzWTXQse5XeaDF9w%3D%3D -c copy 5hVUPuuo2QM.mp4
2026-04-24 21:38:36,534 [INFO] ffmpeg finished for 5hVUPuuo2QM with code 0
2026-04-24 21:38:36,534 [INFO] [ffprobe:5hVUPuuo2QM.mp4] Attempt 1/5
2026-04-24 21:38:36,534 [INFO] RUN ffprobe:5hVUPuuo2QM.mp4: ffprobe -v error -show_entries format=duration -of default=noprint_wrappers=1:nokey=1 5hVUPuuo2QM.mp4
2026-04-24 21:38:36,580 [INFO] Validation OK for 5hVUPuuo2QM.mp4 (size=31199740, duration=875.79)
2026-04-24 21:38:36,580 [INFO] Moving 5hVUPuuo2QM.mp4 -> dandingles\ABUSING ChatGPT Image 2.0.mp4
2026-04-24 21:38:36,582 [INFO] Download complete for 5hVUPuuo2QM
2026-04-24 21:38:36,584 [INFO] Channel dandingles cooling down for 30.0 seconds
2026-04-24 21:39:06,583 [INFO] Processing video 0iwj4xh8RV0 (Laughing At TERRIBLE AI Music) from channel dandingles
2026-04-24 21:39:06,583 [INFO] Starting download for 0iwj4xh8RV0 (Laughing At TERRIBLE AI Music)
2026-04-24 21:39:06,585 [INFO] Download attempt 1/5 for 0iwj4xh8RV0
2026-04-24 21:39:06,585 [INFO] [urls:0iwj4xh8RV0:134+140] Attempt 1/5
2026-04-24 21:39:06,585 [INFO] RUN urls:0iwj4xh8RV0:134+140: C:\Tools\yt-dlp\yt-dlp.exe -g -f 134+140 https://www.youtube.com/watch?v=0iwj4xh8RV0
2026-04-24 21:39:10,476 [INFO] Got URLs for 0iwj4xh8RV0 with format 134+140
2026-04-24 21:39:10,476 [INFO] Starting ffmpeg for 0iwj4xh8RV0: ffmpeg -y -loglevel error -progress pipe:2 -i https://rr3---sn-uxanug5-2xgd.googlevideo.com/videoplayback?expire=1777059550&ei=fnLradTCJKWPssUPotPF8AI&ip=2001%3A8003%3A917a%3A5600%3A6d7e%3Abe40%3A156a%3A4c04&id=o-AC7Tv8xWnd8w94l39wM7QzZblqpguPKGDp9OFIeQ-EYP&itag=134&source=youtube&requiressl=yes&xpc=EgVo2aDSNQ%3D%3D&cps=326&met=1777037950%2C&mh=ov&mm=31%2C29&mn=sn-uxanug5-2xgd%2Csn-2ohxaj-5x&ms=au%2Crdu&mv=m&mvi=3&pl=39&rms=au%2Cau&initcwndbps=2075000&bui=AUUZDGJ_siW9exurU8Th-DuZ_xXb5qbpHqOhRW2oSkV7Fvf6FM7Hh6zBW4ydrn8NSJ3MEh_G7hPFt4Hr&spc=jlWavatIW1dxUcpyoPh-Inx4aFfVa2uu2avxBuXHCUVG&vprv=1&svpuc=1&mime=video%2Fmp4&rqh=1&gir=yes&clen=79318703&dur=2015.966&lmt=1776444605742584&mt=1777037597&fvip=3&keepalive=yes&fexp=51565116%2C51565681&c=ANDROID_VR&txp=3309224&sparams=expire%2Cei%2Cip%2Cid%2Citag%2Csource%2Crequiressl%2Cxpc%2Cbui%2Cspc%2Cvprv%2Csvpuc%2Cmime%2Crqh%2Cgir%2Cclen%2Cdur%2Clmt&sig=AHEqNM4wRQIgSt8O2ADU8kISRX_V5JZsQzT9Cd9bs0h7g_qBMaAVxSECIQDvACEm6CBOUCpZYD8PZBEUp9Jm_Eq0-kj4zHsG7cP0dA%3D%3D&lsparams=cps%2Cmet%2Cmh%2Cmm%2Cmn%2Cms%2Cmv%2Cmvi%2Cpl%2Crms%2Cinitcwndbps&lsig=APaTxxMwRQIgavfPVkTK9__4dqqb1cYXdVgPPmptwQvIlGjeY7waZiMCIQDJZY3eRVpeSSlKCJ1eM1BworRNxis8aQM8WKLjX46ecg%3D%3D -i https://rr3---sn-uxanug5-2xgd.googlevideo.com/videoplayback?expire=1777059550&ei=fnLradTCJKWPssUPotPF8AI&ip=2001%3A8003%3A917a%3A5600%3A6d7e%3Abe40%3A156a%3A4c04&id=o-AC7Tv8xWnd8w94l39wM7QzZblqpguPKGDp9OFIeQ-EYP&itag=140&source=youtube&requiressl=yes&xpc=EgVo2aDSNQ%3D%3D&cps=326&met=1777037950%2C&mh=ov&mm=31%2C29&mn=sn-uxanug5-2xgd%2Csn-2ohxaj-5x&ms=au%2Crdu&mv=m&mvi=3&pl=39&rms=au%2Cau&initcwndbps=2075000&bui=AUUZDGJ_siW9exurU8Th-DuZ_xXb5qbpHqOhRW2oSkV7Fvf6FM7Hh6zBW4ydrn8NSJ3MEh_G7hPFt4Hr&spc=jlWavatIW1dxUcpyoPh-Inx4aFfVa2uu2avxBuXHCUVG&vprv=1&svpuc=1&mime=audio%2Fmp4&rqh=1&gir=yes&clen=32628385&dur=2016.026&lmt=1776444609285518&mt=1777037597&fvip=3&keepalive=yes&fexp=51565116%2C51565681&c=ANDROID_VR&txp=3308224&sparams=expire%2Cei%2Cip%2Cid%2Citag%2Csource%2Crequiressl%2Cxpc%2Cbui%2Cspc%2Cvprv%2Csvpuc%2Cmime%2Crqh%2Cgir%2Cclen%2Cdur%2Clmt&sig=AHEqNM4wRgIhANdzSuH2_zcN7do1uth0xRa3oeGsoTQclMagCpyGVrAyAiEAt96FdN4RZ-0KFoLlDLW5TJlRGQJ4MGk2-eTclNEinmM%3D&lsparams=cps%2Cmet%2Cmh%2Cmm%2Cmn%2Cms%2Cmv%2Cmvi%2Cpl%2Crms%2Cinitcwndbps&lsig=APaTxxMwRQIgavfPVkTK9__4dqqb1cYXdVgPPmptwQvIlGjeY7waZiMCIQDJZY3eRVpeSSlKCJ1eM1BworRNxis8aQM8WKLjX46ecg%3D%3D -c copy 0iwj4xh8RV0.mp4
2026-04-24 21:56:52,907 [INFO] ffmpeg finished for 0iwj4xh8RV0 with code 0
2026-04-24 21:56:52,908 [INFO] [ffprobe:0iwj4xh8RV0.mp4] Attempt 1/5
2026-04-24 21:56:52,908 [INFO] RUN ffprobe:0iwj4xh8RV0.mp4: ffprobe -v error -show_entries format=duration -of default=noprint_wrappers=1:nokey=1 0iwj4xh8RV0.mp4
2026-04-24 21:56:52,959 [INFO] Validation OK for 0iwj4xh8RV0.mp4 (size=112693851, duration=2016.03)
2026-04-24 21:56:52,959 [INFO] Moving 0iwj4xh8RV0.mp4 -> dandingles\Laughing At TERRIBLE AI Music.mp4
2026-04-24 21:56:52,961 [INFO] Download complete for 0iwj4xh8RV0
2026-04-24 21:56:52,963 [INFO] Processing video IQzt6sGvb1c (Markiplier Takes an IQ Test) from channel markiplier
2026-04-24 21:56:52,964 [INFO] Starting download for IQzt6sGvb1c (Markiplier Takes an IQ Test)
2026-04-24 21:56:52,966 [INFO] Download attempt 1/5 for IQzt6sGvb1c
2026-04-24 21:56:52,966 [INFO] [urls:IQzt6sGvb1c:134+140] Attempt 1/5
2026-04-24 21:56:52,966 [INFO] RUN urls:IQzt6sGvb1c:134+140: C:\Tools\yt-dlp\yt-dlp.exe -g -f 134+140 https://www.youtube.com/watch?v=IQzt6sGvb1c
2026-04-24 21:56:56,617 [INFO] Got URLs for IQzt6sGvb1c with format 134+140
2026-04-24 21:56:56,617 [INFO] Starting ffmpeg for IQzt6sGvb1c: ffmpeg -y -loglevel error -progress pipe:2 -i https://rr1---sn-uxanug5-2xg6.googlevideo.com/videoplayback?expire=1777060616&ei=qHbraYfpMbCA2roP6oWqsQs&ip=2001%3A8003%3A917a%3A5600%3A6d7e%3Abe40%3A156a%3A4c04&id=o-AHVP8UPXGwMcTS-lPXj97ltLcKxOnXQo2Di6l68FgRsx&itag=134&source=youtube&requiressl=yes&xpc=EgVo2aDSNQ%3D%3D&cps=607&met=1777039016%2C&mh=DD&mm=31%2C29&mn=sn-uxanug5-2xg6%2Csn-ajhxac-5c&ms=au%2Crdu&mv=m&mvi=1&pl=39&rms=au%2Cau&initcwndbps=1960000&bui=AUUZDGKXEjYNtyR-yI68bExFnYnHtuA55gqvFeDrln2TUW5Ds3SaN3lEY7yqdwBpJp8yD1ndarbf5OUA&spc=jlWavUfpcpJaKZFTDeGiSoCQBE64TfLwS9gSl5gJ9aTF&vprv=1&svpuc=1&mime=video%2Fmp4&rqh=1&gir=yes&clen=42764277&dur=2406.633&lmt=1775841754804902&mt=1777038581&fvip=5&keepalive=yes&fexp=51565116%2C51565682&c=ANDROID_VR&txp=3309224&sparams=expire%2Cei%2Cip%2Cid%2Citag%2Csource%2Crequiressl%2Cxpc%2Cbui%2Cspc%2Cvprv%2Csvpuc%2Cmime%2Crqh%2Cgir%2Cclen%2Cdur%2Clmt&sig=AHEqNM4wRAIgKLeoZ-RHZw-aonO0Yjnd3Sj4cgNW-dVUtk5RbpDsgVECIAUYcCuNk79S7qpINoIxX3G15lCnT1Qme7uWTW--1Ox9&lsparams=cps%2Cmet%2Cmh%2Cmm%2Cmn%2Cms%2Cmv%2Cmvi%2Cpl%2Crms%2Cinitcwndbps&lsig=APaTxxMwRAIgCidzW5ioAc5alRmcp6ShHON51rB59cv_YdAPUsL2zyYCIBxCewYCAt1k1AJxynGBHHjViGQC8of9yVfyXI4oPvel -i https://rr1---sn-uxanug5-2xg6.googlevideo.com/videoplayback?expire=1777060616&ei=qHbraYfpMbCA2roP6oWqsQs&ip=2001%3A8003%3A917a%3A5600%3A6d7e%3Abe40%3A156a%3A4c04&id=o-AHVP8UPXGwMcTS-lPXj97ltLcKxOnXQo2Di6l68FgRsx&itag=140&source=youtube&requiressl=yes&xpc=EgVo2aDSNQ%3D%3D&cps=607&met=1777039016%2C&mh=DD&mm=31%2C29&mn=sn-uxanug5-2xg6%2Csn-ajhxac-5c&ms=au%2Crdu&mv=m&mvi=1&pl=39&rms=au%2Cau&initcwndbps=1960000&bui=AUUZDGKXEjYNtyR-yI68bExFnYnHtuA55gqvFeDrln2TUW5Ds3SaN3lEY7yqdwBpJp8yD1ndarbf5OUA&spc=jlWavUfpcpJaKZFTDeGiSoCQBE64TfLwS9gSl5gJ9aTF&vprv=1&svpuc=1&mime=audio%2Fmp4&rqh=1&gir=yes&clen=38949897&dur=2406.655&lmt=1775841304896107&mt=1777038581&fvip=5&keepalive=yes&fexp=51565116%2C51565682&c=ANDROID_VR&txp=3308224&sparams=expire%2Cei%2Cip%2Cid%2Citag%2Csource%2Crequiressl%2Cxpc%2Cbui%2Cspc%2Cvprv%2Csvpuc%2Cmime%2Crqh%2Cgir%2Cclen%2Cdur%2Clmt&sig=AHEqNM4wRQIgLFknRMJjHLG71wP0C6NQVwQ0jNAtBgqWx5epgPiCfBgCIQC4IFkyNNZX43PWoPdwQLYlTpNOsWAUrV9XzrHAI98EFQ%3D%3D&lsparams=cps%2Cmet%2Cmh%2Cmm%2Cmn%2Cms%2Cmv%2Cmvi%2Cpl%2Crms%2Cinitcwndbps&lsig=APaTxxMwRAIgCidzW5ioAc5alRmcp6ShHON51rB59cv_YdAPUsL2zyYCIBxCewYCAt1k1AJxynGBHHjViGQC8of9yVfyXI4oPvel -c copy IQzt6sGvb1c.mp4
2026-04-24 22:19:13,672 [INFO] ffmpeg finished for IQzt6sGvb1c with code 0
2026-04-24 22:19:13,672 [INFO] [ffprobe:IQzt6sGvb1c.mp4] Attempt 1/5
2026-04-24 22:19:13,673 [INFO] RUN ffprobe:IQzt6sGvb1c.mp4: ffprobe -v error -show_entries format=duration -of default=noprint_wrappers=1:nokey=1 IQzt6sGvb1c.mp4
2026-04-24 22:19:13,724 [INFO] Validation OK for IQzt6sGvb1c.mp4 (size=82578509, duration=2406.66)
2026-04-24 22:19:13,725 [INFO] Moving IQzt6sGvb1c.mp4 -> markiplier\Markiplier Takes an IQ Test.mp4
2026-04-24 22:19:13,727 [INFO] Download complete for IQzt6sGvb1c
2026-04-24 22:19:13,728 [INFO] Channel markiplier cooling down for 30.0 seconds
2026-04-24 22:19:43,728 [INFO] Processing video puwtCcUu9_E (THE RADIO TOWER) from channel markiplier
2026-04-24 22:19:43,728 [INFO] Starting download for puwtCcUu9_E (THE RADIO TOWER)
2026-04-24 22:19:43,730 [INFO] Download attempt 1/5 for puwtCcUu9_E
2026-04-24 22:19:43,730 [INFO] [urls:puwtCcUu9_E:134+140] Attempt 1/5
2026-04-24 22:19:43,730 [INFO] RUN urls:puwtCcUu9_E:134+140: C:\Tools\yt-dlp\yt-dlp.exe -g -f 134+140 https://www.youtube.com/watch?v=puwtCcUu9_E
2026-04-24 22:19:47,345 [INFO] Got URLs for puwtCcUu9_E with format 134+140
2026-04-24 22:19:47,345 [INFO] Starting ffmpeg for puwtCcUu9_E: ffmpeg -y -loglevel error -progress pipe:2 -i https://rr2---sn-uxanug5-2xg6.googlevideo.com/videoplayback?expire=1777061987&ei=A3zraaLFJOCH2roP8M-a8AM&ip=2001%3A8003%3A917a%3A5600%3A6d7e%3Abe40%3A156a%3A4c04&id=o-AKl-Kk4RwwqXHijMBs0eE-AfHgyu5jb_9Xv7JNvEUROV&itag=134&source=youtube&requiressl=yes&xpc=EgVo2aDSNQ%3D%3D&cps=579&met=1777040387%2C&mh=DE&mm=31%2C29&mn=sn-uxanug5-2xg6%2Csn-hxa7zn7s&ms=au%2Crdu&mv=m&mvi=2&pl=39&rms=au%2Cau&pcm2=yes&initcwndbps=2131250&bui=AUUZDGKmPvkAmIJMaHIFXqWY7kL8kvDS9yUgGq09bipflGx6Ihzr-YoLA8czpHdvt7vjP5tvNeo9UGLf&spc=jlWavWFhCBvHivLmwDmG0XH7rvy0PbSMpL3qIBxXX9wN&vprv=1&svpuc=1&mime=video%2Fmp4&rqh=1&gir=yes&clen=56931192&dur=1181.466&lmt=1776790589057481&mt=1777040013&fvip=3&keepalive=yes&fexp=51565115%2C51565682&c=ANDROID_VR&txp=3309224&sparams=expire%2Cei%2Cip%2Cid%2Citag%2Csource%2Crequiressl%2Cxpc%2Cpcm2%2Cbui%2Cspc%2Cvprv%2Csvpuc%2Cmime%2Crqh%2Cgir%2Cclen%2Cdur%2Clmt&sig=AHEqNM4wRgIhAPIbl6z-408qOJVirFNRZQx_RrjLdM_chwfV82vgdt8pAiEA3WAG6UtdaGVKeCIo4G_MRBYVxJ0qSIfjZWovNCr5hvY%3D&lsparams=cps%2Cmet%2Cmh%2Cmm%2Cmn%2Cms%2Cmv%2Cmvi%2Cpl%2Crms%2Cinitcwndbps&lsig=APaTxxMwRQIgKEDaZmpcOSARSFExi64zrVikVrtANDTsPgL8bPFfXicCIQCxeNmXAca-nnWTb-Hh501YNtbhwFQy9N_rdqHAtdjuJQ%3D%3D -i https://rr2---sn-uxanug5-2xg6.googlevideo.com/videoplayback?expire=1777061987&ei=A3zraaLFJOCH2roP8M-a8AM&ip=2001%3A8003%3A917a%3A5600%3A6d7e%3Abe40%3A156a%3A4c04&id=o-AKl-Kk4RwwqXHijMBs0eE-AfHgyu5jb_9Xv7JNvEUROV&itag=140&source=youtube&requiressl=yes&xpc=EgVo2aDSNQ%3D%3D&cps=579&met=1777040387%2C&mh=DE&mm=31%2C29&mn=sn-uxanug5-2xg6%2Csn-hxa7zn7s&ms=au%2Crdu&mv=m&mvi=2&pl=39&rms=au%2Cau&pcm2=yes&initcwndbps=2131250&bui=AUUZDGKmPvkAmIJMaHIFXqWY7kL8kvDS9yUgGq09bipflGx6Ihzr-YoLA8czpHdvt7vjP5tvNeo9UGLf&spc=jlWavWFhCBvHivLmwDmG0XH7rvy0PbSMpL3qIBxXX9wN&vprv=1&svpuc=1&mime=audio%2Fmp4&rqh=1&gir=yes&clen=19122481&dur=1181.524&lmt=1776790486673486&mt=1777040013&fvip=3&keepalive=yes&fexp=51565115%2C51565682&c=ANDROID_VR&txp=3308224&sparams=expire%2Cei%2Cip%2Cid%2Citag%2Csource%2Crequiressl%2Cxpc%2Cpcm2%2Cbui%2Cspc%2Cvprv%2Csvpuc%2Cmime%2Crqh%2Cgir%2Cclen%2Cdur%2Clmt&sig=AHEqNM4wRAIgIT6B16pRjdrJcFl5S1XRaoWE8SNpJNscSlP8_jGvZfICIHkMIJMjsmi2Q_BIxB22ivZP9YrGpqQUzstTPTGenoEJ&lsparams=cps%2Cmet%2Cmh%2Cmm%2Cmn%2Cms%2Cmv%2Cmvi%2Cpl%2Crms%2Cinitcwndbps&lsig=APaTxxMwRQIgKEDaZmpcOSARSFExi64zrVikVrtANDTsPgL8bPFfXicCIQCxeNmXAca-nnWTb-Hh501YNtbhwFQy9N_rdqHAtdjuJQ%3D%3D -c copy puwtCcUu9_E.mp4
2026-04-24 22:29:35,493 [INFO] ffmpeg finished for puwtCcUu9_E with code 1073807364
2026-04-24 22:29:35,493 [ERROR] ffmpeg failed for puwtCcUu9_E on attempt 1
2026-04-24 22:29:35,493 [WARNING] Moving corrupted file puwtCcUu9_E.mp4 -> corrupted\puwtCcUu9_E.mp4
2026-05-10 17:25:28,465 [INFO] === START ===
2026-05-10 17:25:29,565 [INFO] yt-dlp.exe verified OK (size=18408128 bytes)
2026-05-10 17:25:29,571 [INFO] Found leftover file C:\YT\X3M-_xdfCaA.mp4 (id=X3M-_xdfCaA), validating...
2026-05-10 17:25:29,571 [INFO] [ffprobe:X3M-_xdfCaA.mp4] Attempt 1/5
2026-05-10 17:25:29,571 [INFO] RUN ffprobe:X3M-_xdfCaA.mp4: ffprobe -v error -show_entries format=duration -of default=noprint_wrappers=1:nokey=1 C:\YT\X3M-_xdfCaA.mp4
2026-05-10 17:25:30,064 [INFO] Validation OK for C:\YT\X3M-_xdfCaA.mp4 (size=2795282, duration=95.27)
2026-05-10 17:25:30,064 [INFO] Leftover file C:\YT\X3M-_xdfCaA.mp4 seems valid but unknown; leaving in place.
2026-05-10 17:25:30,064 [INFO] Clearing in_progress (puwtCcUu9_E) because temp file missing.
2026-05-10 17:25:30,066 [INFO] [playlist:https://www.youtube.com/@SMii7Yplus] Attempt 1/5
2026-05-10 17:25:30,066 [INFO] RUN playlist:https://www.youtube.com/@SMii7Yplus: C:\Tools\yt-dlp\yt-dlp.exe --dump-json --flat-playlist --extractor-args youtube:skip=dash https://www.youtube.com/@SMii7Yplus/videos
2026-05-10 17:25:37,135 [INFO] Channel https://www.youtube.com/@SMii7Yplus -> 2 videos
2026-05-10 17:25:37,135 [INFO] [playlist:https://www.youtube.com/@SMii7Y] Attempt 1/5
2026-05-10 17:25:37,136 [INFO] RUN playlist:https://www.youtube.com/@SMii7Y: C:\Tools\yt-dlp\yt-dlp.exe --dump-json --flat-playlist --extractor-args youtube:skip=dash https://www.youtube.com/@SMii7Y/videos
2026-05-10 17:25:56,590 [INFO] Channel https://www.youtube.com/@SMii7Y -> 2 videos
2026-05-10 17:25:56,590 [INFO] [playlist:https://www.youtube.com/@dougdougdoug] Attempt 1/5
2026-05-10 17:25:56,590 [INFO] RUN playlist:https://www.youtube.com/@dougdougdoug: C:\Tools\yt-dlp\yt-dlp.exe --dump-json --flat-playlist --extractor-args youtube:skip=dash https://www.youtube.com/@dougdougdoug/videos
2026-05-10 17:25:59,890 [INFO] Channel https://www.youtube.com/@dougdougdoug -> 2 videos
2026-05-10 17:25:59,891 [INFO] [playlist:https://www.youtube.com/@failboat] Attempt 1/5
2026-05-10 17:25:59,891 [INFO] RUN playlist:https://www.youtube.com/@failboat: C:\Tools\yt-dlp\yt-dlp.exe --dump-json --flat-playlist --extractor-args youtube:skip=dash https://www.youtube.com/@failboat/videos
2026-05-10 17:26:20,743 [INFO] Channel https://www.youtube.com/@failboat -> 2 videos
2026-05-10 17:26:20,744 [INFO] [playlist:https://www.youtube.com/@LetsGameItOut] Attempt 1/5
2026-05-10 17:26:20,744 [INFO] RUN playlist:https://www.youtube.com/@LetsGameItOut: C:\Tools\yt-dlp\yt-dlp.exe --dump-json --flat-playlist --extractor-args youtube:skip=dash https://www.youtube.com/@LetsGameItOut/videos
2026-05-10 17:26:31,627 [INFO] Channel https://www.youtube.com/@LetsGameItOut -> 2 videos
2026-05-10 17:26:31,627 [INFO] [playlist:https://www.youtube.com/@dandingles] Attempt 1/5
2026-05-10 17:26:31,627 [INFO] RUN playlist:https://www.youtube.com/@dandingles: C:\Tools\yt-dlp\yt-dlp.exe --dump-json --flat-playlist --extractor-args youtube:skip=dash https://www.youtube.com/@dandingles/videos
2026-05-10 17:26:34,359 [INFO] Channel https://www.youtube.com/@dandingles -> 2 videos
2026-05-10 17:26:34,359 [INFO] [playlist:https://www.youtube.com/@markiplier] Attempt 1/5
2026-05-10 17:26:34,359 [INFO] RUN playlist:https://www.youtube.com/@markiplier: C:\Tools\yt-dlp\yt-dlp.exe --dump-json --flat-playlist --extractor-args youtube:skip=dash https://www.youtube.com/@markiplier/videos
2026-05-10 17:27:47,113 [INFO] Channel https://www.youtube.com/@markiplier -> 2 videos
2026-05-10 17:27:47,113 [INFO] [playlist:https://www.youtube.com/@Fir] Attempt 1/5
2026-05-10 17:27:47,113 [INFO] RUN playlist:https://www.youtube.com/@Fir: C:\Tools\yt-dlp\yt-dlp.exe --dump-json --flat-playlist --extractor-args youtube:skip=dash https://www.youtube.com/@Fir/videos
2026-05-10 17:27:51,007 [INFO] Channel https://www.youtube.com/@Fir -> 2 videos
2026-05-10 17:27:51,007 [INFO] [playlist:https://www.youtube.com/@PointCrow] Attempt 1/5
2026-05-10 17:27:51,007 [INFO] RUN playlist:https://www.youtube.com/@PointCrow: C:\Tools\yt-dlp\yt-dlp.exe --dump-json --flat-playlist --extractor-args youtube:skip=dash https://www.youtube.com/@PointCrow/videos
2026-05-10 17:27:55,625 [INFO] Channel https://www.youtube.com/@PointCrow -> 2 videos
2026-05-10 17:27:55,625 [INFO] [playlist:https://www.youtube.com/@DougDougHaters] Attempt 1/5
2026-05-10 17:27:55,625 [INFO] RUN playlist:https://www.youtube.com/@DougDougHaters: C:\Tools\yt-dlp\yt-dlp.exe --dump-json --flat-playlist --extractor-args youtube:skip=dash https://www.youtube.com/@DougDougHaters/videos
2026-05-10 17:27:58,932 [INFO] Channel https://www.youtube.com/@DougDougHaters -> 2 videos
2026-05-10 17:27:58,932 [INFO] [playlist:https://www.youtube.com/@ElectroBOOM] Attempt 1/5
2026-05-10 17:27:58,932 [INFO] RUN playlist:https://www.youtube.com/@ElectroBOOM: C:\Tools\yt-dlp\yt-dlp.exe --dump-json --flat-playlist --extractor-args youtube:skip=dash https://www.youtube.com/@ElectroBOOM/videos
2026-05-10 17:28:03,736 [INFO] Channel https://www.youtube.com/@ElectroBOOM -> 2 videos
2026-05-10 17:28:03,736 [INFO] [playlist:https://www.youtube.com/@CrowPointExists] Attempt 1/5
2026-05-10 17:28:03,736 [INFO] RUN playlist:https://www.youtube.com/@CrowPointExists: C:\Tools\yt-dlp\yt-dlp.exe --dump-json --flat-playlist --extractor-args youtube:skip=dash https://www.youtube.com/@CrowPointExists/videos
2026-05-10 17:28:12,969 [INFO] Channel https://www.youtube.com/@CrowPointExists -> 2 videos
2026-05-10 17:28:12,970 [INFO] Queue size: 24
2026-05-10 17:28:12,970 [INFO] Processing video l5ZTFlhvy4E (This Game Got Even More Terrifying) from channel SMii7Yplus
2026-05-10 17:28:12,970 [INFO] Starting download for l5ZTFlhvy4E (This Game Got Even More Terrifying)
2026-05-10 17:28:12,972 [INFO] Download attempt 1/5 for l5ZTFlhvy4E
2026-05-10 17:28:12,972 [INFO] [urls:l5ZTFlhvy4E:134+140] Attempt 1/5
2026-05-10 17:28:12,972 [INFO] RUN urls:l5ZTFlhvy4E:134+140: C:\Tools\yt-dlp\yt-dlp.exe -g -f 134+140 https://www.youtube.com/watch?v=l5ZTFlhvy4E
2026-05-10 17:28:15,941 [INFO] Got URLs for l5ZTFlhvy4E with format 134+140
2026-05-10 17:28:15,941 [INFO] Starting ffmpeg for l5ZTFlhvy4E: ffmpeg -y -loglevel error -progress pipe:2 -i https://rr2---sn-uxanug5-2xgd.googlevideo.com/videoplayback?expire=1778426896&ei=sE8AapetNOHeg8UP1-CUyAc&ip=2001%3A8003%3A917a%3A5600%3A913b%3A46e9%3A69bb%3Ae25&id=o-AG7oNAzcF-FJDd-ocjzyJykdOyonHoy1J6nKG2zcPUO1&itag=134&source=youtube&requiressl=yes&xpc=EgVo2aDSNQ%3D%3D&cps=731&met=1778405296%2C&mh=Bk&mm=31%2C29&mn=sn-uxanug5-2xgd%2Csn-hxa7zn7s&ms=au%2Crdu&mv=m&mvi=2&pl=39&rms=au%2Cau&initcwndbps=2091250&bui=AbKmrwrQ5U9y0Nn2F2wf8VGjjAj_YTmoGEF7hJE95OlA1t-zuWL1IdIAyGwj_xqruENqlwrKVYjYwSCK&spc=96Xrv2gtEu1GKMj6cX0nZkgy94HhH8xBPWSE2ChLmwBA&vprv=1&svpuc=1&mime=video%2Fmp4&rqh=1&gir=yes&clen=98079628&dur=2140.266&lmt=1778085756898089&mt=1778404844&fvip=5&keepalive=yes&fexp=51565116%2C51565682&c=ANDROID_VR&txp=3309224&sparams=expire%2Cei%2Cip%2Cid%2Citag%2Csource%2Crequiressl%2Cxpc%2Cbui%2Cspc%2Cvprv%2Csvpuc%2Cmime%2Crqh%2Cgir%2Cclen%2Cdur%2Clmt&sig=AHEqNM4wRQIhANJJPXkjVn96wHQBRk-D3c6i53NnBKKph6AeoM_aEO6mAiAVNtElvc4lzjGuOlACIERz3EXTsE6LjToUHQnDNdnw2w%3D%3D&lsparams=cps%2Cmet%2Cmh%2Cmm%2Cmn%2Cms%2Cmv%2Cmvi%2Cpl%2Crms%2Cinitcwndbps&lsig=APaTxxMwRQIgRKrS3KqLNYY88AyXMUflPOl0C3Iol6xr9IgTUPNtbrkCIQCZylvi323w5hPudwx_-zUYEOv3WBSExM-S0UpNMI2rTg%3D%3D -i https://rr2---sn-uxanug5-2xgd.googlevideo.com/videoplayback?expire=1778426896&ei=sE8AapetNOHeg8UP1-CUyAc&ip=2001%3A8003%3A917a%3A5600%3A913b%3A46e9%3A69bb%3Ae25&id=o-AG7oNAzcF-FJDd-ocjzyJykdOyonHoy1J6nKG2zcPUO1&itag=140&source=youtube&requiressl=yes&xpc=EgVo2aDSNQ%3D%3D&cps=731&met=1778405296%2C&mh=Bk&mm=31%2C29&mn=sn-uxanug5-2xgd%2Csn-hxa7zn7s&ms=au%2Crdu&mv=m&mvi=2&pl=39&rms=au%2Cau&initcwndbps=2091250&bui=AbKmrwrQ5U9y0Nn2F2wf8VGjjAj_YTmoGEF7hJE95OlA1t-zuWL1IdIAyGwj_xqruENqlwrKVYjYwSCK&spc=96Xrv2gtEu1GKMj6cX0nZkgy94HhH8xBPWSE2ChLmwBA&vprv=1&svpuc=1&mime=audio%2Fmp4&rqh=1&gir=yes&clen=34639678&dur=2140.322&lmt=1778085744126041&mt=1778404844&fvip=5&keepalive=yes&fexp=51565116%2C51565682&c=ANDROID_VR&txp=3308224&sparams=expire%2Cei%2Cip%2Cid%2Citag%2Csource%2Crequiressl%2Cxpc%2Cbui%2Cspc%2Cvprv%2Csvpuc%2Cmime%2Crqh%2Cgir%2Cclen%2Cdur%2Clmt&sig=AHEqNM4wRQIhAKoQ2XRx85_35T-gazAuwaILG76_4-m2aQdY-MvLVGPHAiA5-b6o_cKkWdyQquma2nSzFnkFz4rZi0FqiOZihSC6hg%3D%3D&lsparams=cps%2Cmet%2Cmh%2Cmm%2Cmn%2Cms%2Cmv%2Cmvi%2Cpl%2Crms%2Cinitcwndbps&lsig=APaTxxMwRQIgRKrS3KqLNYY88AyXMUflPOl0C3Iol6xr9IgTUPNtbrkCIQCZylvi323w5hPudwx_-zUYEOv3WBSExM-S0UpNMI2rTg%3D%3D -c copy l5ZTFlhvy4E.mp4
2026-05-10 17:48:18,789 [INFO] ffmpeg finished for l5ZTFlhvy4E with code 0
2026-05-10 17:48:18,791 [INFO] [ffprobe:l5ZTFlhvy4E.mp4] Attempt 1/5
2026-05-10 17:48:18,791 [INFO] RUN ffprobe:l5ZTFlhvy4E.mp4: ffprobe -v error -show_entries format=duration -of default=noprint_wrappers=1:nokey=1 l5ZTFlhvy4E.mp4
2026-05-10 17:48:18,840 [INFO] Validation OK for l5ZTFlhvy4E.mp4 (size=133506161, duration=2140.32)
2026-05-10 17:48:18,840 [INFO] Moving l5ZTFlhvy4E.mp4 -> SMii7Yplus\This Game Got Even More Terrifying.mp4
2026-05-10 17:48:18,842 [INFO] Download complete for l5ZTFlhvy4E
2026-05-10 17:48:18,843 [INFO] Channel SMii7Yplus cooling down for 30.0 seconds
2026-05-10 17:48:48,843 [INFO] Processing video qrijYo_b8AU (Lethal Pirate REPO Company?) from channel SMii7Yplus
2026-05-10 17:48:48,843 [INFO] Starting download for qrijYo_b8AU (Lethal Pirate REPO Company?)
2026-05-10 17:48:48,845 [INFO] Download attempt 1/5 for qrijYo_b8AU
2026-05-10 17:48:48,845 [INFO] [urls:qrijYo_b8AU:134+140] Attempt 1/5
2026-05-10 17:48:48,845 [INFO] RUN urls:qrijYo_b8AU:134+140: C:\Tools\yt-dlp\yt-dlp.exe -g -f 134+140 https://www.youtube.com/watch?v=qrijYo_b8AU
2026-05-10 17:48:51,702 [INFO] Got URLs for qrijYo_b8AU with format 134+140
2026-05-10 17:48:51,702 [INFO] Starting ffmpeg for qrijYo_b8AU: ffmpeg -y -loglevel error -progress pipe:2 -i https://rr2---sn-uxanug5-2xgd.googlevideo.com/videoplayback?expire=1778428131&ei=g1QAar-WCMXK4t4PlI6I-QM&ip=2001%3A8003%3A917a%3A5600%3A913b%3A46e9%3A69bb%3Ae25&id=o-AAiQJd7y5rKokgmXMFk2jqHeakb0tXuL5mewWS21Iy80&itag=134&source=youtube&requiressl=yes&xpc=EgVo2aDSNQ%3D%3D&cps=439&met=1778406531%2C&mh=AG&mm=31%2C29&mn=sn-uxanug5-2xgd%2Csn-ajhxac-5c&ms=au%2Crdu&mv=m&mvi=2&pl=39&rms=au%2Cau&initcwndbps=2062500&bui=AbKmrwohYP1vxhwYIm71CNvFqej5OolFxSgt4Is30CURxvTHi-CcKh5dC4WKxcShuYl82N0FL8G84-bR&spc=96XrvyIVD6Z2HhqhBONrzEnjaBNnRJoweks7zXmJ2sDU&vprv=1&svpuc=1&mime=video%2Fmp4&rqh=1&gir=yes&clen=65189180&dur=1670.266&lmt=1777682756619377&mt=1778406049&fvip=5&keepalive=yes&fexp=51565116%2C51565682&c=ANDROID_VR&txp=4532534&sparams=expire%2Cei%2Cip%2Cid%2Citag%2Csource%2Crequiressl%2Cxpc%2Cbui%2Cspc%2Cvprv%2Csvpuc%2Cmime%2Crqh%2Cgir%2Cclen%2Cdur%2Clmt&sig=AHEqNM4wRQIhAMmAPa9UJDdZ4fAzaZsCxJAzUmVoQtYOIIOg6Og4NRGkAiAYKpZc6Vfd_aMbEv4C7Q77amxZ32QhZQQXKvtFb0wjSA%3D%3D&lsparams=cps%2Cmet%2Cmh%2Cmm%2Cmn%2Cms%2Cmv%2Cmvi%2Cpl%2Crms%2Cinitcwndbps&lsig=APaTxxMwRQIhAKWH1znb8vyrF75mnvEwDapM6cUBSQUNRv33svdTl-PVAiAGOYVOxb_mqInUPNLY15AAttOY3nsGxntuXf6FxbNwUw%3D%3D -i https://rr2---sn-uxanug5-2xgd.googlevideo.com/videoplayback?expire=1778428131&ei=g1QAar-WCMXK4t4PlI6I-QM&ip=2001%3A8003%3A917a%3A5600%3A913b%3A46e9%3A69bb%3Ae25&id=o-AAiQJd7y5rKokgmXMFk2jqHeakb0tXuL5mewWS21Iy80&itag=140&source=youtube&requiressl=yes&xpc=EgVo2aDSNQ%3D%3D&cps=439&met=1778406531%2C&mh=AG&mm=31%2C29&mn=sn-uxanug5-2xgd%2Csn-ajhxac-5c&ms=au%2Crdu&mv=m&mvi=2&pl=39&rms=au%2Cau&initcwndbps=2062500&bui=AbKmrwohYP1vxhwYIm71CNvFqej5OolFxSgt4Is30CURxvTHi-CcKh5dC4WKxcShuYl82N0FL8G84-bR&spc=96XrvyIVD6Z2HhqhBONrzEnjaBNnRJoweks7zXmJ2sDU&vprv=1&svpuc=1&mime=audio%2Fmp4&rqh=1&gir=yes&clen=27033634&dur=1670.327&lmt=1777682377704690&mt=1778406049&fvip=5&keepalive=yes&fexp=51565116%2C51565682&c=ANDROID_VR&txp=4532534&sparams=expire%2Cei%2Cip%2Cid%2Citag%2Csource%2Crequiressl%2Cxpc%2Cbui%2Cspc%2Cvprv%2Csvpuc%2Cmime%2Crqh%2Cgir%2Cclen%2Cdur%2Clmt&sig=AHEqNM4wRQIgP0APbZ7wZ7RV3B2cxs1rzgM3WDNqPwTIAoqXUX18VIUCIQCr-KATLRAgzkCThj-z2EbYB-e76pwlzRZ6ImFE4_EN4Q%3D%3D&lsparams=cps%2Cmet%2Cmh%2Cmm%2Cmn%2Cms%2Cmv%2Cmvi%2Cpl%2Crms%2Cinitcwndbps&lsig=APaTxxMwRQIhAKWH1znb8vyrF75mnvEwDapM6cUBSQUNRv33svdTl-PVAiAGOYVOxb_mqInUPNLY15AAttOY3nsGxntuXf6FxbNwUw%3D%3D -c copy qrijYo_b8AU.mp4
2026-05-10 18:04:14,275 [INFO] ffmpeg finished for qrijYo_b8AU with code 0
2026-05-10 18:04:14,276 [INFO] [ffprobe:qrijYo_b8AU.mp4] Attempt 1/5
2026-05-10 18:04:14,276 [INFO] RUN ffprobe:qrijYo_b8AU.mp4: ffprobe -v error -show_entries format=duration -of default=noprint_wrappers=1:nokey=1 qrijYo_b8AU.mp4
2026-05-10 18:04:14,335 [INFO] Validation OK for qrijYo_b8AU.mp4 (size=93012985, duration=1670.33)
2026-05-10 18:04:14,335 [INFO] Moving qrijYo_b8AU.mp4 -> SMii7Yplus\Lethal Pirate REPO Company.mp4
2026-05-10 18:04:14,338 [INFO] Download complete for qrijYo_b8AU
2026-05-10 18:04:14,340 [INFO] Processing video 2eNdt7KwtiM (The New Garry's Mod is Hilarious) from channel SMii7Y
2026-05-10 18:04:14,340 [INFO] Starting download for 2eNdt7KwtiM (The New Garry's Mod is Hilarious)
2026-05-10 18:04:14,341 [INFO] Download attempt 1/5 for 2eNdt7KwtiM
2026-05-10 18:04:14,341 [INFO] [urls:2eNdt7KwtiM:134+140] Attempt 1/5
2026-05-10 18:04:14,341 [INFO] RUN urls:2eNdt7KwtiM:134+140: C:\Tools\yt-dlp\yt-dlp.exe -g -f 134+140 https://www.youtube.com/watch?v=2eNdt7KwtiM
2026-05-10 18:04:16,930 [INFO] Got URLs for 2eNdt7KwtiM with format 134+140
2026-05-10 18:04:16,930 [INFO] Starting ffmpeg for 2eNdt7KwtiM: ffmpeg -y -loglevel error -progress pipe:2 -i https://rr2---sn-uxanug5-2xg6.googlevideo.com/videoplayback?expire=1778429056&ei=IFgAat7UGL-QssUPv9vH0A4&ip=2001%3A8003%3A917a%3A5600%3A913b%3A46e9%3A69bb%3Ae25&id=o-ACFmv-Nc4Hwv0LDtoVIsO8ejjk3pGySzRj5B1W8FCieY&itag=134&source=youtube&requiressl=yes&xpc=EgVo2aDSNQ%3D%3D&cps=714&met=1778407456%2C&mh=8U&mm=18%2C29&mn=sn-uxanug5-2xg6%2Csn-hxa76n7s&ms=aub%2Crdu&mv=m&mvi=2&pl=39&rms=aub%2Caub&initcwndbps=2076250&bui=AbKmrwqCMf83aLA32W1wvXUXwrF7fUPCg4mdBtPDJYGbm7qotVR2PJ9PQhSgu7c82zYnplmw2eZu29_b&spc=96XrvytNQYoQLr-RyzCHbujMtvMSc47GVTxgTn-SBBZ6&vprv=1&svpuc=1&mime=video%2Fmp4&rqh=1&gir=yes&clen=62323181&dur=1176.466&lmt=1778027701220471&mt=1778406971&fvip=3&keepalive=yes&fexp=51565116%2C51565682&c=ANDROID_VR&txp=3309224&sparams=expire%2Cei%2Cip%2Cid%2Citag%2Csource%2Crequiressl%2Cxpc%2Cbui%2Cspc%2Cvprv%2Csvpuc%2Cmime%2Crqh%2Cgir%2Cclen%2Cdur%2Clmt&sig=AHEqNM4wRAIgWp1bxCBfuD66z2KxqW5y11Zswt7DggsvPHMdIVNff0sCID1riZd1Fg8ayHIbOi4woawQW_fYeKLw_8l0Mq8S8lQp&lsparams=cps%2Cmet%2Cmh%2Cmm%2Cmn%2Cms%2Cmv%2Cmvi%2Cpl%2Crms%2Cinitcwndbps&lsig=APaTxxMwRgIhAMiAXb5pFszy426Fj1GcOF5Y3R8yz908qbQBhvvV_QPJAiEAz07hVCw6f0hHzu1-VgvE3AFuN583RmlKJ3RGErpWr6o%3D -i https://rr2---sn-uxanug5-2xg6.googlevideo.com/videoplayback?expire=1778429056&ei=IFgAat7UGL-QssUPv9vH0A4&ip=2001%3A8003%3A917a%3A5600%3A913b%3A46e9%3A69bb%3Ae25&id=o-ACFmv-Nc4Hwv0LDtoVIsO8ejjk3pGySzRj5B1W8FCieY&itag=140&source=youtube&requiressl=yes&xpc=EgVo2aDSNQ%3D%3D&cps=714&met=1778407456%2C&mh=8U&mm=18%2C29&mn=sn-uxanug5-2xg6%2Csn-hxa76n7s&ms=aub%2Crdu&mv=m&mvi=2&pl=39&rms=aub%2Caub&initcwndbps=2076250&bui=AbKmrwqCMf83aLA32W1wvXUXwrF7fUPCg4mdBtPDJYGbm7qotVR2PJ9PQhSgu7c82zYnplmw2eZu29_b&spc=96XrvytNQYoQLr-RyzCHbujMtvMSc47GVTxgTn-SBBZ6&vprv=1&svpuc=1&mime=audio%2Fmp4&rqh=1&gir=yes&clen=19042067&dur=1176.531&lmt=1778027681366173&mt=1778406971&fvip=3&keepalive=yes&fexp=51565116%2C51565682&c=ANDROID_VR&txp=3308224&sparams=expire%2Cei%2Cip%2Cid%2Citag%2Csource%2Crequiressl%2Cxpc%2Cbui%2Cspc%2Cvprv%2Csvpuc%2Cmime%2Crqh%2Cgir%2Cclen%2Cdur%2Clmt&sig=AHEqNM4wRgIhAJ0I2xCMODSJ61iUp_gdzXgkwuebXXdCUA2FGgPPW3BvAiEA8aoy7hQy0JxoZcI-uw6oyPivgcLlGAuCsyFlygfFCig%3D&lsparams=cps%2Cmet%2Cmh%2Cmm%2Cmn%2Cms%2Cmv%2Cmvi%2Cpl%2Crms%2Cinitcwndbps&lsig=APaTxxMwRgIhAMiAXb5pFszy426Fj1GcOF5Y3R8yz908qbQBhvvV_QPJAiEAz07hVCw6f0hHzu1-VgvE3AFuN583RmlKJ3RGErpWr6o%3D -c copy 2eNdt7KwtiM.mp4
2026-05-10 18:15:02,156 [INFO] ffmpeg finished for 2eNdt7KwtiM with code 0
2026-05-10 18:15:02,157 [INFO] [ffprobe:2eNdt7KwtiM.mp4] Attempt 1/5
2026-05-10 18:15:02,157 [INFO] RUN ffprobe:2eNdt7KwtiM.mp4: ffprobe -v error -show_entries format=duration -of default=noprint_wrappers=1:nokey=1 2eNdt7KwtiM.mp4
2026-05-10 18:15:02,199 [INFO] Validation OK for 2eNdt7KwtiM.mp4 (size=81814791, duration=1176.53)
2026-05-10 18:15:02,200 [INFO] Moving 2eNdt7KwtiM.mp4 -> SMii7Y\The New Garry's Mod is Hilarious.mp4
2026-05-10 18:15:02,202 [INFO] Download complete for 2eNdt7KwtiM
2026-05-10 18:15:02,204 [INFO] Channel SMii7Y cooling down for 30.0 seconds
2026-05-10 18:15:32,204 [INFO] Processing video TVMPKzKvl1c (DO NOT Dig A Hole With Your Friends) from channel SMii7Y
2026-05-10 18:15:32,204 [INFO] Starting download for TVMPKzKvl1c (DO NOT Dig A Hole With Your Friends)
2026-05-10 18:15:32,205 [INFO] Download attempt 1/5 for TVMPKzKvl1c
2026-05-10 18:15:32,205 [INFO] [urls:TVMPKzKvl1c:134+140] Attempt 1/5
2026-05-10 18:15:32,206 [INFO] RUN urls:TVMPKzKvl1c:134+140: C:\Tools\yt-dlp\yt-dlp.exe -g -f 134+140 https://www.youtube.com/watch?v=TVMPKzKvl1c
2026-05-10 18:15:35,023 [INFO] Got URLs for TVMPKzKvl1c with format 134+140
2026-05-10 18:15:35,023 [INFO] Starting ffmpeg for TVMPKzKvl1c: ffmpeg -y -loglevel error -progress pipe:2 -i https://rr2---sn-uxanug5-2xg6.googlevideo.com/videoplayback?expire=1778429734&ei=xloAatzpHdjNssUP2MSzkQU&ip=2001%3A8003%3A917a%3A5600%3A913b%3A46e9%3A69bb%3Ae25&id=o-AFifMplfK8cuU8j7E4QeDfIDD8TdeRD02-8R9rbQvr0r&itag=134&source=youtube&requiressl=yes&xpc=EgVo2aDSNQ%3D%3D&cps=715&met=1778408134%2C&mh=8y&mm=31%2C29&mn=sn-uxanug5-2xg6%2Csn-hxa7zn7s&ms=au%2Crdu&mv=m&mvi=2&pl=39&rms=au%2Cau&initcwndbps=2080000&bui=AbKmrwp0l6Ps-lHLdu-2-x_MDnfWw1QBQMF2ZlNDs9CN9dpYjJu25nWitWXIISaUX86Ni02uu301HKOx&spc=96Xrv3gKcDyL5DoU_26avTfZYNvVf0L5U4A1LGZdUq_o&vprv=1&svpuc=1&mime=video%2Fmp4&rqh=1&gir=yes&clen=117153531&dur=2478.866&lmt=1777786275608839&mt=1778407725&fvip=3&keepalive=yes&fexp=51565115%2C51565681&c=ANDROID_VR&txp=3309224&sparams=expire%2Cei%2Cip%2Cid%2Citag%2Csource%2Crequiressl%2Cxpc%2Cbui%2Cspc%2Cvprv%2Csvpuc%2Cmime%2Crqh%2Cgir%2Cclen%2Cdur%2Clmt&sig=AHEqNM4wRAIgMq7zNVcEn2VGrkHZ5PUI5yPmCuujhBajcQAtKXdOKFUCIAmlsJpCAIuntzlDtOd95xxpI3nLIdIIWH1Gm4I_9GCi&lsparams=cps%2Cmet%2Cmh%2Cmm%2Cmn%2Cms%2Cmv%2Cmvi%2Cpl%2Crms%2Cinitcwndbps&lsig=APaTxxMwRAIgINC3znJE-r7hbISNskiOMKkHE3H_oD-eqN7hBJQApQQCID_HBjvjXUjPgdxVeJcwAd0HpLZbKEtjW98yn7ypsn2C -i https://rr2---sn-uxanug5-2xg6.googlevideo.com/videoplayback?expire=1778429734&ei=xloAatzpHdjNssUP2MSzkQU&ip=2001%3A8003%3A917a%3A5600%3A913b%3A46e9%3A69bb%3Ae25&id=o-AFifMplfK8cuU8j7E4QeDfIDD8TdeRD02-8R9rbQvr0r&itag=140&source=youtube&requiressl=yes&xpc=EgVo2aDSNQ%3D%3D&cps=715&met=1778408134%2C&mh=8y&mm=31%2C29&mn=sn-uxanug5-2xg6%2Csn-hxa7zn7s&ms=au%2Crdu&mv=m&mvi=2&pl=39&rms=au%2Cau&initcwndbps=2080000&bui=AbKmrwp0l6Ps-lHLdu-2-x_MDnfWw1QBQMF2ZlNDs9CN9dpYjJu25nWitWXIISaUX86Ni02uu301HKOx&spc=96Xrv3gKcDyL5DoU_26avTfZYNvVf0L5U4A1LGZdUq_o&vprv=1&svpuc=1&mime=audio%2Fmp4&rqh=1&gir=yes&clen=40119402&dur=2478.915&lmt=1777786335314716&mt=1778407725&fvip=3&keepalive=yes&fexp=51565115%2C51565681&c=ANDROID_VR&txp=3308224&sparams=expire%2Cei%2Cip%2Cid%2Citag%2Csource%2Crequiressl%2Cxpc%2Cbui%2Cspc%2Cvprv%2Csvpuc%2Cmime%2Crqh%2Cgir%2Cclen%2Cdur%2Clmt&sig=AHEqNM4wRAIgPD7D2rnE5Wf1BYQVQGn53HwGbxsWfTO82HvZHlXlHvUCICrvnSgEUjScG4fd33W1asxGxg8IlVSBuOdS4ysDKqE-&lsparams=cps%2Cmet%2Cmh%2Cmm%2Cmn%2Cms%2Cmv%2Cmvi%2Cpl%2Crms%2Cinitcwndbps&lsig=APaTxxMwRAIgINC3znJE-r7hbISNskiOMKkHE3H_oD-eqN7hBJQApQQCID_HBjvjXUjPgdxVeJcwAd0HpLZbKEtjW98yn7ypsn2C -c copy TVMPKzKvl1c.mp4
2026-05-10 18:37:21,013 [INFO] ffmpeg finished for TVMPKzKvl1c with code 0
2026-05-10 18:37:21,014 [INFO] [ffprobe:TVMPKzKvl1c.mp4] Attempt 1/5
2026-05-10 18:37:21,014 [INFO] RUN ffprobe:TVMPKzKvl1c.mp4: ffprobe -v error -show_entries format=duration -of default=noprint_wrappers=1:nokey=1 TVMPKzKvl1c.mp4
2026-05-10 18:37:21,061 [INFO] Validation OK for TVMPKzKvl1c.mp4 (size=158182924, duration=2478.92)
2026-05-10 18:37:21,062 [INFO] Moving TVMPKzKvl1c.mp4 -> SMii7Y\DO NOT Dig A Hole With Your Friends.mp4
2026-05-10 18:37:21,064 [INFO] Download complete for TVMPKzKvl1c
2026-05-10 18:37:21,065 [INFO] Processing video tZ4VB-NZVMM (If you are RICH, your message is BIGGER) from channel dougdougdoug
2026-05-10 18:37:21,066 [INFO] Starting download for tZ4VB-NZVMM (If you are RICH, your message is BIGGER)
2026-05-10 18:37:21,067 [INFO] Download attempt 1/5 for tZ4VB-NZVMM
2026-05-10 18:37:21,067 [INFO] [urls:tZ4VB-NZVMM:134+140] Attempt 1/5
2026-05-10 18:37:21,067 [INFO] RUN urls:tZ4VB-NZVMM:134+140: C:\Tools\yt-dlp\yt-dlp.exe -g -f 134+140 https://www.youtube.com/watch?v=tZ4VB-NZVMM
2026-05-10 18:37:23,759 [WARNING] [urls:tZ4VB-NZVMM:134+140] Failed (code 1).
2026-05-10 18:37:23,759 [INFO] [urls:tZ4VB-NZVMM:134+140] Retrying in 5 seconds...
2026-05-10 18:37:28,761 [INFO] [urls:tZ4VB-NZVMM:134+140] Attempt 2/5
2026-05-10 18:37:28,761 [INFO] RUN urls:tZ4VB-NZVMM:134+140: C:\Tools\yt-dlp\yt-dlp.exe -g -f 134+140 https://www.youtube.com/watch?v=tZ4VB-NZVMM
2026-05-10 18:37:31,673 [INFO] Got URLs for tZ4VB-NZVMM with format 134+140
2026-05-10 18:37:31,674 [INFO] Starting ffmpeg for tZ4VB-NZVMM: ffmpeg -y -loglevel error -progress pipe:2 -i https://rr1---sn-uxanug5-2xg6.googlevideo.com/videoplayback?expire=1778431051&ei=618AavHTDfzVqfkPx82p0AE&ip=2001%3A8003%3A917a%3A5600%3A913b%3A46e9%3A69bb%3Ae25&id=o-AJ53zGTmGogxqUE4BisxKHfwOLBLX2e3nSE7lXOCRw_A&itag=134&source=youtube&requiressl=yes&xpc=EgVo2aDSNQ%3D%3D&cps=496&met=1778409451%2C&mh=B_&mm=31%2C29&mn=sn-uxanug5-2xg6%2Csn-hxa7zn7s&ms=au%2Crdu&mv=m&mvi=1&pl=39&rms=au%2Cau&initcwndbps=2045000&bui=AbKmrwoSv_2KWjx9DlXVXDMX1TAiGNvtsj9ASP9TW9jy6cmKFgLxDHX4S0Q6Hh0yOuAZf0-cQKq20WGu&spc=96Xrv2m1ISpvJKlttJ7kVHwAMiHtR2PlsKBNFcKvhUF4&vprv=1&svpuc=1&mime=video%2Fmp4&rqh=1&gir=yes&clen=32551950&dur=794.700&lmt=1777999278600395&mt=1778408956&fvip=5&keepalive=yes&fexp=51565116%2C51565682&c=ANDROID_VR&txp=3309224&sparams=expire%2Cei%2Cip%2Cid%2Citag%2Csource%2Crequiressl%2Cxpc%2Cbui%2Cspc%2Cvprv%2Csvpuc%2Cmime%2Crqh%2Cgir%2Cclen%2Cdur%2Clmt&sig=AHEqNM4wRAIgCevjFR5d21Hm3ukj4ZbQc32nqumajpbb2w9TqNUAe0MCICmP0W98Pii4TMneFxRNdicnNNE2UExU5IdYfQtNBvIO&lsparams=cps%2Cmet%2Cmh%2Cmm%2Cmn%2Cms%2Cmv%2Cmvi%2Cpl%2Crms%2Cinitcwndbps&lsig=APaTxxMwRAIgWQGMUDSG02tcc8FLzzUu6oJEq2SZE6AKVC7glu_8MaoCIGVGbCt6fdzBSHBZ-HYD5vAYMBpJCZaG-mPxAcCAjvRT -i https://rr1---sn-uxanug5-2xg6.googlevideo.com/videoplayback?expire=1778431051&ei=618AavHTDfzVqfkPx82p0AE&ip=2001%3A8003%3A917a%3A5600%3A913b%3A46e9%3A69bb%3Ae25&id=o-AJ53zGTmGogxqUE4BisxKHfwOLBLX2e3nSE7lXOCRw_A&itag=140&source=youtube&requiressl=yes&xpc=EgVo2aDSNQ%3D%3D&cps=496&met=1778409451%2C&mh=B_&mm=31%2C29&mn=sn-uxanug5-2xg6%2Csn-hxa7zn7s&ms=au%2Crdu&mv=m&mvi=1&pl=39&rms=au%2Cau&initcwndbps=2045000&bui=AbKmrwoSv_2KWjx9DlXVXDMX1TAiGNvtsj9ASP9TW9jy6cmKFgLxDHX4S0Q6Hh0yOuAZf0-cQKq20WGu&spc=96Xrv2m1ISpvJKlttJ7kVHwAMiHtR2PlsKBNFcKvhUF4&vprv=1&svpuc=1&xtags=acont%3Doriginal%3Alang%3Den-US&mime=audio%2Fmp4&rqh=1&gir=yes&clen=12863306&dur=794.749&lmt=1778119657639059&mt=1778408956&fvip=5&keepalive=yes&fexp=51565116%2C51565682&c=ANDROID_VR&txp=4532534&sparams=expire%2Cei%2Cip%2Cid%2Citag%2Csource%2Crequiressl%2Cxpc%2Cbui%2Cspc%2Cvprv%2Csvpuc%2Cxtags%2Cmime%2Crqh%2Cgir%2Cclen%2Cdur%2Clmt&sig=AHEqNM4wRQIgA4MJ52AsH-zzUh-zLSTjPujUN2SO3xsjKDUgetd0z-0CIQDZ71gPZXoPJLfm0Smb7UFjoRXPH9bL4d-toupsacQgOw%3D%3D&lsparams=cps%2Cmet%2Cmh%2Cmm%2Cmn%2Cms%2Cmv%2Cmvi%2Cpl%2Crms%2Cinitcwndbps&lsig=APaTxxMwRAIgWQGMUDSG02tcc8FLzzUu6oJEq2SZE6AKVC7glu_8MaoCIGVGbCt6fdzBSHBZ-HYD5vAYMBpJCZaG-mPxAcCAjvRT -c copy tZ4VB-NZVMM.mp4
2026-05-10 18:44:24,193 [INFO] ffmpeg finished for tZ4VB-NZVMM with code 0
2026-05-10 18:44:24,193 [INFO] [ffprobe:tZ4VB-NZVMM.mp4] Attempt 1/5
2026-05-10 18:44:24,193 [INFO] RUN ffprobe:tZ4VB-NZVMM.mp4: ffprobe -v error -show_entries format=duration -of default=noprint_wrappers=1:nokey=1 tZ4VB-NZVMM.mp4
2026-05-10 18:44:24,237 [INFO] Validation OK for tZ4VB-NZVMM.mp4 (size=45697887, duration=794.75)
2026-05-10 18:44:24,237 [INFO] Moving tZ4VB-NZVMM.mp4 -> dougdougdoug\If you are RICH, your message is BIGGER.mp4
2026-05-10 18:44:24,239 [INFO] Download complete for tZ4VB-NZVMM
2026-05-10 18:44:24,241 [INFO] Channel dougdougdoug cooling down for 30.0 seconds
2026-05-10 18:44:54,240 [INFO] Processing video XfApxifKvMg (If you’re the 1000th Chatter, I’ll grant your wish) from channel dougdougdoug
2026-05-10 18:44:54,240 [INFO] Starting download for XfApxifKvMg (If you’re the 1000th Chatter, I’ll grant your wish)
2026-05-10 18:44:54,242 [INFO] Download attempt 1/5 for XfApxifKvMg
2026-05-10 18:44:54,242 [INFO] [urls:XfApxifKvMg:134+140] Attempt 1/5
2026-05-10 18:44:54,242 [INFO] RUN urls:XfApxifKvMg:134+140: C:\Tools\yt-dlp\yt-dlp.exe -g -f 134+140 https://www.youtube.com/watch?v=XfApxifKvMg
2026-05-10 18:44:56,755 [WARNING] [urls:XfApxifKvMg:134+140] Failed (code 1).
2026-05-10 18:44:56,755 [INFO] [urls:XfApxifKvMg:134+140] Retrying in 5 seconds...
2026-05-10 18:45:01,756 [INFO] [urls:XfApxifKvMg:134+140] Attempt 2/5
2026-05-10 18:45:01,756 [INFO] RUN urls:XfApxifKvMg:134+140: C:\Tools\yt-dlp\yt-dlp.exe -g -f 134+140 https://www.youtube.com/watch?v=XfApxifKvMg
2026-05-10 18:45:04,744 [WARNING] [urls:XfApxifKvMg:134+140] Failed (code 1).
2026-05-10 18:45:04,744 [INFO] [urls:XfApxifKvMg:134+140] Retrying in 5 seconds...
2026-05-10 18:45:09,745 [INFO] [urls:XfApxifKvMg:134+140] Attempt 3/5
2026-05-10 18:45:09,745 [INFO] RUN urls:XfApxifKvMg:134+140: C:\Tools\yt-dlp\yt-dlp.exe -g -f 134+140 https://www.youtube.com/watch?v=XfApxifKvMg
2026-05-10 18:45:12,515 [WARNING] [urls:XfApxifKvMg:134+140] Failed (code 1).
2026-05-10 18:45:12,515 [INFO] [urls:XfApxifKvMg:134+140] Retrying in 5 seconds...
2026-05-10 18:45:17,516 [INFO] [urls:XfApxifKvMg:134+140] Attempt 4/5
2026-05-10 18:45:17,516 [INFO] RUN urls:XfApxifKvMg:134+140: C:\Tools\yt-dlp\yt-dlp.exe -g -f 134+140 https://www.youtube.com/watch?v=XfApxifKvMg
2026-05-10 18:45:20,111 [WARNING] [urls:XfApxifKvMg:134+140] Failed (code 1).
2026-05-10 18:45:20,111 [INFO] [urls:XfApxifKvMg:134+140] Retrying in 5 seconds...
2026-05-10 18:45:25,111 [INFO] [urls:XfApxifKvMg:134+140] Attempt 5/5
2026-05-10 18:45:25,111 [INFO] RUN urls:XfApxifKvMg:134+140: C:\Tools\yt-dlp\yt-dlp.exe -g -f 134+140 https://www.youtube.com/watch?v=XfApxifKvMg
2026-05-10 18:45:27,742 [WARNING] [urls:XfApxifKvMg:134+140] Failed (code 1).
2026-05-10 18:45:27,743 [ERROR] [urls:XfApxifKvMg:134+140] All 5 attempts failed.
2026-05-10 18:45:27,743 [WARNING] Format 134+140 failed for XfApxifKvMg
2026-05-10 18:45:27,743 [INFO] [urls:XfApxifKvMg:18] Attempt 1/5
2026-05-10 18:45:27,743 [INFO] RUN urls:XfApxifKvMg:18: C:\Tools\yt-dlp\yt-dlp.exe -g -f 18 https://www.youtube.com/watch?v=XfApxifKvMg
2026-05-10 18:45:30,361 [WARNING] [urls:XfApxifKvMg:18] Failed (code 1).
2026-05-10 18:45:30,361 [INFO] [urls:XfApxifKvMg:18] Retrying in 5 seconds...
2026-05-10 18:45:35,362 [INFO] [urls:XfApxifKvMg:18] Attempt 2/5
2026-05-10 18:45:35,362 [INFO] RUN urls:XfApxifKvMg:18: C:\Tools\yt-dlp\yt-dlp.exe -g -f 18 https://www.youtube.com/watch?v=XfApxifKvMg
2026-05-10 18:45:38,014 [WARNING] [urls:XfApxifKvMg:18] Failed (code 1).
2026-05-10 18:45:38,014 [INFO] [urls:XfApxifKvMg:18] Retrying in 5 seconds...
2026-05-10 18:45:43,015 [INFO] [urls:XfApxifKvMg:18] Attempt 3/5
2026-05-10 18:45:43,015 [INFO] RUN urls:XfApxifKvMg:18: C:\Tools\yt-dlp\yt-dlp.exe -g -f 18 https://www.youtube.com/watch?v=XfApxifKvMg
2026-05-10 18:45:45,663 [WARNING] [urls:XfApxifKvMg:18] Failed (code 1).
2026-05-10 18:45:45,663 [INFO] [urls:XfApxifKvMg:18] Retrying in 5 seconds...
2026-05-10 18:45:50,664 [INFO] [urls:XfApxifKvMg:18] Attempt 4/5
2026-05-10 18:45:50,664 [INFO] RUN urls:XfApxifKvMg:18: C:\Tools\yt-dlp\yt-dlp.exe -g -f 18 https://www.youtube.com/watch?v=XfApxifKvMg
2026-05-10 18:45:53,639 [WARNING] [urls:XfApxifKvMg:18] Failed (code 1).
2026-05-10 18:45:53,639 [INFO] [urls:XfApxifKvMg:18] Retrying in 5 seconds...
2026-05-10 18:45:58,641 [INFO] [urls:XfApxifKvMg:18] Attempt 5/5
2026-05-10 18:45:58,641 [INFO] RUN urls:XfApxifKvMg:18: C:\Tools\yt-dlp\yt-dlp.exe -g -f 18 https://www.youtube.com/watch?v=XfApxifKvMg
2026-05-10 18:46:01,242 [WARNING] [urls:XfApxifKvMg:18] Failed (code 1).
2026-05-10 18:46:01,243 [ERROR] [urls:XfApxifKvMg:18] All 5 attempts failed.
2026-05-10 18:46:01,243 [WARNING] Format 18 failed for XfApxifKvMg
2026-05-10 18:46:01,243 [INFO] [urls:XfApxifKvMg:93] Attempt 1/5
2026-05-10 18:46:01,243 [INFO] RUN urls:XfApxifKvMg:93: C:\Tools\yt-dlp\yt-dlp.exe -g -f 93 https://www.youtube.com/watch?v=XfApxifKvMg
2026-05-10 18:46:03,774 [WARNING] [urls:XfApxifKvMg:93] Failed (code 1).
2026-05-10 18:46:03,774 [INFO] [urls:XfApxifKvMg:93] Retrying in 5 seconds...
2026-05-10 18:46:08,775 [INFO] [urls:XfApxifKvMg:93] Attempt 2/5
2026-05-10 18:46:08,776 [INFO] RUN urls:XfApxifKvMg:93: C:\Tools\yt-dlp\yt-dlp.exe -g -f 93 https://www.youtube.com/watch?v=XfApxifKvMg
2026-05-10 18:46:11,171 [WARNING] [urls:XfApxifKvMg:93] Failed (code 1).
2026-05-10 18:46:11,172 [INFO] [urls:XfApxifKvMg:93] Retrying in 5 seconds...
2026-05-10 18:46:16,172 [INFO] [urls:XfApxifKvMg:93] Attempt 3/5
2026-05-10 18:46:16,172 [INFO] RUN urls:XfApxifKvMg:93: C:\Tools\yt-dlp\yt-dlp.exe -g -f 93 https://www.youtube.com/watch?v=XfApxifKvMg
2026-05-10 18:46:18,938 [WARNING] [urls:XfApxifKvMg:93] Failed (code 1).
2026-05-10 18:46:18,938 [INFO] [urls:XfApxifKvMg:93] Retrying in 5 seconds...
2026-05-10 18:46:23,938 [INFO] [urls:XfApxifKvMg:93] Attempt 4/5
2026-05-10 18:46:23,938 [INFO] RUN urls:XfApxifKvMg:93: C:\Tools\yt-dlp\yt-dlp.exe -g -f 93 https://www.youtube.com/watch?v=XfApxifKvMg
2026-05-10 18:46:26,654 [WARNING] [urls:XfApxifKvMg:93] Failed (code 1).
2026-05-10 18:46:26,654 [INFO] [urls:XfApxifKvMg:93] Retrying in 5 seconds...
2026-05-10 18:46:31,656 [INFO] [urls:XfApxifKvMg:93] Attempt 5/5
2026-05-10 18:46:31,656 [INFO] RUN urls:XfApxifKvMg:93: C:\Tools\yt-dlp\yt-dlp.exe -g -f 93 https://www.youtube.com/watch?v=XfApxifKvMg
2026-05-10 18:46:34,426 [WARNING] [urls:XfApxifKvMg:93] Failed (code 1).
2026-05-10 18:46:34,426 [ERROR] [urls:XfApxifKvMg:93] All 5 attempts failed.
2026-05-10 18:46:34,426 [WARNING] Format 93 failed for XfApxifKvMg
2026-05-10 18:46:34,427 [INFO] [urls:XfApxifKvMg:92] Attempt 1/5
2026-05-10 18:46:34,427 [INFO] RUN urls:XfApxifKvMg:92: C:\Tools\yt-dlp\yt-dlp.exe -g -f 92 https://www.youtube.com/watch?v=XfApxifKvMg
2026-05-10 18:46:36,907 [WARNING] [urls:XfApxifKvMg:92] Failed (code 1).
2026-05-10 18:46:36,908 [INFO] [urls:XfApxifKvMg:92] Retrying in 5 seconds...
2026-05-10 18:46:41,909 [INFO] [urls:XfApxifKvMg:92] Attempt 2/5
2026-05-10 18:46:41,909 [INFO] RUN urls:XfApxifKvMg:92: C:\Tools\yt-dlp\yt-dlp.exe -g -f 92 https://www.youtube.com/watch?v=XfApxifKvMg
2026-05-10 18:46:44,534 [WARNING] [urls:XfApxifKvMg:92] Failed (code 1).
2026-05-10 18:46:44,534 [INFO] [urls:XfApxifKvMg:92] Retrying in 5 seconds...
2026-05-10 18:46:49,535 [INFO] [urls:XfApxifKvMg:92] Attempt 3/5
2026-05-10 18:46:49,535 [INFO] RUN urls:XfApxifKvMg:92: C:\Tools\yt-dlp\yt-dlp.exe -g -f 92 https://www.youtube.com/watch?v=XfApxifKvMg
2026-05-10 18:46:52,050 [WARNING] [urls:XfApxifKvMg:92] Failed (code 1).
2026-05-10 18:46:52,050 [INFO] [urls:XfApxifKvMg:92] Retrying in 5 seconds...
2026-05-10 18:46:57,051 [INFO] [urls:XfApxifKvMg:92] Attempt 4/5
2026-05-10 18:46:57,051 [INFO] RUN urls:XfApxifKvMg:92: C:\Tools\yt-dlp\yt-dlp.exe -g -f 92 https://www.youtube.com/watch?v=XfApxifKvMg
2026-05-10 18:46:59,435 [WARNING] [urls:XfApxifKvMg:92] Failed (code 1).
2026-05-10 18:46:59,435 [INFO] [urls:XfApxifKvMg:92] Retrying in 5 seconds...
2026-05-10 18:47:04,436 [INFO] [urls:XfApxifKvMg:92] Attempt 5/5
2026-05-10 18:47:04,436 [INFO] RUN urls:XfApxifKvMg:92: C:\Tools\yt-dlp\yt-dlp.exe -g -f 92 https://www.youtube.com/watch?v=XfApxifKvMg
2026-05-10 18:47:06,832 [WARNING] [urls:XfApxifKvMg:92] Failed (code 1).
2026-05-10 18:47:06,832 [ERROR] [urls:XfApxifKvMg:92] All 5 attempts failed.
2026-05-10 18:47:06,832 [WARNING] Format 92 failed for XfApxifKvMg
2026-05-10 18:47:06,832 [INFO] [urls:XfApxifKvMg:91] Attempt 1/5
2026-05-10 18:47:06,832 [INFO] RUN urls:XfApxifKvMg:91: C:\Tools\yt-dlp\yt-dlp.exe -g -f 91 https://www.youtube.com/watch?v=XfApxifKvMg
2026-05-10 18:47:09,790 [WARNING] [urls:XfApxifKvMg:91] Failed (code 1).
2026-05-10 18:47:09,790 [INFO] [urls:XfApxifKvMg:91] Retrying in 5 seconds...
2026-05-10 18:47:14,791 [INFO] [urls:XfApxifKvMg:91] Attempt 2/5
2026-05-10 18:47:14,791 [INFO] RUN urls:XfApxifKvMg:91: C:\Tools\yt-dlp\yt-dlp.exe -g -f 91 https://www.youtube.com/watch?v=XfApxifKvMg
2026-05-10 18:47:17,706 [WARNING] [urls:XfApxifKvMg:91] Failed (code 1).
2026-05-10 18:47:17,706 [INFO] [urls:XfApxifKvMg:91] Retrying in 5 seconds...
2026-05-10 18:47:22,707 [INFO] [urls:XfApxifKvMg:91] Attempt 3/5
2026-05-10 18:47:22,707 [INFO] RUN urls:XfApxifKvMg:91: C:\Tools\yt-dlp\yt-dlp.exe -g -f 91 https://www.youtube.com/watch?v=XfApxifKvMg
2026-05-10 18:47:25,484 [WARNING] [urls:XfApxifKvMg:91] Failed (code 1).
2026-05-10 18:47:25,485 [INFO] [urls:XfApxifKvMg:91] Retrying in 5 seconds...
2026-05-10 18:47:30,486 [INFO] [urls:XfApxifKvMg:91] Attempt 4/5
2026-05-10 18:47:30,486 [INFO] RUN urls:XfApxifKvMg:91: C:\Tools\yt-dlp\yt-dlp.exe -g -f 91 https://www.youtube.com/watch?v=XfApxifKvMg
2026-05-10 18:47:33,069 [WARNING] [urls:XfApxifKvMg:91] Failed (code 1).
2026-05-10 18:47:33,069 [INFO] [urls:XfApxifKvMg:91] Retrying in 5 seconds...
2026-05-10 18:47:38,070 [INFO] [urls:XfApxifKvMg:91] Attempt 5/5
2026-05-10 18:47:38,070 [INFO] RUN urls:XfApxifKvMg:91: C:\Tools\yt-dlp\yt-dlp.exe -g -f 91 https://www.youtube.com/watch?v=XfApxifKvMg
2026-05-10 18:47:40,645 [WARNING] [urls:XfApxifKvMg:91] Failed (code 1).
2026-05-10 18:47:40,645 [ERROR] [urls:XfApxifKvMg:91] All 5 attempts failed.
2026-05-10 18:47:40,645 [WARNING] Format 91 failed for XfApxifKvMg
2026-05-10 18:47:40,645 [INFO] [urls:XfApxifKvMg:best] Attempt 1/5
2026-05-10 18:47:40,645 [INFO] RUN urls:XfApxifKvMg:best: C:\Tools\yt-dlp\yt-dlp.exe -g -f best https://www.youtube.com/watch?v=XfApxifKvMg
2026-05-10 18:47:43,307 [WARNING] [urls:XfApxifKvMg:best] Failed (code 1).
2026-05-10 18:47:43,307 [INFO] [urls:XfApxifKvMg:best] Retrying in 5 seconds...
2026-05-10 18:47:48,309 [INFO] [urls:XfApxifKvMg:best] Attempt 2/5
2026-05-10 18:47:48,309 [INFO] RUN urls:XfApxifKvMg:best: C:\Tools\yt-dlp\yt-dlp.exe -g -f best https://www.youtube.com/watch?v=XfApxifKvMg
2026-05-10 18:47:50,765 [WARNING] [urls:XfApxifKvMg:best] Failed (code 1).
2026-05-10 18:47:50,766 [INFO] [urls:XfApxifKvMg:best] Retrying in 5 seconds...
2026-05-10 18:47:55,766 [INFO] [urls:XfApxifKvMg:best] Attempt 3/5
2026-05-10 18:47:55,766 [INFO] RUN urls:XfApxifKvMg:best: C:\Tools\yt-dlp\yt-dlp.exe -g -f best https://www.youtube.com/watch?v=XfApxifKvMg
2026-05-10 18:47:58,194 [WARNING] [urls:XfApxifKvMg:best] Failed (code 1).
2026-05-10 18:47:58,195 [INFO] [urls:XfApxifKvMg:best] Retrying in 5 seconds...
2026-05-10 18:48:03,195 [INFO] [urls:XfApxifKvMg:best] Attempt 4/5
2026-05-10 18:48:03,195 [INFO] RUN urls:XfApxifKvMg:best: C:\Tools\yt-dlp\yt-dlp.exe -g -f best https://www.youtube.com/watch?v=XfApxifKvMg
2026-05-10 18:48:05,920 [WARNING] [urls:XfApxifKvMg:best] Failed (code 1).
2026-05-10 18:48:05,921 [INFO] [urls:XfApxifKvMg:best] Retrying in 5 seconds...
2026-05-10 18:48:10,921 [INFO] [urls:XfApxifKvMg:best] Attempt 5/5
2026-05-10 18:48:10,921 [INFO] RUN urls:XfApxifKvMg:best: C:\Tools\yt-dlp\yt-dlp.exe -g -f best https://www.youtube.com/watch?v=XfApxifKvMg
2026-05-10 18:48:13,557 [WARNING] [urls:XfApxifKvMg:best] Failed (code 1).
2026-05-10 18:48:13,558 [ERROR] [urls:XfApxifKvMg:best] All 5 attempts failed.
2026-05-10 18:48:13,558 [WARNING] Format best failed for XfApxifKvMg
2026-05-10 18:48:13,558 [ERROR] All formats failed for XfApxifKvMg
2026-05-10 18:48:13,558 [ERROR] Failed to get URLs for XfApxifKvMg
2026-05-10 18:48:18,559 [INFO] Download attempt 2/5 for XfApxifKvMg
2026-05-10 18:48:18,559 [INFO] [urls:XfApxifKvMg:134+140] Attempt 1/5
2026-05-10 18:48:18,559 [INFO] RUN urls:XfApxifKvMg:134+140: C:\Tools\yt-dlp\yt-dlp.exe -g -f 134+140 https://www.youtube.com/watch?v=XfApxifKvMg
2026-05-10 18:48:21,026 [WARNING] [urls:XfApxifKvMg:134+140] Failed (code 1).
2026-05-10 18:48:21,026 [INFO] [urls:XfApxifKvMg:134+140] Retrying in 5 seconds...
2026-05-10 18:48:26,028 [INFO] [urls:XfApxifKvMg:134+140] Attempt 2/5
2026-05-10 18:48:26,028 [INFO] RUN urls:XfApxifKvMg:134+140: C:\Tools\yt-dlp\yt-dlp.exe -g -f 134+140 https://www.youtube.com/watch?v=XfApxifKvMg
2026-05-10 18:48:28,731 [WARNING] [urls:XfApxifKvMg:134+140] Failed (code 1).
2026-05-10 18:48:28,731 [INFO] [urls:XfApxifKvMg:134+140] Retrying in 5 seconds...
2026-05-10 18:48:33,732 [INFO] [urls:XfApxifKvMg:134+140] Attempt 3/5
2026-05-10 18:48:33,732 [INFO] RUN urls:XfApxifKvMg:134+140: C:\Tools\yt-dlp\yt-dlp.exe -g -f 134+140 https://www.youtube.com/watch?v=XfApxifKvMg
2026-05-10 18:48:36,380 [WARNING] [urls:XfApxifKvMg:134+140] Failed (code 1).
2026-05-10 18:48:36,380 [INFO] [urls:XfApxifKvMg:134+140] Retrying in 5 seconds...
2026-05-10 18:48:41,381 [INFO] [urls:XfApxifKvMg:134+140] Attempt 4/5
2026-05-10 18:48:41,381 [INFO] RUN urls:XfApxifKvMg:134+140: C:\Tools\yt-dlp\yt-dlp.exe -g -f 134+140 https://www.youtube.com/watch?v=XfApxifKvMg
2026-05-10 18:48:44,047 [WARNING] [urls:XfApxifKvMg:134+140] Failed (code 1).
2026-05-10 18:48:44,047 [INFO] [urls:XfApxifKvMg:134+140] Retrying in 5 seconds...
2026-05-10 18:48:49,048 [INFO] [urls:XfApxifKvMg:134+140] Attempt 5/5
2026-05-10 18:48:49,048 [INFO] RUN urls:XfApxifKvMg:134+140: C:\Tools\yt-dlp\yt-dlp.exe -g -f 134+140 https://www.youtube.com/watch?v=XfApxifKvMg
2026-05-10 18:48:51,672 [WARNING] [urls:XfApxifKvMg:134+140] Failed (code 1).
2026-05-10 18:48:51,673 [ERROR] [urls:XfApxifKvMg:134+140] All 5 attempts failed.
2026-05-10 18:48:51,673 [WARNING] Format 134+140 failed for XfApxifKvMg
2026-05-10 18:48:51,673 [INFO] [urls:XfApxifKvMg:18] Attempt 1/5
2026-05-10 18:48:51,673 [INFO] RUN urls:XfApxifKvMg:18: C:\Tools\yt-dlp\yt-dlp.exe -g -f 18 https://www.youtube.com/watch?v=XfApxifKvMg
2026-05-10 18:48:54,406 [WARNING] [urls:XfApxifKvMg:18] Failed (code 1).
2026-05-10 18:48:54,406 [INFO] [urls:XfApxifKvMg:18] Retrying in 5 seconds...
2026-05-10 18:48:59,407 [INFO] [urls:XfApxifKvMg:18] Attempt 2/5
2026-05-10 18:48:59,407 [INFO] RUN urls:XfApxifKvMg:18: C:\Tools\yt-dlp\yt-dlp.exe -g -f 18 https://www.youtube.com/watch?v=XfApxifKvMg
2026-05-10 18:49:02,077 [WARNING] [urls:XfApxifKvMg:18] Failed (code 1).
2026-05-10 18:49:02,077 [INFO] [urls:XfApxifKvMg:18] Retrying in 5 seconds...
2026-05-10 18:49:07,078 [INFO] [urls:XfApxifKvMg:18] Attempt 3/5
2026-05-10 18:49:07,078 [INFO] RUN urls:XfApxifKvMg:18: C:\Tools\yt-dlp\yt-dlp.exe -g -f 18 https://www.youtube.com/watch?v=XfApxifKvMg
2026-05-10 18:49:09,724 [WARNING] [urls:XfApxifKvMg:18] Failed (code 1).
2026-05-10 18:49:09,724 [INFO] [urls:XfApxifKvMg:18] Retrying in 5 seconds...
2026-05-10 18:49:14,724 [INFO] [urls:XfApxifKvMg:18] Attempt 4/5
2026-05-10 18:49:14,724 [INFO] RUN urls:XfApxifKvMg:18: C:\Tools\yt-dlp\yt-dlp.exe -g -f 18 https://www.youtube.com/watch?v=XfApxifKvMg
2026-05-10 18:49:17,321 [WARNING] [urls:XfApxifKvMg:18] Failed (code 1).
2026-05-10 18:49:17,321 [INFO] [urls:XfApxifKvMg:18] Retrying in 5 seconds...
2026-05-10 18:49:22,322 [INFO] [urls:XfApxifKvMg:18] Attempt 5/5
2026-05-10 18:49:22,322 [INFO] RUN urls:XfApxifKvMg:18: C:\Tools\yt-dlp\yt-dlp.exe -g -f 18 https://www.youtube.com/watch?v=XfApxifKvMg
2026-05-10 18:49:24,971 [WARNING] [urls:XfApxifKvMg:18] Failed (code 1).
2026-05-10 18:49:24,971 [ERROR] [urls:XfApxifKvMg:18] All 5 attempts failed.
2026-05-10 18:49:24,972 [WARNING] Format 18 failed for XfApxifKvMg
2026-05-10 18:49:24,972 [INFO] [urls:XfApxifKvMg:93] Attempt 1/5
2026-05-10 18:49:24,972 [INFO] RUN urls:XfApxifKvMg:93: C:\Tools\yt-dlp\yt-dlp.exe -g -f 93 https://www.youtube.com/watch?v=XfApxifKvMg
2026-05-10 18:49:27,733 [WARNING] [urls:XfApxifKvMg:93] Failed (code 1).
2026-05-10 18:49:27,733 [INFO] [urls:XfApxifKvMg:93] Retrying in 5 seconds...
2026-05-10 18:49:32,734 [INFO] [urls:XfApxifKvMg:93] Attempt 2/5
2026-05-10 18:49:32,734 [INFO] RUN urls:XfApxifKvMg:93: C:\Tools\yt-dlp\yt-dlp.exe -g -f 93 https://www.youtube.com/watch?v=XfApxifKvMg
2026-05-10 18:49:35,377 [WARNING] [urls:XfApxifKvMg:93] Failed (code 1).
2026-05-10 18:49:35,378 [INFO] [urls:XfApxifKvMg:93] Retrying in 5 seconds...
2026-05-10 18:49:40,378 [INFO] [urls:XfApxifKvMg:93] Attempt 3/5
2026-05-10 18:49:40,378 [INFO] RUN urls:XfApxifKvMg:93: C:\Tools\yt-dlp\yt-dlp.exe -g -f 93 https://www.youtube.com/watch?v=XfApxifKvMg
2026-05-10 18:49:42,900 [WARNING] [urls:XfApxifKvMg:93] Failed (code 1).
2026-05-10 18:49:42,900 [INFO] [urls:XfApxifKvMg:93] Retrying in 5 seconds...
2026-05-10 18:49:47,901 [INFO] [urls:XfApxifKvMg:93] Attempt 4/5
2026-05-10 18:49:47,901 [INFO] RUN urls:XfApxifKvMg:93: C:\Tools\yt-dlp\yt-dlp.exe -g -f 93 https://www.youtube.com/watch?v=XfApxifKvMg
2026-05-10 18:49:50,540 [WARNING] [urls:XfApxifKvMg:93] Failed (code 1).
2026-05-10 18:49:50,541 [INFO] [urls:XfApxifKvMg:93] Retrying in 5 seconds...
2026-05-10 18:49:55,542 [INFO] [urls:XfApxifKvMg:93] Attempt 5/5
2026-05-10 18:49:55,542 [INFO] RUN urls:XfApxifKvMg:93: C:\Tools\yt-dlp\yt-dlp.exe -g -f 93 https://www.youtube.com/watch?v=XfApxifKvMg
2026-05-10 18:49:58,624 [WARNING] [urls:XfApxifKvMg:93] Failed (code 1).
2026-05-10 18:49:58,624 [ERROR] [urls:XfApxifKvMg:93] All 5 attempts failed.
2026-05-10 18:49:58,624 [WARNING] Format 93 failed for XfApxifKvMg
2026-05-10 18:49:58,624 [INFO] [urls:XfApxifKvMg:92] Attempt 1/5
2026-05-10 18:49:58,624 [INFO] RUN urls:XfApxifKvMg:92: C:\Tools\yt-dlp\yt-dlp.exe -g -f 92 https://www.youtube.com/watch?v=XfApxifKvMg
2026-05-10 18:50:01,293 [WARNING] [urls:XfApxifKvMg:92] Failed (code 1).
2026-05-10 18:50:01,293 [INFO] [urls:XfApxifKvMg:92] Retrying in 5 seconds...
2026-05-10 18:50:06,295 [INFO] [urls:XfApxifKvMg:92] Attempt 2/5
2026-05-10 18:50:06,295 [INFO] RUN urls:XfApxifKvMg:92: C:\Tools\yt-dlp\yt-dlp.exe -g -f 92 https://www.youtube.com/watch?v=XfApxifKvMg
2026-05-10 18:50:09,052 [WARNING] [urls:XfApxifKvMg:92] Failed (code 1).
2026-05-10 18:50:09,052 [INFO] [urls:XfApxifKvMg:92] Retrying in 5 seconds...
2026-05-10 18:50:14,053 [INFO] [urls:XfApxifKvMg:92] Attempt 3/5
2026-05-10 18:50:14,053 [INFO] RUN urls:XfApxifKvMg:92: C:\Tools\yt-dlp\yt-dlp.exe -g -f 92 https://www.youtube.com/watch?v=XfApxifKvMg
2026-05-10 18:50:16,855 [WARNING] [urls:XfApxifKvMg:92] Failed (code 1).
2026-05-10 18:50:16,855 [INFO] [urls:XfApxifKvMg:92] Retrying in 5 seconds...
2026-05-10 18:50:21,856 [INFO] [urls:XfApxifKvMg:92] Attempt 4/5
2026-05-10 18:50:21,856 [INFO] RUN urls:XfApxifKvMg:92: C:\Tools\yt-dlp\yt-dlp.exe -g -f 92 https://www.youtube.com/watch?v=XfApxifKvMg
2026-05-10 18:50:24,646 [WARNING] [urls:XfApxifKvMg:92] Failed (code 1).
2026-05-10 18:50:24,646 [INFO] [urls:XfApxifKvMg:92] Retrying in 5 seconds...
2026-05-10 18:50:29,646 [INFO] [urls:XfApxifKvMg:92] Attempt 5/5
2026-05-10 18:50:29,646 [INFO] RUN urls:XfApxifKvMg:92: C:\Tools\yt-dlp\yt-dlp.exe -g -f 92 https://www.youtube.com/watch?v=XfApxifKvMg
2026-05-10 18:50:32,552 [WARNING] [urls:XfApxifKvMg:92] Failed (code 1).
2026-05-10 18:50:32,552 [ERROR] [urls:XfApxifKvMg:92] All 5 attempts failed.
2026-05-10 18:50:32,553 [WARNING] Format 92 failed for XfApxifKvMg
2026-05-10 18:50:32,553 [INFO] [urls:XfApxifKvMg:91] Attempt 1/5
2026-05-10 18:50:32,553 [INFO] RUN urls:XfApxifKvMg:91: C:\Tools\yt-dlp\yt-dlp.exe -g -f 91 https://www.youtube.com/watch?v=XfApxifKvMg
2026-05-10 18:50:35,347 [WARNING] [urls:XfApxifKvMg:91] Failed (code 1).
2026-05-10 18:50:35,347 [INFO] [urls:XfApxifKvMg:91] Retrying in 5 seconds...
2026-05-10 18:50:40,348 [INFO] [urls:XfApxifKvMg:91] Attempt 2/5
2026-05-10 18:50:40,348 [INFO] RUN urls:XfApxifKvMg:91: C:\Tools\yt-dlp\yt-dlp.exe -g -f 91 https://www.youtube.com/watch?v=XfApxifKvMg
2026-05-10 18:50:43,007 [WARNING] [urls:XfApxifKvMg:91] Failed (code 1).
2026-05-10 18:50:43,007 [INFO] [urls:XfApxifKvMg:91] Retrying in 5 seconds...
2026-05-10 18:50:48,009 [INFO] [urls:XfApxifKvMg:91] Attempt 3/5
2026-05-10 18:50:48,009 [INFO] RUN urls:XfApxifKvMg:91: C:\Tools\yt-dlp\yt-dlp.exe -g -f 91 https://www.youtube.com/watch?v=XfApxifKvMg
2026-05-10 18:50:50,728 [WARNING] [urls:XfApxifKvMg:91] Failed (code 1).
2026-05-10 18:50:50,728 [INFO] [urls:XfApxifKvMg:91] Retrying in 5 seconds...
2026-05-10 18:50:55,729 [INFO] [urls:XfApxifKvMg:91] Attempt 4/5
2026-05-10 18:50:55,729 [INFO] RUN urls:XfApxifKvMg:91: C:\Tools\yt-dlp\yt-dlp.exe -g -f 91 https://www.youtube.com/watch?v=XfApxifKvMg
2026-05-10 18:50:58,337 [WARNING] [urls:XfApxifKvMg:91] Failed (code 1).
2026-05-10 18:50:58,338 [INFO] [urls:XfApxifKvMg:91] Retrying in 5 seconds...
2026-05-10 18:51:03,338 [INFO] [urls:XfApxifKvMg:91] Attempt 5/5
2026-05-10 18:51:03,338 [INFO] RUN urls:XfApxifKvMg:91: C:\Tools\yt-dlp\yt-dlp.exe -g -f 91 https://www.youtube.com/watch?v=XfApxifKvMg
2026-05-10 18:51:06,013 [WARNING] [urls:XfApxifKvMg:91] Failed (code 1).
2026-05-10 18:51:06,013 [ERROR] [urls:XfApxifKvMg:91] All 5 attempts failed.
2026-05-10 18:51:06,013 [WARNING] Format 91 failed for XfApxifKvMg
2026-05-10 18:51:06,013 [INFO] [urls:XfApxifKvMg:best] Attempt 1/5
2026-05-10 18:51:06,013 [INFO] RUN urls:XfApxifKvMg:best: C:\Tools\yt-dlp\yt-dlp.exe -g -f best https://www.youtube.com/watch?v=XfApxifKvMg
2026-05-10 18:51:08,514 [WARNING] [urls:XfApxifKvMg:best] Failed (code 1).
2026-05-10 18:51:08,514 [INFO] [urls:XfApxifKvMg:best] Retrying in 5 seconds...
2026-05-10 18:51:13,515 [INFO] [urls:XfApxifKvMg:best] Attempt 2/5
2026-05-10 18:51:13,515 [INFO] RUN urls:XfApxifKvMg:best: C:\Tools\yt-dlp\yt-dlp.exe -g -f best https://www.youtube.com/watch?v=XfApxifKvMg
2026-05-10 18:51:16,571 [WARNING] [urls:XfApxifKvMg:best] Failed (code 1).
2026-05-10 18:51:16,571 [INFO] [urls:XfApxifKvMg:best] Retrying in 5 seconds...
2026-05-10 18:51:21,573 [INFO] [urls:XfApxifKvMg:best] Attempt 3/5
2026-05-10 18:51:21,573 [INFO] RUN urls:XfApxifKvMg:best: C:\Tools\yt-dlp\yt-dlp.exe -g -f best https://www.youtube.com/watch?v=XfApxifKvMg
2026-05-10 18:51:24,130 [WARNING] [urls:XfApxifKvMg:best] Failed (code 1).
2026-05-10 18:51:24,130 [INFO] [urls:XfApxifKvMg:best] Retrying in 5 seconds...
2026-05-10 18:51:29,131 [INFO] [urls:XfApxifKvMg:best] Attempt 4/5
2026-05-10 18:51:29,131 [INFO] RUN urls:XfApxifKvMg:best: C:\Tools\yt-dlp\yt-dlp.exe -g -f best https://www.youtube.com/watch?v=XfApxifKvMg
2026-05-10 18:51:31,717 [WARNING] [urls:XfApxifKvMg:best] Failed (code 1).
2026-05-10 18:51:31,717 [INFO] [urls:XfApxifKvMg:best] Retrying in 5 seconds...
2026-05-10 18:51:36,718 [INFO] [urls:XfApxifKvMg:best] Attempt 5/5
2026-05-10 18:51:36,718 [INFO] RUN urls:XfApxifKvMg:best: C:\Tools\yt-dlp\yt-dlp.exe -g -f best https://www.youtube.com/watch?v=XfApxifKvMg
2026-05-10 18:51:39,372 [WARNING] [urls:XfApxifKvMg:best] Failed (code 1).
2026-05-10 18:51:39,372 [ERROR] [urls:XfApxifKvMg:best] All 5 attempts failed.
2026-05-10 18:51:39,372 [WARNING] Format best failed for XfApxifKvMg
2026-05-10 18:51:39,372 [ERROR] All formats failed for XfApxifKvMg
2026-05-10 18:51:39,372 [ERROR] Failed to get URLs for XfApxifKvMg
2026-05-10 18:51:44,373 [INFO] Download attempt 3/5 for XfApxifKvMg
2026-05-10 18:51:44,373 [INFO] [urls:XfApxifKvMg:134+140] Attempt 1/5
2026-05-10 18:51:44,373 [INFO] RUN urls:XfApxifKvMg:134+140: C:\Tools\yt-dlp\yt-dlp.exe -g -f 134+140 https://www.youtube.com/watch?v=XfApxifKvMg
2026-05-10 18:51:46,791 [WARNING] [urls:XfApxifKvMg:134+140] Failed (code 1).
2026-05-10 18:51:46,791 [INFO] [urls:XfApxifKvMg:134+140] Retrying in 5 seconds...
2026-05-10 18:51:51,792 [INFO] [urls:XfApxifKvMg:134+140] Attempt 2/5
2026-05-10 18:51:51,792 [INFO] RUN urls:XfApxifKvMg:134+140: C:\Tools\yt-dlp\yt-dlp.exe -g -f 134+140 https://www.youtube.com/watch?v=XfApxifKvMg
2026-05-10 18:51:54,357 [WARNING] [urls:XfApxifKvMg:134+140] Failed (code 1).
2026-05-10 18:51:54,357 [INFO] [urls:XfApxifKvMg:134+140] Retrying in 5 seconds...
2026-05-10 18:51:59,358 [INFO] [urls:XfApxifKvMg:134+140] Attempt 3/5
2026-05-10 18:51:59,358 [INFO] RUN urls:XfApxifKvMg:134+140: C:\Tools\yt-dlp\yt-dlp.exe -g -f 134+140 https://www.youtube.com/watch?v=XfApxifKvMg
2026-05-10 18:52:02,086 [WARNING] [urls:XfApxifKvMg:134+140] Failed (code 1).
2026-05-10 18:52:02,087 [INFO] [urls:XfApxifKvMg:134+140] Retrying in 5 seconds...
2026-05-10 18:52:07,088 [INFO] [urls:XfApxifKvMg:134+140] Attempt 4/5
2026-05-10 18:52:07,088 [INFO] RUN urls:XfApxifKvMg:134+140: C:\Tools\yt-dlp\yt-dlp.exe -g -f 134+140 https://www.youtube.com/watch?v=XfApxifKvMg
2026-05-10 18:52:09,493 [WARNING] [urls:XfApxifKvMg:134+140] Failed (code 1).
2026-05-10 18:52:09,493 [INFO] [urls:XfApxifKvMg:134+140] Retrying in 5 seconds...
2026-05-10 18:52:14,493 [INFO] [urls:XfApxifKvMg:134+140] Attempt 5/5
2026-05-10 18:52:14,493 [INFO] RUN urls:XfApxifKvMg:134+140: C:\Tools\yt-dlp\yt-dlp.exe -g -f 134+140 https://www.youtube.com/watch?v=XfApxifKvMg
2026-05-10 18:52:17,130 [WARNING] [urls:XfApxifKvMg:134+140] Failed (code 1).
2026-05-10 18:52:17,130 [ERROR] [urls:XfApxifKvMg:134+140] All 5 attempts failed.
2026-05-10 18:52:17,130 [WARNING] Format 134+140 failed for XfApxifKvMg
2026-05-10 18:52:17,130 [INFO] [urls:XfApxifKvMg:18] Attempt 1/5
2026-05-10 18:52:17,130 [INFO] RUN urls:XfApxifKvMg:18: C:\Tools\yt-dlp\yt-dlp.exe -g -f 18 https://www.youtube.com/watch?v=XfApxifKvMg
2026-05-10 18:52:19,956 [WARNING] [urls:XfApxifKvMg:18] Failed (code 1).
2026-05-10 18:52:19,957 [INFO] [urls:XfApxifKvMg:18] Retrying in 5 seconds...
2026-05-10 18:52:24,958 [INFO] [urls:XfApxifKvMg:18] Attempt 2/5
2026-05-10 18:52:24,958 [INFO] RUN urls:XfApxifKvMg:18: C:\Tools\yt-dlp\yt-dlp.exe -g -f 18 https://www.youtube.com/watch?v=XfApxifKvMg
2026-05-10 18:52:27,673 [WARNING] [urls:XfApxifKvMg:18] Failed (code 1).
2026-05-10 18:52:27,673 [INFO] [urls:XfApxifKvMg:18] Retrying in 5 seconds...
2026-05-10 18:52:32,674 [INFO] [urls:XfApxifKvMg:18] Attempt 3/5
2026-05-10 18:52:32,674 [INFO] RUN urls:XfApxifKvMg:18: C:\Tools\yt-dlp\yt-dlp.exe -g -f 18 https://www.youtube.com/watch?v=XfApxifKvMg
2026-05-10 18:52:35,538 [WARNING] [urls:XfApxifKvMg:18] Failed (code 1).
2026-05-10 18:52:35,538 [INFO] [urls:XfApxifKvMg:18] Retrying in 5 seconds...
2026-05-10 18:52:40,539 [INFO] [urls:XfApxifKvMg:18] Attempt 4/5
2026-05-10 18:52:40,539 [INFO] RUN urls:XfApxifKvMg:18: C:\Tools\yt-dlp\yt-dlp.exe -g -f 18 https://www.youtube.com/watch?v=XfApxifKvMg
2026-05-10 18:52:43,232 [WARNING] [urls:XfApxifKvMg:18] Failed (code 1).
2026-05-10 18:52:43,232 [INFO] [urls:XfApxifKvMg:18] Retrying in 5 seconds...
2026-05-10 18:52:48,234 [INFO] [urls:XfApxifKvMg:18] Attempt 5/5
2026-05-10 18:52:48,234 [INFO] RUN urls:XfApxifKvMg:18: C:\Tools\yt-dlp\yt-dlp.exe -g -f 18 https://www.youtube.com/watch?v=XfApxifKvMg
2026-05-10 18:52:50,736 [WARNING] [urls:XfApxifKvMg:18] Failed (code 1).
2026-05-10 18:52:50,736 [ERROR] [urls:XfApxifKvMg:18] All 5 attempts failed.
2026-05-10 18:52:50,736 [WARNING] Format 18 failed for XfApxifKvMg
2026-05-10 18:52:50,737 [INFO] [urls:XfApxifKvMg:93] Attempt 1/5
2026-05-10 18:52:50,737 [INFO] RUN urls:XfApxifKvMg:93: C:\Tools\yt-dlp\yt-dlp.exe -g -f 93 https://www.youtube.com/watch?v=XfApxifKvMg
2026-05-10 18:52:53,421 [WARNING] [urls:XfApxifKvMg:93] Failed (code 1).
2026-05-10 18:52:53,421 [INFO] [urls:XfApxifKvMg:93] Retrying in 5 seconds...
2026-05-10 18:52:58,422 [INFO] [urls:XfApxifKvMg:93] Attempt 2/5
2026-05-10 18:52:58,422 [INFO] RUN urls:XfApxifKvMg:93: C:\Tools\yt-dlp\yt-dlp.exe -g -f 93 https://www.youtube.com/watch?v=XfApxifKvMg
2026-05-10 18:53:01,233 [WARNING] [urls:XfApxifKvMg:93] Failed (code 1).
2026-05-10 18:53:01,233 [INFO] [urls:XfApxifKvMg:93] Retrying in 5 seconds...
2026-05-10 18:53:06,234 [INFO] [urls:XfApxifKvMg:93] Attempt 3/5
2026-05-10 18:53:06,234 [INFO] RUN urls:XfApxifKvMg:93: C:\Tools\yt-dlp\yt-dlp.exe -g -f 93 https://www.youtube.com/watch?v=XfApxifKvMg
2026-05-10 18:53:08,930 [WARNING] [urls:XfApxifKvMg:93] Failed (code 1).
2026-05-10 18:53:08,930 [INFO] [urls:XfApxifKvMg:93] Retrying in 5 seconds...
2026-05-10 18:53:13,930 [INFO] [urls:XfApxifKvMg:93] Attempt 4/5
2026-05-10 18:53:13,930 [INFO] RUN urls:XfApxifKvMg:93: C:\Tools\yt-dlp\yt-dlp.exe -g -f 93 https://www.youtube.com/watch?v=XfApxifKvMg
2026-05-10 18:53:16,416 [WARNING] [urls:XfApxifKvMg:93] Failed (code 1).
2026-05-10 18:53:16,416 [INFO] [urls:XfApxifKvMg:93] Retrying in 5 seconds...
2026-05-10 18:53:21,418 [INFO] [urls:XfApxifKvMg:93] Attempt 5/5
2026-05-10 18:53:21,418 [INFO] RUN urls:XfApxifKvMg:93: C:\Tools\yt-dlp\yt-dlp.exe -g -f 93 https://www.youtube.com/watch?v=XfApxifKvMg
2026-05-10 18:53:23,878 [WARNING] [urls:XfApxifKvMg:93] Failed (code 1).
2026-05-10 18:53:23,878 [ERROR] [urls:XfApxifKvMg:93] All 5 attempts failed.
2026-05-10 18:53:23,878 [WARNING] Format 93 failed for XfApxifKvMg
2026-05-10 18:53:23,878 [INFO] [urls:XfApxifKvMg:92] Attempt 1/5
2026-05-10 18:53:23,879 [INFO] RUN urls:XfApxifKvMg:92: C:\Tools\yt-dlp\yt-dlp.exe -g -f 92 https://www.youtube.com/watch?v=XfApxifKvMg
2026-05-10 18:53:26,377 [WARNING] [urls:XfApxifKvMg:92] Failed (code 1).
2026-05-10 18:53:26,377 [INFO] [urls:XfApxifKvMg:92] Retrying in 5 seconds...
2026-05-10 18:53:31,379 [INFO] [urls:XfApxifKvMg:92] Attempt 2/5
2026-05-10 18:53:31,379 [INFO] RUN urls:XfApxifKvMg:92: C:\Tools\yt-dlp\yt-dlp.exe -g -f 92 https://www.youtube.com/watch?v=XfApxifKvMg
2026-05-10 18:53:34,085 [WARNING] [urls:XfApxifKvMg:92] Failed (code 1).
2026-05-10 18:53:34,085 [INFO] [urls:XfApxifKvMg:92] Retrying in 5 seconds...
2026-05-10 18:53:39,087 [INFO] [urls:XfApxifKvMg:92] Attempt 3/5
2026-05-10 18:53:39,087 [INFO] RUN urls:XfApxifKvMg:92: C:\Tools\yt-dlp\yt-dlp.exe -g -f 92 https://www.youtube.com/watch?v=XfApxifKvMg
2026-05-10 18:53:41,767 [WARNING] [urls:XfApxifKvMg:92] Failed (code 1).
2026-05-10 18:53:41,767 [INFO] [urls:XfApxifKvMg:92] Retrying in 5 seconds...
2026-05-10 18:53:46,768 [INFO] [urls:XfApxifKvMg:92] Attempt 4/5
2026-05-10 18:53:46,768 [INFO] RUN urls:XfApxifKvMg:92: C:\Tools\yt-dlp\yt-dlp.exe -g -f 92 https://www.youtube.com/watch?v=XfApxifKvMg
2026-05-10 18:53:49,759 [WARNING] [urls:XfApxifKvMg:92] Failed (code 1).
2026-05-10 18:53:49,759 [INFO] [urls:XfApxifKvMg:92] Retrying in 5 seconds...
2026-05-10 18:53:54,760 [INFO] [urls:XfApxifKvMg:92] Attempt 5/5
2026-05-10 18:53:54,760 [INFO] RUN urls:XfApxifKvMg:92: C:\Tools\yt-dlp\yt-dlp.exe -g -f 92 https://www.youtube.com/watch?v=XfApxifKvMg
2026-05-10 18:53:57,307 [WARNING] [urls:XfApxifKvMg:92] Failed (code 1).
2026-05-10 18:53:57,308 [ERROR] [urls:XfApxifKvMg:92] All 5 attempts failed.
2026-05-10 18:53:57,308 [WARNING] Format 92 failed for XfApxifKvMg
2026-05-10 18:53:57,308 [INFO] [urls:XfApxifKvMg:91] Attempt 1/5
2026-05-10 18:53:57,308 [INFO] RUN urls:XfApxifKvMg:91: C:\Tools\yt-dlp\yt-dlp.exe -g -f 91 https://www.youtube.com/watch?v=XfApxifKvMg
2026-05-10 18:54:00,304 [WARNING] [urls:XfApxifKvMg:91] Failed (code 1).
2026-05-10 18:54:00,304 [INFO] [urls:XfApxifKvMg:91] Retrying in 5 seconds...
2026-05-10 18:54:05,306 [INFO] [urls:XfApxifKvMg:91] Attempt 2/5
2026-05-10 18:54:05,306 [INFO] RUN urls:XfApxifKvMg:91: C:\Tools\yt-dlp\yt-dlp.exe -g -f 91 https://www.youtube.com/watch?v=XfApxifKvMg
2026-05-10 18:54:07,858 [WARNING] [urls:XfApxifKvMg:91] Failed (code 1).
2026-05-10 18:54:07,858 [INFO] [urls:XfApxifKvMg:91] Retrying in 5 seconds...
2026-05-10 18:54:12,860 [INFO] [urls:XfApxifKvMg:91] Attempt 3/5
2026-05-10 18:54:12,860 [INFO] RUN urls:XfApxifKvMg:91: C:\Tools\yt-dlp\yt-dlp.exe -g -f 91 https://www.youtube.com/watch?v=XfApxifKvMg
2026-05-10 18:54:15,510 [WARNING] [urls:XfApxifKvMg:91] Failed (code 1).
2026-05-10 18:54:15,510 [INFO] [urls:XfApxifKvMg:91] Retrying in 5 seconds...
2026-05-10 18:54:20,511 [INFO] [urls:XfApxifKvMg:91] Attempt 4/5
2026-05-10 18:54:20,511 [INFO] RUN urls:XfApxifKvMg:91: C:\Tools\yt-dlp\yt-dlp.exe -g -f 91 https://www.youtube.com/watch?v=XfApxifKvMg
2026-05-10 18:54:23,131 [WARNING] [urls:XfApxifKvMg:91] Failed (code 1).
2026-05-10 18:54:23,131 [INFO] [urls:XfApxifKvMg:91] Retrying in 5 seconds...
2026-05-10 18:54:28,132 [INFO] [urls:XfApxifKvMg:91] Attempt 5/5
2026-05-10 18:54:28,132 [INFO] RUN urls:XfApxifKvMg:91: C:\Tools\yt-dlp\yt-dlp.exe -g -f 91 https://www.youtube.com/watch?v=XfApxifKvMg
2026-05-10 18:54:30,736 [WARNING] [urls:XfApxifKvMg:91] Failed (code 1).
2026-05-10 18:54:30,736 [ERROR] [urls:XfApxifKvMg:91] All 5 attempts failed.
2026-05-10 18:54:30,736 [WARNING] Format 91 failed for XfApxifKvMg
2026-05-10 18:54:30,736 [INFO] [urls:XfApxifKvMg:best] Attempt 1/5
2026-05-10 18:54:30,736 [INFO] RUN urls:XfApxifKvMg:best: C:\Tools\yt-dlp\yt-dlp.exe -g -f best https://www.youtube.com/watch?v=XfApxifKvMg
2026-05-10 18:54:33,706 [WARNING] [urls:XfApxifKvMg:best] Failed (code 1).
2026-05-10 18:54:33,706 [INFO] [urls:XfApxifKvMg:best] Retrying in 5 seconds...
2026-05-10 18:54:38,707 [INFO] [urls:XfApxifKvMg:best] Attempt 2/5
2026-05-10 18:54:38,707 [INFO] RUN urls:XfApxifKvMg:best: C:\Tools\yt-dlp\yt-dlp.exe -g -f best https://www.youtube.com/watch?v=XfApxifKvMg
2026-05-10 18:54:41,268 [WARNING] [urls:XfApxifKvMg:best] Failed (code 1).
2026-05-10 18:54:41,268 [INFO] [urls:XfApxifKvMg:best] Retrying in 5 seconds...
2026-05-10 18:54:46,268 [INFO] [urls:XfApxifKvMg:best] Attempt 3/5
2026-05-10 18:54:46,268 [INFO] RUN urls:XfApxifKvMg:best: C:\Tools\yt-dlp\yt-dlp.exe -g -f best https://www.youtube.com/watch?v=XfApxifKvMg
2026-05-10 18:54:49,027 [WARNING] [urls:XfApxifKvMg:best] Failed (code 1).
2026-05-10 18:54:49,028 [INFO] [urls:XfApxifKvMg:best] Retrying in 5 seconds...
2026-05-10 18:54:54,028 [INFO] [urls:XfApxifKvMg:best] Attempt 4/5
2026-05-10 18:54:54,028 [INFO] RUN urls:XfApxifKvMg:best: C:\Tools\yt-dlp\yt-dlp.exe -g -f best https://www.youtube.com/watch?v=XfApxifKvMg
2026-05-10 18:54:56,635 [WARNING] [urls:XfApxifKvMg:best] Failed (code 1).
2026-05-10 18:54:56,635 [INFO] [urls:XfApxifKvMg:best] Retrying in 5 seconds...
2026-05-10 18:55:01,637 [INFO] [urls:XfApxifKvMg:best] Attempt 5/5
2026-05-10 18:55:01,637 [INFO] RUN urls:XfApxifKvMg:best: C:\Tools\yt-dlp\yt-dlp.exe -g -f best https://www.youtube.com/watch?v=XfApxifKvMg
2026-05-10 18:55:04,541 [WARNING] [urls:XfApxifKvMg:best] Failed (code 1).
2026-05-10 18:55:04,541 [ERROR] [urls:XfApxifKvMg:best] All 5 attempts failed.
2026-05-10 18:55:04,541 [WARNING] Format best failed for XfApxifKvMg
2026-05-10 18:55:04,542 [ERROR] All formats failed for XfApxifKvMg
2026-05-10 18:55:04,542 [ERROR] Failed to get URLs for XfApxifKvMg
2026-05-10 18:55:09,543 [INFO] Download attempt 4/5 for XfApxifKvMg
2026-05-10 18:55:09,543 [INFO] [urls:XfApxifKvMg:134+140] Attempt 1/5
2026-05-10 18:55:09,543 [INFO] RUN urls:XfApxifKvMg:134+140: C:\Tools\yt-dlp\yt-dlp.exe -g -f 134+140 https://www.youtube.com/watch?v=XfApxifKvMg
2026-05-10 18:55:12,190 [WARNING] [urls:XfApxifKvMg:134+140] Failed (code 1).
2026-05-10 18:55:12,190 [INFO] [urls:XfApxifKvMg:134+140] Retrying in 5 seconds...
2026-05-10 18:55:17,191 [INFO] [urls:XfApxifKvMg:134+140] Attempt 2/5
2026-05-10 18:55:17,191 [INFO] RUN urls:XfApxifKvMg:134+140: C:\Tools\yt-dlp\yt-dlp.exe -g -f 134+140 https://www.youtube.com/watch?v=XfApxifKvMg
2026-05-10 18:55:20,083 [WARNING] [urls:XfApxifKvMg:134+140] Failed (code 1).
2026-05-10 18:55:20,083 [INFO] [urls:XfApxifKvMg:134+140] Retrying in 5 seconds...
2026-05-10 18:55:25,084 [INFO] [urls:XfApxifKvMg:134+140] Attempt 3/5
2026-05-10 18:55:25,084 [INFO] RUN urls:XfApxifKvMg:134+140: C:\Tools\yt-dlp\yt-dlp.exe -g -f 134+140 https://www.youtube.com/watch?v=XfApxifKvMg
2026-05-10 18:55:27,741 [WARNING] [urls:XfApxifKvMg:134+140] Failed (code 1).
2026-05-10 18:55:27,742 [INFO] [urls:XfApxifKvMg:134+140] Retrying in 5 seconds...
2026-05-10 18:55:32,742 [INFO] [urls:XfApxifKvMg:134+140] Attempt 4/5
2026-05-10 18:55:32,742 [INFO] RUN urls:XfApxifKvMg:134+140: C:\Tools\yt-dlp\yt-dlp.exe -g -f 134+140 https://www.youtube.com/watch?v=XfApxifKvMg
2026-05-10 18:55:35,358 [WARNING] [urls:XfApxifKvMg:134+140] Failed (code 1).
2026-05-10 18:55:35,359 [INFO] [urls:XfApxifKvMg:134+140] Retrying in 5 seconds...
2026-05-10 18:55:40,359 [INFO] [urls:XfApxifKvMg:134+140] Attempt 5/5
2026-05-10 18:55:40,359 [INFO] RUN urls:XfApxifKvMg:134+140: C:\Tools\yt-dlp\yt-dlp.exe -g -f 134+140 https://www.youtube.com/watch?v=XfApxifKvMg
2026-05-10 18:55:43,158 [WARNING] [urls:XfApxifKvMg:134+140] Failed (code 1).
2026-05-10 18:55:43,158 [ERROR] [urls:XfApxifKvMg:134+140] All 5 attempts failed.
2026-05-10 18:55:43,158 [WARNING] Format 134+140 failed for XfApxifKvMg
2026-05-10 18:55:43,158 [INFO] [urls:XfApxifKvMg:18] Attempt 1/5
2026-05-10 18:55:43,158 [INFO] RUN urls:XfApxifKvMg:18: C:\Tools\yt-dlp\yt-dlp.exe -g -f 18 https://www.youtube.com/watch?v=XfApxifKvMg
2026-05-10 18:55:45,912 [WARNING] [urls:XfApxifKvMg:18] Failed (code 1).
2026-05-10 18:55:45,913 [INFO] [urls:XfApxifKvMg:18] Retrying in 5 seconds...
2026-05-10 18:55:50,914 [INFO] [urls:XfApxifKvMg:18] Attempt 2/5
2026-05-10 18:55:50,914 [INFO] RUN urls:XfApxifKvMg:18: C:\Tools\yt-dlp\yt-dlp.exe -g -f 18 https://www.youtube.com/watch?v=XfApxifKvMg
2026-05-10 18:55:53,526 [WARNING] [urls:XfApxifKvMg:18] Failed (code 1).
2026-05-10 18:55:53,526 [INFO] [urls:XfApxifKvMg:18] Retrying in 5 seconds...
2026-05-10 18:55:58,527 [INFO] [urls:XfApxifKvMg:18] Attempt 3/5
2026-05-10 18:55:58,527 [INFO] RUN urls:XfApxifKvMg:18: C:\Tools\yt-dlp\yt-dlp.exe -g -f 18 https://www.youtube.com/watch?v=XfApxifKvMg
2026-05-10 18:56:01,182 [WARNING] [urls:XfApxifKvMg:18] Failed (code 1).
2026-05-10 18:56:01,183 [INFO] [urls:XfApxifKvMg:18] Retrying in 5 seconds...
2026-05-10 18:56:06,183 [INFO] [urls:XfApxifKvMg:18] Attempt 4/5
2026-05-10 18:56:06,183 [INFO] RUN urls:XfApxifKvMg:18: C:\Tools\yt-dlp\yt-dlp.exe -g -f 18 https://www.youtube.com/watch?v=XfApxifKvMg
2026-05-10 18:56:08,986 [WARNING] [urls:XfApxifKvMg:18] Failed (code 1).
2026-05-10 18:56:08,986 [INFO] [urls:XfApxifKvMg:18] Retrying in 5 seconds...
2026-05-10 18:56:13,986 [INFO] [urls:XfApxifKvMg:18] Attempt 5/5
2026-05-10 18:56:13,986 [INFO] RUN urls:XfApxifKvMg:18: C:\Tools\yt-dlp\yt-dlp.exe -g -f 18 https://www.youtube.com/watch?v=XfApxifKvMg
2026-05-10 18:56:17,078 [WARNING] [urls:XfApxifKvMg:18] Failed (code 1).
2026-05-10 18:56:17,078 [ERROR] [urls:XfApxifKvMg:18] All 5 attempts failed.
2026-05-10 18:56:17,079 [WARNING] Format 18 failed for XfApxifKvMg
2026-05-10 18:56:17,079 [INFO] [urls:XfApxifKvMg:93] Attempt 1/5
2026-05-10 18:56:17,079 [INFO] RUN urls:XfApxifKvMg:93: C:\Tools\yt-dlp\yt-dlp.exe -g -f 93 https://www.youtube.com/watch?v=XfApxifKvMg
2026-05-10 18:56:20,203 [WARNING] [urls:XfApxifKvMg:93] Failed (code 1).
2026-05-10 18:56:20,203 [INFO] [urls:XfApxifKvMg:93] Retrying in 5 seconds...
2026-05-10 18:56:25,204 [INFO] [urls:XfApxifKvMg:93] Attempt 2/5
2026-05-10 18:56:25,204 [INFO] RUN urls:XfApxifKvMg:93: C:\Tools\yt-dlp\yt-dlp.exe -g -f 93 https://www.youtube.com/watch?v=XfApxifKvMg
2026-05-10 18:56:27,787 [WARNING] [urls:XfApxifKvMg:93] Failed (code 1).
2026-05-10 18:56:27,787 [INFO] [urls:XfApxifKvMg:93] Retrying in 5 seconds...
2026-05-10 18:56:32,789 [INFO] [urls:XfApxifKvMg:93] Attempt 3/5
2026-05-10 18:56:32,789 [INFO] RUN urls:XfApxifKvMg:93: C:\Tools\yt-dlp\yt-dlp.exe -g -f 93 https://www.youtube.com/watch?v=XfApxifKvMg
2026-05-10 18:56:35,202 [WARNING] [urls:XfApxifKvMg:93] Failed (code 1).
2026-05-10 18:56:35,203 [INFO] [urls:XfApxifKvMg:93] Retrying in 5 seconds...
2026-05-10 18:56:40,204 [INFO] [urls:XfApxifKvMg:93] Attempt 4/5
2026-05-10 18:56:40,204 [INFO] RUN urls:XfApxifKvMg:93: C:\Tools\yt-dlp\yt-dlp.exe -g -f 93 https://www.youtube.com/watch?v=XfApxifKvMg
2026-05-10 18:56:42,792 [WARNING] [urls:XfApxifKvMg:93] Failed (code 1).
2026-05-10 18:56:42,792 [INFO] [urls:XfApxifKvMg:93] Retrying in 5 seconds...
2026-05-10 18:56:47,794 [INFO] [urls:XfApxifKvMg:93] Attempt 5/5
2026-05-10 18:56:47,794 [INFO] RUN urls:XfApxifKvMg:93: C:\Tools\yt-dlp\yt-dlp.exe -g -f 93 https://www.youtube.com/watch?v=XfApxifKvMg
2026-05-10 18:56:50,515 [WARNING] [urls:XfApxifKvMg:93] Failed (code 1).
2026-05-10 18:56:50,516 [ERROR] [urls:XfApxifKvMg:93] All 5 attempts failed.
2026-05-10 18:56:50,516 [WARNING] Format 93 failed for XfApxifKvMg
2026-05-10 18:56:50,516 [INFO] [urls:XfApxifKvMg:92] Attempt 1/5
2026-05-10 18:56:50,516 [INFO] RUN urls:XfApxifKvMg:92: C:\Tools\yt-dlp\yt-dlp.exe -g -f 92 https://www.youtube.com/watch?v=XfApxifKvMg
2026-05-10 18:56:53,454 [WARNING] [urls:XfApxifKvMg:92] Failed (code 1).
2026-05-10 18:56:53,454 [INFO] [urls:XfApxifKvMg:92] Retrying in 5 seconds...
2026-05-10 18:56:58,455 [INFO] [urls:XfApxifKvMg:92] Attempt 2/5
2026-05-10 18:56:58,455 [INFO] RUN urls:XfApxifKvMg:92: C:\Tools\yt-dlp\yt-dlp.exe -g -f 92 https://www.youtube.com/watch?v=XfApxifKvMg
2026-05-10 18:57:01,002 [WARNING] [urls:XfApxifKvMg:92] Failed (code 1).
2026-05-10 18:57:01,002 [INFO] [urls:XfApxifKvMg:92] Retrying in 5 seconds...
2026-05-10 18:57:06,002 [INFO] [urls:XfApxifKvMg:92] Attempt 3/5
2026-05-10 18:57:06,002 [INFO] RUN urls:XfApxifKvMg:92: C:\Tools\yt-dlp\yt-dlp.exe -g -f 92 https://www.youtube.com/watch?v=XfApxifKvMg
2026-05-10 18:57:08,868 [WARNING] [urls:XfApxifKvMg:92] Failed (code 1).
2026-05-10 18:57:08,868 [INFO] [urls:XfApxifKvMg:92] Retrying in 5 seconds...
2026-05-10 18:57:13,869 [INFO] [urls:XfApxifKvMg:92] Attempt 4/5
2026-05-10 18:57:13,869 [INFO] RUN urls:XfApxifKvMg:92: C:\Tools\yt-dlp\yt-dlp.exe -g -f 92 https://www.youtube.com/watch?v=XfApxifKvMg
2026-05-10 18:57:16,762 [WARNING] [urls:XfApxifKvMg:92] Failed (code 1).
2026-05-10 18:57:16,763 [INFO] [urls:XfApxifKvMg:92] Retrying in 5 seconds...
2026-05-10 18:57:21,763 [INFO] [urls:XfApxifKvMg:92] Attempt 5/5
2026-05-10 18:57:21,763 [INFO] RUN urls:XfApxifKvMg:92: C:\Tools\yt-dlp\yt-dlp.exe -g -f 92 https://www.youtube.com/watch?v=XfApxifKvMg
2026-05-10 18:57:24,487 [WARNING] [urls:XfApxifKvMg:92] Failed (code 1).
2026-05-10 18:57:24,487 [ERROR] [urls:XfApxifKvMg:92] All 5 attempts failed.
2026-05-10 18:57:24,488 [WARNING] Format 92 failed for XfApxifKvMg
2026-05-10 18:57:24,488 [INFO] [urls:XfApxifKvMg:91] Attempt 1/5
2026-05-10 18:57:24,488 [INFO] RUN urls:XfApxifKvMg:91: C:\Tools\yt-dlp\yt-dlp.exe -g -f 91 https://www.youtube.com/watch?v=XfApxifKvMg
2026-05-10 18:57:27,113 [WARNING] [urls:XfApxifKvMg:91] Failed (code 1).
2026-05-10 18:57:27,113 [INFO] [urls:XfApxifKvMg:91] Retrying in 5 seconds...
2026-05-10 18:57:32,113 [INFO] [urls:XfApxifKvMg:91] Attempt 2/5
2026-05-10 18:57:32,113 [INFO] RUN urls:XfApxifKvMg:91: C:\Tools\yt-dlp\yt-dlp.exe -g -f 91 https://www.youtube.com/watch?v=XfApxifKvMg
2026-05-10 18:57:34,672 [WARNING] [urls:XfApxifKvMg:91] Failed (code 1).
2026-05-10 18:57:34,672 [INFO] [urls:XfApxifKvMg:91] Retrying in 5 seconds...
2026-05-10 18:57:39,674 [INFO] [urls:XfApxifKvMg:91] Attempt 3/5
2026-05-10 18:57:39,674 [INFO] RUN urls:XfApxifKvMg:91: C:\Tools\yt-dlp\yt-dlp.exe -g -f 91 https://www.youtube.com/watch?v=XfApxifKvMg
2026-05-10 18:57:42,444 [WARNING] [urls:XfApxifKvMg:91] Failed (code 1).
2026-05-10 18:57:42,444 [INFO] [urls:XfApxifKvMg:91] Retrying in 5 seconds...
2026-05-10 18:57:47,446 [INFO] [urls:XfApxifKvMg:91] Attempt 4/5
2026-05-10 18:57:47,446 [INFO] RUN urls:XfApxifKvMg:91: C:\Tools\yt-dlp\yt-dlp.exe -g -f 91 https://www.youtube.com/watch?v=XfApxifKvMg
2026-05-10 18:57:50,236 [WARNING] [urls:XfApxifKvMg:91] Failed (code 1).
2026-05-10 18:57:50,236 [INFO] [urls:XfApxifKvMg:91] Retrying in 5 seconds...
2026-05-10 18:57:55,237 [INFO] [urls:XfApxifKvMg:91] Attempt 5/5
2026-05-10 18:57:55,237 [INFO] RUN urls:XfApxifKvMg:91: C:\Tools\yt-dlp\yt-dlp.exe -g -f 91 https://www.youtube.com/watch?v=XfApxifKvMg
2026-05-10 18:57:58,125 [WARNING] [urls:XfApxifKvMg:91] Failed (code 1).
2026-05-10 18:57:58,125 [ERROR] [urls:XfApxifKvMg:91] All 5 attempts failed.
2026-05-10 18:57:58,126 [WARNING] Format 91 failed for XfApxifKvMg
2026-05-10 18:57:58,126 [INFO] [urls:XfApxifKvMg:best] Attempt 1/5
2026-05-10 18:57:58,126 [INFO] RUN urls:XfApxifKvMg:best: C:\Tools\yt-dlp\yt-dlp.exe -g -f best https://www.youtube.com/watch?v=XfApxifKvMg
2026-05-10 18:58:00,695 [WARNING] [urls:XfApxifKvMg:best] Failed (code 1).
2026-05-10 18:58:00,695 [INFO] [urls:XfApxifKvMg:best] Retrying in 5 seconds...
2026-05-10 18:58:05,697 [INFO] [urls:XfApxifKvMg:best] Attempt 2/5
2026-05-10 18:58:05,697 [INFO] RUN urls:XfApxifKvMg:best: C:\Tools\yt-dlp\yt-dlp.exe -g -f best https://www.youtube.com/watch?v=XfApxifKvMg
2026-05-10 18:58:08,245 [WARNING] [urls:XfApxifKvMg:best] Failed (code 1).
2026-05-10 18:58:08,246 [INFO] [urls:XfApxifKvMg:best] Retrying in 5 seconds...
2026-05-10 18:58:13,247 [INFO] [urls:XfApxifKvMg:best] Attempt 3/5
2026-05-10 18:58:13,247 [INFO] RUN urls:XfApxifKvMg:best: C:\Tools\yt-dlp\yt-dlp.exe -g -f best https://www.youtube.com/watch?v=XfApxifKvMg
2026-05-10 18:58:16,062 [WARNING] [urls:XfApxifKvMg:best] Failed (code 1).
2026-05-10 18:58:16,062 [INFO] [urls:XfApxifKvMg:best] Retrying in 5 seconds...
2026-05-10 18:58:21,063 [INFO] [urls:XfApxifKvMg:best] Attempt 4/5
2026-05-10 18:58:21,063 [INFO] RUN urls:XfApxifKvMg:best: C:\Tools\yt-dlp\yt-dlp.exe -g -f best https://www.youtube.com/watch?v=XfApxifKvMg
2026-05-10 18:58:24,620 [WARNING] [urls:XfApxifKvMg:best] Failed (code 1).
2026-05-10 18:58:24,620 [INFO] [urls:XfApxifKvMg:best] Retrying in 5 seconds...
2026-05-10 18:58:29,621 [INFO] [urls:XfApxifKvMg:best] Attempt 5/5
2026-05-10 18:58:29,621 [INFO] RUN urls:XfApxifKvMg:best: C:\Tools\yt-dlp\yt-dlp.exe -g -f best https://www.youtube.com/watch?v=XfApxifKvMg
2026-05-10 18:58:32,930 [WARNING] [urls:XfApxifKvMg:best] Failed (code 1).
2026-05-10 18:58:32,930 [ERROR] [urls:XfApxifKvMg:best] All 5 attempts failed.
2026-05-10 18:58:32,930 [WARNING] Format best failed for XfApxifKvMg
2026-05-10 18:58:32,930 [ERROR] All formats failed for XfApxifKvMg
2026-05-10 18:58:32,930 [ERROR] Failed to get URLs for XfApxifKvMg
2026-05-10 18:58:37,931 [INFO] Download attempt 5/5 for XfApxifKvMg
2026-05-10 18:58:37,931 [INFO] [urls:XfApxifKvMg:134+140] Attempt 1/5
2026-05-10 18:58:37,931 [INFO] RUN urls:XfApxifKvMg:134+140: C:\Tools\yt-dlp\yt-dlp.exe -g -f 134+140 https://www.youtube.com/watch?v=XfApxifKvMg
2026-05-10 18:58:40,441 [WARNING] [urls:XfApxifKvMg:134+140] Failed (code 1).
2026-05-10 18:58:40,442 [INFO] [urls:XfApxifKvMg:134+140] Retrying in 5 seconds...
2026-05-10 18:58:45,443 [INFO] [urls:XfApxifKvMg:134+140] Attempt 2/5
2026-05-10 18:58:45,443 [INFO] RUN urls:XfApxifKvMg:134+140: C:\Tools\yt-dlp\yt-dlp.exe -g -f 134+140 https://www.youtube.com/watch?v=XfApxifKvMg
2026-05-10 18:58:47,967 [WARNING] [urls:XfApxifKvMg:134+140] Failed (code 1).
2026-05-10 18:58:47,967 [INFO] [urls:XfApxifKvMg:134+140] Retrying in 5 seconds...
2026-05-10 18:58:52,968 [INFO] [urls:XfApxifKvMg:134+140] Attempt 3/5
2026-05-10 18:58:52,968 [INFO] RUN urls:XfApxifKvMg:134+140: C:\Tools\yt-dlp\yt-dlp.exe -g -f 134+140 https://www.youtube.com/watch?v=XfApxifKvMg
2026-05-10 18:58:55,747 [WARNING] [urls:XfApxifKvMg:134+140] Failed (code 1).
2026-05-10 18:58:55,748 [INFO] [urls:XfApxifKvMg:134+140] Retrying in 5 seconds...
2026-05-10 18:59:00,749 [INFO] [urls:XfApxifKvMg:134+140] Attempt 4/5
2026-05-10 18:59:00,749 [INFO] RUN urls:XfApxifKvMg:134+140: C:\Tools\yt-dlp\yt-dlp.exe -g -f 134+140 https://www.youtube.com/watch?v=XfApxifKvMg
2026-05-10 18:59:03,641 [WARNING] [urls:XfApxifKvMg:134+140] Failed (code 1).
2026-05-10 18:59:03,641 [INFO] [urls:XfApxifKvMg:134+140] Retrying in 5 seconds...
2026-05-10 18:59:08,642 [INFO] [urls:XfApxifKvMg:134+140] Attempt 5/5
2026-05-10 18:59:08,642 [INFO] RUN urls:XfApxifKvMg:134+140: C:\Tools\yt-dlp\yt-dlp.exe -g -f 134+140 https://www.youtube.com/watch?v=XfApxifKvMg
2026-05-10 18:59:11,202 [WARNING] [urls:XfApxifKvMg:134+140] Failed (code 1).
2026-05-10 18:59:11,202 [ERROR] [urls:XfApxifKvMg:134+140] All 5 attempts failed.
2026-05-10 18:59:11,202 [WARNING] Format 134+140 failed for XfApxifKvMg
2026-05-10 18:59:11,202 [INFO] [urls:XfApxifKvMg:18] Attempt 1/5
2026-05-10 18:59:11,202 [INFO] RUN urls:XfApxifKvMg:18: C:\Tools\yt-dlp\yt-dlp.exe -g -f 18 https://www.youtube.com/watch?v=XfApxifKvMg
2026-05-10 18:59:13,740 [WARNING] [urls:XfApxifKvMg:18] Failed (code 1).
2026-05-10 18:59:13,740 [INFO] [urls:XfApxifKvMg:18] Retrying in 5 seconds...
2026-05-10 18:59:18,741 [INFO] [urls:XfApxifKvMg:18] Attempt 2/5
2026-05-10 18:59:18,741 [INFO] RUN urls:XfApxifKvMg:18: C:\Tools\yt-dlp\yt-dlp.exe -g -f 18 https://www.youtube.com/watch?v=XfApxifKvMg
2026-05-10 18:59:21,450 [WARNING] [urls:XfApxifKvMg:18] Failed (code 1).
2026-05-10 18:59:21,450 [INFO] [urls:XfApxifKvMg:18] Retrying in 5 seconds...
2026-05-10 18:59:26,451 [INFO] [urls:XfApxifKvMg:18] Attempt 3/5
2026-05-10 18:59:26,451 [INFO] RUN urls:XfApxifKvMg:18: C:\Tools\yt-dlp\yt-dlp.exe -g -f 18 https://www.youtube.com/watch?v=XfApxifKvMg
2026-05-10 18:59:29,147 [WARNING] [urls:XfApxifKvMg:18] Failed (code 1).
2026-05-10 18:59:29,148 [INFO] [urls:XfApxifKvMg:18] Retrying in 5 seconds...
2026-05-10 18:59:34,148 [INFO] [urls:XfApxifKvMg:18] Attempt 4/5
2026-05-10 18:59:34,148 [INFO] RUN urls:XfApxifKvMg:18: C:\Tools\yt-dlp\yt-dlp.exe -g -f 18 https://www.youtube.com/watch?v=XfApxifKvMg
2026-05-10 18:59:36,946 [WARNING] [urls:XfApxifKvMg:18] Failed (code 1).
2026-05-10 18:59:36,946 [INFO] [urls:XfApxifKvMg:18] Retrying in 5 seconds...
2026-05-10 18:59:41,947 [INFO] [urls:XfApxifKvMg:18] Attempt 5/5
2026-05-10 18:59:41,947 [INFO] RUN urls:XfApxifKvMg:18: C:\Tools\yt-dlp\yt-dlp.exe -g -f 18 https://www.youtube.com/watch?v=XfApxifKvMg
2026-05-10 18:59:44,553 [WARNING] [urls:XfApxifKvMg:18] Failed (code 1).
2026-05-10 18:59:44,553 [ERROR] [urls:XfApxifKvMg:18] All 5 attempts failed.
2026-05-10 18:59:44,553 [WARNING] Format 18 failed for XfApxifKvMg
2026-05-10 18:59:44,553 [INFO] [urls:XfApxifKvMg:93] Attempt 1/5
2026-05-10 18:59:44,553 [INFO] RUN urls:XfApxifKvMg:93: C:\Tools\yt-dlp\yt-dlp.exe -g -f 93 https://www.youtube.com/watch?v=XfApxifKvMg
2026-05-10 18:59:47,091 [WARNING] [urls:XfApxifKvMg:93] Failed (code 1).
2026-05-10 18:59:47,091 [INFO] [urls:XfApxifKvMg:93] Retrying in 5 seconds...
2026-05-10 18:59:52,092 [INFO] [urls:XfApxifKvMg:93] Attempt 2/5
2026-05-10 18:59:52,092 [INFO] RUN urls:XfApxifKvMg:93: C:\Tools\yt-dlp\yt-dlp.exe -g -f 93 https://www.youtube.com/watch?v=XfApxifKvMg
2026-05-10 18:59:54,758 [WARNING] [urls:XfApxifKvMg:93] Failed (code 1).
2026-05-10 18:59:54,758 [INFO] [urls:XfApxifKvMg:93] Retrying in 5 seconds...
2026-05-10 18:59:59,759 [INFO] [urls:XfApxifKvMg:93] Attempt 3/5
2026-05-10 18:59:59,759 [INFO] RUN urls:XfApxifKvMg:93: C:\Tools\yt-dlp\yt-dlp.exe -g -f 93 https://www.youtube.com/watch?v=XfApxifKvMg
2026-05-10 19:00:02,449 [WARNING] [urls:XfApxifKvMg:93] Failed (code 1).
2026-05-10 19:00:02,449 [INFO] [urls:XfApxifKvMg:93] Retrying in 5 seconds...
2026-05-10 19:00:07,450 [INFO] [urls:XfApxifKvMg:93] Attempt 4/5
2026-05-10 19:00:07,450 [INFO] RUN urls:XfApxifKvMg:93: C:\Tools\yt-dlp\yt-dlp.exe -g -f 93 https://www.youtube.com/watch?v=XfApxifKvMg
2026-05-10 19:00:10,258 [WARNING] [urls:XfApxifKvMg:93] Failed (code 1).
2026-05-10 19:00:10,258 [INFO] [urls:XfApxifKvMg:93] Retrying in 5 seconds...
2026-05-10 19:00:15,259 [INFO] [urls:XfApxifKvMg:93] Attempt 5/5
2026-05-10 19:00:15,259 [INFO] RUN urls:XfApxifKvMg:93: C:\Tools\yt-dlp\yt-dlp.exe -g -f 93 https://www.youtube.com/watch?v=XfApxifKvMg
2026-05-10 19:00:18,153 [WARNING] [urls:XfApxifKvMg:93] Failed (code 1).
2026-05-10 19:00:18,153 [ERROR] [urls:XfApxifKvMg:93] All 5 attempts failed.
2026-05-10 19:00:18,154 [WARNING] Format 93 failed for XfApxifKvMg
2026-05-10 19:00:18,154 [INFO] [urls:XfApxifKvMg:92] Attempt 1/5
2026-05-10 19:00:18,154 [INFO] RUN urls:XfApxifKvMg:92: C:\Tools\yt-dlp\yt-dlp.exe -g -f 92 https://www.youtube.com/watch?v=XfApxifKvMg
2026-05-10 19:00:21,355 [WARNING] [urls:XfApxifKvMg:92] Failed (code 1).
2026-05-10 19:00:21,355 [INFO] [urls:XfApxifKvMg:92] Retrying in 5 seconds...
2026-05-10 19:00:26,357 [INFO] [urls:XfApxifKvMg:92] Attempt 2/5
2026-05-10 19:00:26,357 [INFO] RUN urls:XfApxifKvMg:92: C:\Tools\yt-dlp\yt-dlp.exe -g -f 92 https://www.youtube.com/watch?v=XfApxifKvMg
2026-05-10 19:00:29,378 [WARNING] [urls:XfApxifKvMg:92] Failed (code 1).
2026-05-10 19:00:29,378 [INFO] [urls:XfApxifKvMg:92] Retrying in 5 seconds...
2026-05-10 19:00:34,379 [INFO] [urls:XfApxifKvMg:92] Attempt 3/5
2026-05-10 19:00:34,379 [INFO] RUN urls:XfApxifKvMg:92: C:\Tools\yt-dlp\yt-dlp.exe -g -f 92 https://www.youtube.com/watch?v=XfApxifKvMg
2026-05-10 19:00:36,965 [WARNING] [urls:XfApxifKvMg:92] Failed (code 1).
2026-05-10 19:00:36,965 [INFO] [urls:XfApxifKvMg:92] Retrying in 5 seconds...
2026-05-10 19:00:41,966 [INFO] [urls:XfApxifKvMg:92] Attempt 4/5
2026-05-10 19:00:41,966 [INFO] RUN urls:XfApxifKvMg:92: C:\Tools\yt-dlp\yt-dlp.exe -g -f 92 https://www.youtube.com/watch?v=XfApxifKvMg
2026-05-10 19:00:44,581 [WARNING] [urls:XfApxifKvMg:92] Failed (code 1).
2026-05-10 19:00:44,581 [INFO] [urls:XfApxifKvMg:92] Retrying in 5 seconds...
2026-05-10 19:00:49,581 [INFO] [urls:XfApxifKvMg:92] Attempt 5/5
2026-05-10 19:00:49,581 [INFO] RUN urls:XfApxifKvMg:92: C:\Tools\yt-dlp\yt-dlp.exe -g -f 92 https://www.youtube.com/watch?v=XfApxifKvMg
2026-05-10 19:00:52,129 [WARNING] [urls:XfApxifKvMg:92] Failed (code 1).
2026-05-10 19:00:52,129 [ERROR] [urls:XfApxifKvMg:92] All 5 attempts failed.
2026-05-10 19:00:52,129 [WARNING] Format 92 failed for XfApxifKvMg
2026-05-10 19:00:52,129 [INFO] [urls:XfApxifKvMg:91] Attempt 1/5
2026-05-10 19:00:52,129 [INFO] RUN urls:XfApxifKvMg:91: C:\Tools\yt-dlp\yt-dlp.exe -g -f 91 https://www.youtube.com/watch?v=XfApxifKvMg
2026-05-10 19:00:54,575 [WARNING] [urls:XfApxifKvMg:91] Failed (code 1).
2026-05-10 19:00:54,575 [INFO] [urls:XfApxifKvMg:91] Retrying in 5 seconds...
2026-05-10 19:00:59,576 [INFO] [urls:XfApxifKvMg:91] Attempt 2/5
2026-05-10 19:00:59,576 [INFO] RUN urls:XfApxifKvMg:91: C:\Tools\yt-dlp\yt-dlp.exe -g -f 91 https://www.youtube.com/watch?v=XfApxifKvMg
2026-05-10 19:01:02,284 [WARNING] [urls:XfApxifKvMg:91] Failed (code 1).
2026-05-10 19:01:02,285 [INFO] [urls:XfApxifKvMg:91] Retrying in 5 seconds...
2026-05-10 19:01:07,286 [INFO] [urls:XfApxifKvMg:91] Attempt 3/5
2026-05-10 19:01:07,286 [INFO] RUN urls:XfApxifKvMg:91: C:\Tools\yt-dlp\yt-dlp.exe -g -f 91 https://www.youtube.com/watch?v=XfApxifKvMg
2026-05-10 19:01:09,851 [WARNING] [urls:XfApxifKvMg:91] Failed (code 1).
2026-05-10 19:01:09,851 [INFO] [urls:XfApxifKvMg:91] Retrying in 5 seconds...
2026-05-10 19:01:14,852 [INFO] [urls:XfApxifKvMg:91] Attempt 4/5
2026-05-10 19:01:14,852 [INFO] RUN urls:XfApxifKvMg:91: C:\Tools\yt-dlp\yt-dlp.exe -g -f 91 https://www.youtube.com/watch?v=XfApxifKvMg
2026-05-10 19:01:17,554 [WARNING] [urls:XfApxifKvMg:91] Failed (code 1).
2026-05-10 19:01:17,554 [INFO] [urls:XfApxifKvMg:91] Retrying in 5 seconds...
2026-05-10 19:01:22,556 [INFO] [urls:XfApxifKvMg:91] Attempt 5/5
2026-05-10 19:01:22,556 [INFO] RUN urls:XfApxifKvMg:91: C:\Tools\yt-dlp\yt-dlp.exe -g -f 91 https://www.youtube.com/watch?v=XfApxifKvMg
2026-05-10 19:01:24,997 [WARNING] [urls:XfApxifKvMg:91] Failed (code 1).
2026-05-10 19:01:24,998 [ERROR] [urls:XfApxifKvMg:91] All 5 attempts failed.
2026-05-10 19:01:24,998 [WARNING] Format 91 failed for XfApxifKvMg
2026-05-10 19:01:24,998 [INFO] [urls:XfApxifKvMg:best] Attempt 1/5
2026-05-10 19:01:24,998 [INFO] RUN urls:XfApxifKvMg:best: C:\Tools\yt-dlp\yt-dlp.exe -g -f best https://www.youtube.com/watch?v=XfApxifKvMg
2026-05-10 19:01:27,835 [WARNING] [urls:XfApxifKvMg:best] Failed (code 1).
2026-05-10 19:01:27,836 [INFO] [urls:XfApxifKvMg:best] Retrying in 5 seconds...
2026-05-10 19:01:32,836 [INFO] [urls:XfApxifKvMg:best] Attempt 2/5
2026-05-10 19:01:32,836 [INFO] RUN urls:XfApxifKvMg:best: C:\Tools\yt-dlp\yt-dlp.exe -g -f best https://www.youtube.com/watch?v=XfApxifKvMg
2026-05-10 19:01:35,494 [WARNING] [urls:XfApxifKvMg:best] Failed (code 1).
2026-05-10 19:01:35,494 [INFO] [urls:XfApxifKvMg:best] Retrying in 5 seconds...
2026-05-10 19:01:40,495 [INFO] [urls:XfApxifKvMg:best] Attempt 3/5
2026-05-10 19:01:40,495 [INFO] RUN urls:XfApxifKvMg:best: C:\Tools\yt-dlp\yt-dlp.exe -g -f best https://www.youtube.com/watch?v=XfApxifKvMg
2026-05-10 19:01:42,957 [WARNING] [urls:XfApxifKvMg:best] Failed (code 1).
2026-05-10 19:01:42,957 [INFO] [urls:XfApxifKvMg:best] Retrying in 5 seconds...
2026-05-10 19:01:47,959 [INFO] [urls:XfApxifKvMg:best] Attempt 4/5
2026-05-10 19:01:47,959 [INFO] RUN urls:XfApxifKvMg:best: C:\Tools\yt-dlp\yt-dlp.exe -g -f best https://www.youtube.com/watch?v=XfApxifKvMg
2026-05-10 19:01:50,576 [WARNING] [urls:XfApxifKvMg:best] Failed (code 1).
2026-05-10 19:01:50,577 [INFO] [urls:XfApxifKvMg:best] Retrying in 5 seconds...
2026-05-10 19:01:55,577 [INFO] [urls:XfApxifKvMg:best] Attempt 5/5
2026-05-10 19:01:55,577 [INFO] RUN urls:XfApxifKvMg:best: C:\Tools\yt-dlp\yt-dlp.exe -g -f best https://www.youtube.com/watch?v=XfApxifKvMg
2026-05-10 19:01:58,047 [WARNING] [urls:XfApxifKvMg:best] Failed (code 1).
2026-05-10 19:01:58,047 [ERROR] [urls:XfApxifKvMg:best] All 5 attempts failed.
2026-05-10 19:01:58,047 [WARNING] Format best failed for XfApxifKvMg
2026-05-10 19:01:58,047 [ERROR] All formats failed for XfApxifKvMg
2026-05-10 19:01:58,048 [ERROR] Failed to get URLs for XfApxifKvMg
2026-05-10 19:01:58,048 [ERROR] All download attempts failed for XfApxifKvMg
2026-05-10 19:01:58,051 [INFO] Processing video F8LmpN1c-iw (I programmed Miis to BRUTALLY FIGHT) from channel failboat
2026-05-10 19:01:58,051 [INFO] Starting download for F8LmpN1c-iw (I programmed Miis to BRUTALLY FIGHT)
2026-05-10 19:01:58,052 [INFO] Download attempt 1/5 for F8LmpN1c-iw
2026-05-10 19:01:58,052 [INFO] [urls:F8LmpN1c-iw:134+140] Attempt 1/5
2026-05-10 19:01:58,052 [INFO] RUN urls:F8LmpN1c-iw:134+140: C:\Tools\yt-dlp\yt-dlp.exe -g -f 134+140 https://www.youtube.com/watch?v=F8LmpN1c-iw
2026-05-10 19:02:00,427 [WARNING] [urls:F8LmpN1c-iw:134+140] Failed (code 1).
2026-05-10 19:02:00,427 [INFO] [urls:F8LmpN1c-iw:134+140] Retrying in 5 seconds...
2026-05-10 19:02:05,429 [INFO] [urls:F8LmpN1c-iw:134+140] Attempt 2/5
2026-05-10 19:02:05,429 [INFO] RUN urls:F8LmpN1c-iw:134+140: C:\Tools\yt-dlp\yt-dlp.exe -g -f 134+140 https://www.youtube.com/watch?v=F8LmpN1c-iw
2026-05-10 19:02:07,795 [WARNING] [urls:F8LmpN1c-iw:134+140] Failed (code 1).
2026-05-10 19:02:07,795 [INFO] [urls:F8LmpN1c-iw:134+140] Retrying in 5 seconds...
2026-05-10 19:02:12,796 [INFO] [urls:F8LmpN1c-iw:134+140] Attempt 3/5
2026-05-10 19:02:12,796 [INFO] RUN urls:F8LmpN1c-iw:134+140: C:\Tools\yt-dlp\yt-dlp.exe -g -f 134+140 https://www.youtube.com/watch?v=F8LmpN1c-iw
2026-05-10 19:02:15,583 [WARNING] [urls:F8LmpN1c-iw:134+140] Failed (code 1).
2026-05-10 19:02:15,583 [INFO] [urls:F8LmpN1c-iw:134+140] Retrying in 5 seconds...
2026-05-10 19:02:20,584 [INFO] [urls:F8LmpN1c-iw:134+140] Attempt 4/5
2026-05-10 19:02:20,584 [INFO] RUN urls:F8LmpN1c-iw:134+140: C:\Tools\yt-dlp\yt-dlp.exe -g -f 134+140 https://www.youtube.com/watch?v=F8LmpN1c-iw
2026-05-10 19:02:23,350 [WARNING] [urls:F8LmpN1c-iw:134+140] Failed (code 1).
2026-05-10 19:02:23,350 [INFO] [urls:F8LmpN1c-iw:134+140] Retrying in 5 seconds...
2026-05-10 19:02:28,351 [INFO] [urls:F8LmpN1c-iw:134+140] Attempt 5/5
2026-05-10 19:02:28,351 [INFO] RUN urls:F8LmpN1c-iw:134+140: C:\Tools\yt-dlp\yt-dlp.exe -g -f 134+140 https://www.youtube.com/watch?v=F8LmpN1c-iw
2026-05-10 19:02:31,013 [WARNING] [urls:F8LmpN1c-iw:134+140] Failed (code 1).
2026-05-10 19:02:31,013 [ERROR] [urls:F8LmpN1c-iw:134+140] All 5 attempts failed.
2026-05-10 19:02:31,013 [WARNING] Format 134+140 failed for F8LmpN1c-iw
2026-05-10 19:02:31,013 [INFO] [urls:F8LmpN1c-iw:18] Attempt 1/5
2026-05-10 19:02:31,013 [INFO] RUN urls:F8LmpN1c-iw:18: C:\Tools\yt-dlp\yt-dlp.exe -g -f 18 https://www.youtube.com/watch?v=F8LmpN1c-iw
2026-05-10 19:02:33,574 [WARNING] [urls:F8LmpN1c-iw:18] Failed (code 1).
2026-05-10 19:02:33,574 [INFO] [urls:F8LmpN1c-iw:18] Retrying in 5 seconds...
2026-05-10 19:02:38,575 [INFO] [urls:F8LmpN1c-iw:18] Attempt 2/5
2026-05-10 19:02:38,575 [INFO] RUN urls:F8LmpN1c-iw:18: C:\Tools\yt-dlp\yt-dlp.exe -g -f 18 https://www.youtube.com/watch?v=F8LmpN1c-iw
2026-05-10 19:02:41,124 [WARNING] [urls:F8LmpN1c-iw:18] Failed (code 1).
2026-05-10 19:02:41,124 [INFO] [urls:F8LmpN1c-iw:18] Retrying in 5 seconds...
2026-05-10 19:02:46,125 [INFO] [urls:F8LmpN1c-iw:18] Attempt 3/5
2026-05-10 19:02:46,125 [INFO] RUN urls:F8LmpN1c-iw:18: C:\Tools\yt-dlp\yt-dlp.exe -g -f 18 https://www.youtube.com/watch?v=F8LmpN1c-iw
2026-05-10 19:02:49,167 [WARNING] [urls:F8LmpN1c-iw:18] Failed (code 1).
2026-05-10 19:02:49,167 [INFO] [urls:F8LmpN1c-iw:18] Retrying in 5 seconds...
2026-05-10 19:02:54,168 [INFO] [urls:F8LmpN1c-iw:18] Attempt 4/5
2026-05-10 19:02:54,168 [INFO] RUN urls:F8LmpN1c-iw:18: C:\Tools\yt-dlp\yt-dlp.exe -g -f 18 https://www.youtube.com/watch?v=F8LmpN1c-iw
2026-05-10 19:02:57,213 [WARNING] [urls:F8LmpN1c-iw:18] Failed (code 1).
2026-05-10 19:02:57,213 [INFO] [urls:F8LmpN1c-iw:18] Retrying in 5 seconds...
2026-05-10 19:03:02,214 [INFO] [urls:F8LmpN1c-iw:18] Attempt 5/5
2026-05-10 19:03:02,214 [INFO] RUN urls:F8LmpN1c-iw:18: C:\Tools\yt-dlp\yt-dlp.exe -g -f 18 https://www.youtube.com/watch?v=F8LmpN1c-iw
2026-05-10 19:03:04,959 [WARNING] [urls:F8LmpN1c-iw:18] Failed (code 1).
2026-05-10 19:03:04,959 [ERROR] [urls:F8LmpN1c-iw:18] All 5 attempts failed.
2026-05-10 19:03:04,960 [WARNING] Format 18 failed for F8LmpN1c-iw
2026-05-10 19:03:04,960 [INFO] [urls:F8LmpN1c-iw:93] Attempt 1/5
2026-05-10 19:03:04,960 [INFO] RUN urls:F8LmpN1c-iw:93: C:\Tools\yt-dlp\yt-dlp.exe -g -f 93 https://www.youtube.com/watch?v=F8LmpN1c-iw
2026-05-10 19:03:07,712 [WARNING] [urls:F8LmpN1c-iw:93] Failed (code 1).
2026-05-10 19:03:07,712 [INFO] [urls:F8LmpN1c-iw:93] Retrying in 5 seconds...
2026-05-10 19:03:12,713 [INFO] [urls:F8LmpN1c-iw:93] Attempt 2/5
2026-05-10 19:03:12,713 [INFO] RUN urls:F8LmpN1c-iw:93: C:\Tools\yt-dlp\yt-dlp.exe -g -f 93 https://www.youtube.com/watch?v=F8LmpN1c-iw
2026-05-10 19:03:15,206 [WARNING] [urls:F8LmpN1c-iw:93] Failed (code 1).
2026-05-10 19:03:15,206 [INFO] [urls:F8LmpN1c-iw:93] Retrying in 5 seconds...
2026-05-10 19:03:20,207 [INFO] [urls:F8LmpN1c-iw:93] Attempt 3/5
2026-05-10 19:03:20,207 [INFO] RUN urls:F8LmpN1c-iw:93: C:\Tools\yt-dlp\yt-dlp.exe -g -f 93 https://www.youtube.com/watch?v=F8LmpN1c-iw
2026-05-10 19:03:22,801 [WARNING] [urls:F8LmpN1c-iw:93] Failed (code 1).
2026-05-10 19:03:22,801 [INFO] [urls:F8LmpN1c-iw:93] Retrying in 5 seconds...
2026-05-10 19:03:27,802 [INFO] [urls:F8LmpN1c-iw:93] Attempt 4/5
2026-05-10 19:03:27,802 [INFO] RUN urls:F8LmpN1c-iw:93: C:\Tools\yt-dlp\yt-dlp.exe -g -f 93 https://www.youtube.com/watch?v=F8LmpN1c-iw
2026-05-10 19:03:32,207 [WARNING] [urls:F8LmpN1c-iw:93] Failed (code 1).
2026-05-10 19:03:32,208 [INFO] [urls:F8LmpN1c-iw:93] Retrying in 5 seconds...
2026-05-10 19:03:37,209 [INFO] [urls:F8LmpN1c-iw:93] Attempt 5/5
2026-05-10 19:03:37,209 [INFO] RUN urls:F8LmpN1c-iw:93: C:\Tools\yt-dlp\yt-dlp.exe -g -f 93 https://www.youtube.com/watch?v=F8LmpN1c-iw
2026-05-10 19:03:40,428 [WARNING] [urls:F8LmpN1c-iw:93] Failed (code 1).
2026-05-10 19:03:40,428 [ERROR] [urls:F8LmpN1c-iw:93] All 5 attempts failed.
2026-05-10 19:03:40,428 [WARNING] Format 93 failed for F8LmpN1c-iw
2026-05-10 19:03:40,428 [INFO] [urls:F8LmpN1c-iw:92] Attempt 1/5
2026-05-10 19:03:40,428 [INFO] RUN urls:F8LmpN1c-iw:92: C:\Tools\yt-dlp\yt-dlp.exe -g -f 92 https://www.youtube.com/watch?v=F8LmpN1c-iw
2026-05-10 19:03:43,070 [WARNING] [urls:F8LmpN1c-iw:92] Failed (code 1).
2026-05-10 19:03:43,071 [INFO] [urls:F8LmpN1c-iw:92] Retrying in 5 seconds...
2026-05-10 19:03:48,071 [INFO] [urls:F8LmpN1c-iw:92] Attempt 2/5
2026-05-10 19:03:48,071 [INFO] RUN urls:F8LmpN1c-iw:92: C:\Tools\yt-dlp\yt-dlp.exe -g -f 92 https://www.youtube.com/watch?v=F8LmpN1c-iw
2026-05-10 19:03:50,540 [WARNING] [urls:F8LmpN1c-iw:92] Failed (code 1).
2026-05-10 19:03:50,540 [INFO] [urls:F8LmpN1c-iw:92] Retrying in 5 seconds...
2026-05-10 19:03:55,541 [INFO] [urls:F8LmpN1c-iw:92] Attempt 3/5
2026-05-10 19:03:55,541 [INFO] RUN urls:F8LmpN1c-iw:92: C:\Tools\yt-dlp\yt-dlp.exe -g -f 92 https://www.youtube.com/watch?v=F8LmpN1c-iw
2026-05-10 19:03:58,106 [WARNING] [urls:F8LmpN1c-iw:92] Failed (code 1).
2026-05-10 19:03:58,106 [INFO] [urls:F8LmpN1c-iw:92] Retrying in 5 seconds...
2026-05-10 19:04:03,107 [INFO] [urls:F8LmpN1c-iw:92] Attempt 4/5
2026-05-10 19:04:03,107 [INFO] RUN urls:F8LmpN1c-iw:92: C:\Tools\yt-dlp\yt-dlp.exe -g -f 92 https://www.youtube.com/watch?v=F8LmpN1c-iw
2026-05-10 19:04:05,565 [WARNING] [urls:F8LmpN1c-iw:92] Failed (code 1).
2026-05-10 19:04:05,565 [INFO] [urls:F8LmpN1c-iw:92] Retrying in 5 seconds...
2026-05-10 19:04:10,566 [INFO] [urls:F8LmpN1c-iw:92] Attempt 5/5
2026-05-10 19:04:10,566 [INFO] RUN urls:F8LmpN1c-iw:92: C:\Tools\yt-dlp\yt-dlp.exe -g -f 92 https://www.youtube.com/watch?v=F8LmpN1c-iw
2026-05-10 19:04:13,057 [WARNING] [urls:F8LmpN1c-iw:92] Failed (code 1).
2026-05-10 19:04:13,057 [ERROR] [urls:F8LmpN1c-iw:92] All 5 attempts failed.
2026-05-10 19:04:13,057 [WARNING] Format 92 failed for F8LmpN1c-iw
2026-05-10 19:04:13,057 [INFO] [urls:F8LmpN1c-iw:91] Attempt 1/5
2026-05-10 19:04:13,057 [INFO] RUN urls:F8LmpN1c-iw:91: C:\Tools\yt-dlp\yt-dlp.exe -g -f 91 https://www.youtube.com/watch?v=F8LmpN1c-iw
2026-05-10 19:04:15,485 [WARNING] [urls:F8LmpN1c-iw:91] Failed (code 1).
2026-05-10 19:04:15,485 [INFO] [urls:F8LmpN1c-iw:91] Retrying in 5 seconds...
2026-05-10 19:04:20,486 [INFO] [urls:F8LmpN1c-iw:91] Attempt 2/5
2026-05-10 19:04:20,486 [INFO] RUN urls:F8LmpN1c-iw:91: C:\Tools\yt-dlp\yt-dlp.exe -g -f 91 https://www.youtube.com/watch?v=F8LmpN1c-iw
2026-05-10 19:04:23,105 [WARNING] [urls:F8LmpN1c-iw:91] Failed (code 1).
2026-05-10 19:04:23,105 [INFO] [urls:F8LmpN1c-iw:91] Retrying in 5 seconds...
2026-05-10 19:04:28,107 [INFO] [urls:F8LmpN1c-iw:91] Attempt 3/5
2026-05-10 19:04:28,107 [INFO] RUN urls:F8LmpN1c-iw:91: C:\Tools\yt-dlp\yt-dlp.exe -g -f 91 https://www.youtube.com/watch?v=F8LmpN1c-iw
2026-05-10 19:04:30,924 [WARNING] [urls:F8LmpN1c-iw:91] Failed (code 1).
2026-05-10 19:04:30,925 [INFO] [urls:F8LmpN1c-iw:91] Retrying in 5 seconds...
2026-05-10 19:04:35,926 [INFO] [urls:F8LmpN1c-iw:91] Attempt 4/5
2026-05-10 19:04:35,926 [INFO] RUN urls:F8LmpN1c-iw:91: C:\Tools\yt-dlp\yt-dlp.exe -g -f 91 https://www.youtube.com/watch?v=F8LmpN1c-iw
2026-05-10 19:04:38,618 [WARNING] [urls:F8LmpN1c-iw:91] Failed (code 1).
2026-05-10 19:04:38,618 [INFO] [urls:F8LmpN1c-iw:91] Retrying in 5 seconds...
2026-05-10 19:04:43,619 [INFO] [urls:F8LmpN1c-iw:91] Attempt 5/5
2026-05-10 19:04:43,619 [INFO] RUN urls:F8LmpN1c-iw:91: C:\Tools\yt-dlp\yt-dlp.exe -g -f 91 https://www.youtube.com/watch?v=F8LmpN1c-iw
2026-05-10 19:04:46,257 [WARNING] [urls:F8LmpN1c-iw:91] Failed (code 1).
2026-05-10 19:04:46,257 [ERROR] [urls:F8LmpN1c-iw:91] All 5 attempts failed.
2026-05-10 19:04:46,257 [WARNING] Format 91 failed for F8LmpN1c-iw
2026-05-10 19:04:46,257 [INFO] [urls:F8LmpN1c-iw:best] Attempt 1/5
2026-05-10 19:04:46,257 [INFO] RUN urls:F8LmpN1c-iw:best: C:\Tools\yt-dlp\yt-dlp.exe -g -f best https://www.youtube.com/watch?v=F8LmpN1c-iw
2026-05-10 19:04:48,987 [WARNING] [urls:F8LmpN1c-iw:best] Failed (code 1).
2026-05-10 19:04:48,987 [INFO] [urls:F8LmpN1c-iw:best] Retrying in 5 seconds...
2026-05-10 19:04:53,988 [INFO] [urls:F8LmpN1c-iw:best] Attempt 2/5
2026-05-10 19:04:53,988 [INFO] RUN urls:F8LmpN1c-iw:best: C:\Tools\yt-dlp\yt-dlp.exe -g -f best https://www.youtube.com/watch?v=F8LmpN1c-iw
2026-05-10 19:04:56,710 [WARNING] [urls:F8LmpN1c-iw:best] Failed (code 1).
2026-05-10 19:04:56,710 [INFO] [urls:F8LmpN1c-iw:best] Retrying in 5 seconds...
2026-05-10 19:05:01,712 [INFO] [urls:F8LmpN1c-iw:best] Attempt 3/5
2026-05-10 19:05:01,712 [INFO] RUN urls:F8LmpN1c-iw:best: C:\Tools\yt-dlp\yt-dlp.exe -g -f best https://www.youtube.com/watch?v=F8LmpN1c-iw
2026-05-10 19:05:04,352 [WARNING] [urls:F8LmpN1c-iw:best] Failed (code 1).
2026-05-10 19:05:04,352 [INFO] [urls:F8LmpN1c-iw:best] Retrying in 5 seconds...
2026-05-10 19:05:09,353 [INFO] [urls:F8LmpN1c-iw:best] Attempt 4/5
2026-05-10 19:05:09,353 [INFO] RUN urls:F8LmpN1c-iw:best: C:\Tools\yt-dlp\yt-dlp.exe -g -f best https://www.youtube.com/watch?v=F8LmpN1c-iw
2026-05-10 19:05:11,926 [WARNING] [urls:F8LmpN1c-iw:best] Failed (code 1).
2026-05-10 19:05:11,926 [INFO] [urls:F8LmpN1c-iw:best] Retrying in 5 seconds...
2026-05-10 19:05:16,928 [INFO] [urls:F8LmpN1c-iw:best] Attempt 5/5
2026-05-10 19:05:16,928 [INFO] RUN urls:F8LmpN1c-iw:best: C:\Tools\yt-dlp\yt-dlp.exe -g -f best https://www.youtube.com/watch?v=F8LmpN1c-iw
2026-05-10 19:05:19,702 [WARNING] [urls:F8LmpN1c-iw:best] Failed (code 1).
2026-05-10 19:05:19,702 [ERROR] [urls:F8LmpN1c-iw:best] All 5 attempts failed.
2026-05-10 19:05:19,702 [WARNING] Format best failed for F8LmpN1c-iw
2026-05-10 19:05:19,702 [ERROR] All formats failed for F8LmpN1c-iw
2026-05-10 19:05:19,702 [ERROR] Failed to get URLs for F8LmpN1c-iw
2026-05-10 19:05:24,703 [INFO] Download attempt 2/5 for F8LmpN1c-iw
2026-05-10 19:05:24,703 [INFO] [urls:F8LmpN1c-iw:134+140] Attempt 1/5
2026-05-10 19:05:24,703 [INFO] RUN urls:F8LmpN1c-iw:134+140: C:\Tools\yt-dlp\yt-dlp.exe -g -f 134+140 https://www.youtube.com/watch?v=F8LmpN1c-iw
2026-05-10 19:05:27,223 [WARNING] [urls:F8LmpN1c-iw:134+140] Failed (code 1).
2026-05-10 19:05:27,223 [INFO] [urls:F8LmpN1c-iw:134+140] Retrying in 5 seconds...
2026-05-10 19:05:32,224 [INFO] [urls:F8LmpN1c-iw:134+140] Attempt 2/5
2026-05-10 19:05:32,224 [INFO] RUN urls:F8LmpN1c-iw:134+140: C:\Tools\yt-dlp\yt-dlp.exe -g -f 134+140 https://www.youtube.com/watch?v=F8LmpN1c-iw
2026-05-10 19:05:34,987 [WARNING] [urls:F8LmpN1c-iw:134+140] Failed (code 1).
2026-05-10 19:05:34,987 [INFO] [urls:F8LmpN1c-iw:134+140] Retrying in 5 seconds...
2026-05-10 19:05:39,987 [INFO] [urls:F8LmpN1c-iw:134+140] Attempt 3/5
2026-05-10 19:05:39,987 [INFO] RUN urls:F8LmpN1c-iw:134+140: C:\Tools\yt-dlp\yt-dlp.exe -g -f 134+140 https://www.youtube.com/watch?v=F8LmpN1c-iw
2026-05-10 19:05:42,534 [WARNING] [urls:F8LmpN1c-iw:134+140] Failed (code 1).
2026-05-10 19:05:42,534 [INFO] [urls:F8LmpN1c-iw:134+140] Retrying in 5 seconds...
2026-05-10 19:05:47,536 [INFO] [urls:F8LmpN1c-iw:134+140] Attempt 4/5
2026-05-10 19:05:47,536 [INFO] RUN urls:F8LmpN1c-iw:134+140: C:\Tools\yt-dlp\yt-dlp.exe -g -f 134+140 https://www.youtube.com/watch?v=F8LmpN1c-iw
2026-05-10 19:05:50,131 [WARNING] [urls:F8LmpN1c-iw:134+140] Failed (code 1).
2026-05-10 19:05:50,131 [INFO] [urls:F8LmpN1c-iw:134+140] Retrying in 5 seconds...
2026-05-10 19:05:55,131 [INFO] [urls:F8LmpN1c-iw:134+140] Attempt 5/5
2026-05-10 19:05:55,131 [INFO] RUN urls:F8LmpN1c-iw:134+140: C:\Tools\yt-dlp\yt-dlp.exe -g -f 134+140 https://www.youtube.com/watch?v=F8LmpN1c-iw
2026-05-10 19:05:57,869 [WARNING] [urls:F8LmpN1c-iw:134+140] Failed (code 1).
2026-05-10 19:05:57,869 [ERROR] [urls:F8LmpN1c-iw:134+140] All 5 attempts failed.
2026-05-10 19:05:57,869 [WARNING] Format 134+140 failed for F8LmpN1c-iw
2026-05-10 19:05:57,869 [INFO] [urls:F8LmpN1c-iw:18] Attempt 1/5
2026-05-10 19:05:57,869 [INFO] RUN urls:F8LmpN1c-iw:18: C:\Tools\yt-dlp\yt-dlp.exe -g -f 18 https://www.youtube.com/watch?v=F8LmpN1c-iw
2026-05-10 19:06:00,512 [WARNING] [urls:F8LmpN1c-iw:18] Failed (code 1).
2026-05-10 19:06:00,512 [INFO] [urls:F8LmpN1c-iw:18] Retrying in 5 seconds...
2026-05-10 19:06:05,513 [INFO] [urls:F8LmpN1c-iw:18] Attempt 2/5
2026-05-10 19:06:05,513 [INFO] RUN urls:F8LmpN1c-iw:18: C:\Tools\yt-dlp\yt-dlp.exe -g -f 18 https://www.youtube.com/watch?v=F8LmpN1c-iw
2026-05-10 19:06:08,287 [WARNING] [urls:F8LmpN1c-iw:18] Failed (code 1).
2026-05-10 19:06:08,288 [INFO] [urls:F8LmpN1c-iw:18] Retrying in 5 seconds...
2026-05-10 19:06:13,288 [INFO] [urls:F8LmpN1c-iw:18] Attempt 3/5
2026-05-10 19:06:13,288 [INFO] RUN urls:F8LmpN1c-iw:18: C:\Tools\yt-dlp\yt-dlp.exe -g -f 18 https://www.youtube.com/watch?v=F8LmpN1c-iw
2026-05-10 19:06:16,141 [WARNING] [urls:F8LmpN1c-iw:18] Failed (code 1).
2026-05-10 19:06:16,141 [INFO] [urls:F8LmpN1c-iw:18] Retrying in 5 seconds...
2026-05-10 19:06:21,142 [INFO] [urls:F8LmpN1c-iw:18] Attempt 4/5
2026-05-10 19:06:21,142 [INFO] RUN urls:F8LmpN1c-iw:18: C:\Tools\yt-dlp\yt-dlp.exe -g -f 18 https://www.youtube.com/watch?v=F8LmpN1c-iw
2026-05-10 19:06:23,662 [WARNING] [urls:F8LmpN1c-iw:18] Failed (code 1).
2026-05-10 19:06:23,662 [INFO] [urls:F8LmpN1c-iw:18] Retrying in 5 seconds...
2026-05-10 19:06:28,663 [INFO] [urls:F8LmpN1c-iw:18] Attempt 5/5
2026-05-10 19:06:28,663 [INFO] RUN urls:F8LmpN1c-iw:18: C:\Tools\yt-dlp\yt-dlp.exe -g -f 18 https://www.youtube.com/watch?v=F8LmpN1c-iw
2026-05-10 19:06:31,238 [WARNING] [urls:F8LmpN1c-iw:18] Failed (code 1).
2026-05-10 19:06:31,238 [ERROR] [urls:F8LmpN1c-iw:18] All 5 attempts failed.
2026-05-10 19:06:31,238 [WARNING] Format 18 failed for F8LmpN1c-iw
2026-05-10 19:06:31,239 [INFO] [urls:F8LmpN1c-iw:93] Attempt 1/5
2026-05-10 19:06:31,239 [INFO] RUN urls:F8LmpN1c-iw:93: C:\Tools\yt-dlp\yt-dlp.exe -g -f 93 https://www.youtube.com/watch?v=F8LmpN1c-iw
2026-05-10 19:06:33,906 [WARNING] [urls:F8LmpN1c-iw:93] Failed (code 1).
2026-05-10 19:06:33,906 [INFO] [urls:F8LmpN1c-iw:93] Retrying in 5 seconds...
2026-05-10 19:06:38,907 [INFO] [urls:F8LmpN1c-iw:93] Attempt 2/5
2026-05-10 19:06:38,907 [INFO] RUN urls:F8LmpN1c-iw:93: C:\Tools\yt-dlp\yt-dlp.exe -g -f 93 https://www.youtube.com/watch?v=F8LmpN1c-iw
2026-05-10 19:06:41,680 [WARNING] [urls:F8LmpN1c-iw:93] Failed (code 1).
2026-05-10 19:06:41,680 [INFO] [urls:F8LmpN1c-iw:93] Retrying in 5 seconds...
2026-05-10 19:06:46,681 [INFO] [urls:F8LmpN1c-iw:93] Attempt 3/5
2026-05-10 19:06:46,681 [INFO] RUN urls:F8LmpN1c-iw:93: C:\Tools\yt-dlp\yt-dlp.exe -g -f 93 https://www.youtube.com/watch?v=F8LmpN1c-iw
2026-05-10 19:06:49,226 [WARNING] [urls:F8LmpN1c-iw:93] Failed (code 1).
2026-05-10 19:06:49,226 [INFO] [urls:F8LmpN1c-iw:93] Retrying in 5 seconds...
2026-05-10 19:06:54,227 [INFO] [urls:F8LmpN1c-iw:93] Attempt 4/5
2026-05-10 19:06:54,227 [INFO] RUN urls:F8LmpN1c-iw:93: C:\Tools\yt-dlp\yt-dlp.exe -g -f 93 https://www.youtube.com/watch?v=F8LmpN1c-iw
2026-05-10 19:06:56,811 [WARNING] [urls:F8LmpN1c-iw:93] Failed (code 1).
2026-05-10 19:06:56,812 [INFO] [urls:F8LmpN1c-iw:93] Retrying in 5 seconds...
2026-05-10 19:07:01,813 [INFO] [urls:F8LmpN1c-iw:93] Attempt 5/5
2026-05-10 19:07:01,813 [INFO] RUN urls:F8LmpN1c-iw:93: C:\Tools\yt-dlp\yt-dlp.exe -g -f 93 https://www.youtube.com/watch?v=F8LmpN1c-iw
2026-05-10 19:07:04,619 [WARNING] [urls:F8LmpN1c-iw:93] Failed (code 1).
2026-05-10 19:07:04,619 [ERROR] [urls:F8LmpN1c-iw:93] All 5 attempts failed.
2026-05-10 19:07:04,619 [WARNING] Format 93 failed for F8LmpN1c-iw
2026-05-10 19:07:04,619 [INFO] [urls:F8LmpN1c-iw:92] Attempt 1/5
2026-05-10 19:07:04,620 [INFO] RUN urls:F8LmpN1c-iw:92: C:\Tools\yt-dlp\yt-dlp.exe -g -f 92 https://www.youtube.com/watch?v=F8LmpN1c-iw
2026-05-10 19:07:07,504 [WARNING] [urls:F8LmpN1c-iw:92] Failed (code 1).
2026-05-10 19:07:07,504 [INFO] [urls:F8LmpN1c-iw:92] Retrying in 5 seconds...
2026-05-10 19:07:12,504 [INFO] [urls:F8LmpN1c-iw:92] Attempt 2/5
2026-05-10 19:07:12,504 [INFO] RUN urls:F8LmpN1c-iw:92: C:\Tools\yt-dlp\yt-dlp.exe -g -f 92 https://www.youtube.com/watch?v=F8LmpN1c-iw
2026-05-10 19:07:15,255 [WARNING] [urls:F8LmpN1c-iw:92] Failed (code 1).
2026-05-10 19:07:15,255 [INFO] [urls:F8LmpN1c-iw:92] Retrying in 5 seconds...
2026-05-10 19:07:20,256 [INFO] [urls:F8LmpN1c-iw:92] Attempt 3/5
2026-05-10 19:07:20,256 [INFO] RUN urls:F8LmpN1c-iw:92: C:\Tools\yt-dlp\yt-dlp.exe -g -f 92 https://www.youtube.com/watch?v=F8LmpN1c-iw
2026-05-10 19:07:22,920 [WARNING] [urls:F8LmpN1c-iw:92] Failed (code 1).
2026-05-10 19:07:22,922 [INFO] [urls:F8LmpN1c-iw:92] Retrying in 5 seconds...
2026-05-10 19:07:27,922 [INFO] [urls:F8LmpN1c-iw:92] Attempt 4/5
2026-05-10 19:07:27,922 [INFO] RUN urls:F8LmpN1c-iw:92: C:\Tools\yt-dlp\yt-dlp.exe -g -f 92 https://www.youtube.com/watch?v=F8LmpN1c-iw
2026-05-10 19:07:30,957 [WARNING] [urls:F8LmpN1c-iw:92] Failed (code 1).
2026-05-10 19:07:30,957 [INFO] [urls:F8LmpN1c-iw:92] Retrying in 5 seconds...
2026-05-10 19:07:35,958 [INFO] [urls:F8LmpN1c-iw:92] Attempt 5/5
2026-05-10 19:07:35,958 [INFO] RUN urls:F8LmpN1c-iw:92: C:\Tools\yt-dlp\yt-dlp.exe -g -f 92 https://www.youtube.com/watch?v=F8LmpN1c-iw
2026-05-10 19:07:38,590 [WARNING] [urls:F8LmpN1c-iw:92] Failed (code 1).
2026-05-10 19:07:38,591 [ERROR] [urls:F8LmpN1c-iw:92] All 5 attempts failed.
2026-05-10 19:07:38,591 [WARNING] Format 92 failed for F8LmpN1c-iw
2026-05-10 19:07:38,591 [INFO] [urls:F8LmpN1c-iw:91] Attempt 1/5
2026-05-10 19:07:38,591 [INFO] RUN urls:F8LmpN1c-iw:91: C:\Tools\yt-dlp\yt-dlp.exe -g -f 91 https://www.youtube.com/watch?v=F8LmpN1c-iw
2026-05-10 19:07:41,419 [WARNING] [urls:F8LmpN1c-iw:91] Failed (code 1).
2026-05-10 19:07:41,419 [INFO] [urls:F8LmpN1c-iw:91] Retrying in 5 seconds...
2026-05-10 19:07:46,421 [INFO] [urls:F8LmpN1c-iw:91] Attempt 2/5
2026-05-10 19:07:46,421 [INFO] RUN urls:F8LmpN1c-iw:91: C:\Tools\yt-dlp\yt-dlp.exe -g -f 91 https://www.youtube.com/watch?v=F8LmpN1c-iw
2026-05-10 19:07:48,998 [WARNING] [urls:F8LmpN1c-iw:91] Failed (code 1).
2026-05-10 19:07:48,998 [INFO] [urls:F8LmpN1c-iw:91] Retrying in 5 seconds...
2026-05-10 19:07:53,999 [INFO] [urls:F8LmpN1c-iw:91] Attempt 3/5
2026-05-10 19:07:53,999 [INFO] RUN urls:F8LmpN1c-iw:91: C:\Tools\yt-dlp\yt-dlp.exe -g -f 91 https://www.youtube.com/watch?v=F8LmpN1c-iw
2026-05-10 19:07:56,495 [WARNING] [urls:F8LmpN1c-iw:91] Failed (code 1).
2026-05-10 19:07:56,496 [INFO] [urls:F8LmpN1c-iw:91] Retrying in 5 seconds...
2026-05-10 19:08:01,497 [INFO] [urls:F8LmpN1c-iw:91] Attempt 4/5
2026-05-10 19:08:01,497 [INFO] RUN urls:F8LmpN1c-iw:91: C:\Tools\yt-dlp\yt-dlp.exe -g -f 91 https://www.youtube.com/watch?v=F8LmpN1c-iw
2026-05-10 19:08:04,002 [WARNING] [urls:F8LmpN1c-iw:91] Failed (code 1).
2026-05-10 19:08:04,002 [INFO] [urls:F8LmpN1c-iw:91] Retrying in 5 seconds...
2026-05-10 19:08:09,004 [INFO] [urls:F8LmpN1c-iw:91] Attempt 5/5
2026-05-10 19:08:09,004 [INFO] RUN urls:F8LmpN1c-iw:91: C:\Tools\yt-dlp\yt-dlp.exe -g -f 91 https://www.youtube.com/watch?v=F8LmpN1c-iw
2026-05-10 19:08:11,684 [WARNING] [urls:F8LmpN1c-iw:91] Failed (code 1).
2026-05-10 19:08:11,684 [ERROR] [urls:F8LmpN1c-iw:91] All 5 attempts failed.
2026-05-10 19:08:11,684 [WARNING] Format 91 failed for F8LmpN1c-iw
2026-05-10 19:08:11,684 [INFO] [urls:F8LmpN1c-iw:best] Attempt 1/5
2026-05-10 19:08:11,684 [INFO] RUN urls:F8LmpN1c-iw:best: C:\Tools\yt-dlp\yt-dlp.exe -g -f best https://www.youtube.com/watch?v=F8LmpN1c-iw
2026-05-10 19:08:14,284 [WARNING] [urls:F8LmpN1c-iw:best] Failed (code 1).
2026-05-10 19:08:14,284 [INFO] [urls:F8LmpN1c-iw:best] Retrying in 5 seconds...
2026-05-10 19:08:19,285 [INFO] [urls:F8LmpN1c-iw:best] Attempt 2/5
2026-05-10 19:08:19,285 [INFO] RUN urls:F8LmpN1c-iw:best: C:\Tools\yt-dlp\yt-dlp.exe -g -f best https://www.youtube.com/watch?v=F8LmpN1c-iw
2026-05-10 19:08:22,126 [WARNING] [urls:F8LmpN1c-iw:best] Failed (code 1).
2026-05-10 19:08:22,126 [INFO] [urls:F8LmpN1c-iw:best] Retrying in 5 seconds...
2026-05-10 19:08:27,127 [INFO] [urls:F8LmpN1c-iw:best] Attempt 3/5
2026-05-10 19:08:27,127 [INFO] RUN urls:F8LmpN1c-iw:best: C:\Tools\yt-dlp\yt-dlp.exe -g -f best https://www.youtube.com/watch?v=F8LmpN1c-iw
2026-05-10 19:08:29,584 [WARNING] [urls:F8LmpN1c-iw:best] Failed (code 1).
2026-05-10 19:08:29,585 [INFO] [urls:F8LmpN1c-iw:best] Retrying in 5 seconds...
2026-05-10 19:08:34,585 [INFO] [urls:F8LmpN1c-iw:best] Attempt 4/5
2026-05-10 19:08:34,585 [INFO] RUN urls:F8LmpN1c-iw:best: C:\Tools\yt-dlp\yt-dlp.exe -g -f best https://www.youtube.com/watch?v=F8LmpN1c-iw
2026-05-10 19:08:37,299 [WARNING] [urls:F8LmpN1c-iw:best] Failed (code 1).
2026-05-10 19:08:37,300 [INFO] [urls:F8LmpN1c-iw:best] Retrying in 5 seconds...
2026-05-10 19:08:42,301 [INFO] [urls:F8LmpN1c-iw:best] Attempt 5/5
2026-05-10 19:08:42,301 [INFO] RUN urls:F8LmpN1c-iw:best: C:\Tools\yt-dlp\yt-dlp.exe -g -f best https://www.youtube.com/watch?v=F8LmpN1c-iw
2026-05-10 19:08:44,904 [WARNING] [urls:F8LmpN1c-iw:best] Failed (code 1).
2026-05-10 19:08:44,904 [ERROR] [urls:F8LmpN1c-iw:best] All 5 attempts failed.
2026-05-10 19:08:44,904 [WARNING] Format best failed for F8LmpN1c-iw
2026-05-10 19:08:44,905 [ERROR] All formats failed for F8LmpN1c-iw
2026-05-10 19:08:44,905 [ERROR] Failed to get URLs for F8LmpN1c-iw
2026-05-10 19:08:49,906 [INFO] Download attempt 3/5 for F8LmpN1c-iw
2026-05-10 19:08:49,906 [INFO] [urls:F8LmpN1c-iw:134+140] Attempt 1/5
2026-05-10 19:08:49,906 [INFO] RUN urls:F8LmpN1c-iw:134+140: C:\Tools\yt-dlp\yt-dlp.exe -g -f 134+140 https://www.youtube.com/watch?v=F8LmpN1c-iw
2026-05-10 19:08:52,577 [WARNING] [urls:F8LmpN1c-iw:134+140] Failed (code 1).
2026-05-10 19:08:52,577 [INFO] [urls:F8LmpN1c-iw:134+140] Retrying in 5 seconds...
2026-05-10 19:08:57,578 [INFO] [urls:F8LmpN1c-iw:134+140] Attempt 2/5
2026-05-10 19:08:57,578 [INFO] RUN urls:F8LmpN1c-iw:134+140: C:\Tools\yt-dlp\yt-dlp.exe -g -f 134+140 https://www.youtube.com/watch?v=F8LmpN1c-iw
2026-05-10 19:09:00,456 [WARNING] [urls:F8LmpN1c-iw:134+140] Failed (code 1).
2026-05-10 19:09:00,456 [INFO] [urls:F8LmpN1c-iw:134+140] Retrying in 5 seconds...
2026-05-10 19:09:05,457 [INFO] [urls:F8LmpN1c-iw:134+140] Attempt 3/5
2026-05-10 19:09:05,457 [INFO] RUN urls:F8LmpN1c-iw:134+140: C:\Tools\yt-dlp\yt-dlp.exe -g -f 134+140 https://www.youtube.com/watch?v=F8LmpN1c-iw
2026-05-10 19:09:08,053 [WARNING] [urls:F8LmpN1c-iw:134+140] Failed (code 1).
2026-05-10 19:09:08,053 [INFO] [urls:F8LmpN1c-iw:134+140] Retrying in 5 seconds...
2026-05-10 19:09:13,054 [INFO] [urls:F8LmpN1c-iw:134+140] Attempt 4/5
2026-05-10 19:09:13,054 [INFO] RUN urls:F8LmpN1c-iw:134+140: C:\Tools\yt-dlp\yt-dlp.exe -g -f 134+140 https://www.youtube.com/watch?v=F8LmpN1c-iw
2026-05-10 19:09:15,706 [WARNING] [urls:F8LmpN1c-iw:134+140] Failed (code 1).
2026-05-10 19:09:15,707 [INFO] [urls:F8LmpN1c-iw:134+140] Retrying in 5 seconds...
2026-05-10 19:09:20,708 [INFO] [urls:F8LmpN1c-iw:134+140] Attempt 5/5
2026-05-10 19:09:20,708 [INFO] RUN urls:F8LmpN1c-iw:134+140: C:\Tools\yt-dlp\yt-dlp.exe -g -f 134+140 https://www.youtube.com/watch?v=F8LmpN1c-iw
2026-05-10 19:09:23,315 [WARNING] [urls:F8LmpN1c-iw:134+140] Failed (code 1).
2026-05-10 19:09:23,315 [ERROR] [urls:F8LmpN1c-iw:134+140] All 5 attempts failed.
2026-05-10 19:09:23,315 [WARNING] Format 134+140 failed for F8LmpN1c-iw
2026-05-10 19:09:23,315 [INFO] [urls:F8LmpN1c-iw:18] Attempt 1/5
2026-05-10 19:09:23,315 [INFO] RUN urls:F8LmpN1c-iw:18: C:\Tools\yt-dlp\yt-dlp.exe -g -f 18 https://www.youtube.com/watch?v=F8LmpN1c-iw
2026-05-10 19:09:25,795 [WARNING] [urls:F8LmpN1c-iw:18] Failed (code 1).
2026-05-10 19:09:25,796 [INFO] [urls:F8LmpN1c-iw:18] Retrying in 5 seconds...
2026-05-10 19:09:30,797 [INFO] [urls:F8LmpN1c-iw:18] Attempt 2/5
2026-05-10 19:09:30,797 [INFO] RUN urls:F8LmpN1c-iw:18: C:\Tools\yt-dlp\yt-dlp.exe -g -f 18 https://www.youtube.com/watch?v=F8LmpN1c-iw
2026-05-10 19:09:33,616 [WARNING] [urls:F8LmpN1c-iw:18] Failed (code 1).
2026-05-10 19:09:33,616 [INFO] [urls:F8LmpN1c-iw:18] Retrying in 5 seconds...
2026-05-10 19:09:38,617 [INFO] [urls:F8LmpN1c-iw:18] Attempt 3/5
2026-05-10 19:09:38,617 [INFO] RUN urls:F8LmpN1c-iw:18: C:\Tools\yt-dlp\yt-dlp.exe -g -f 18 https://www.youtube.com/watch?v=F8LmpN1c-iw
2026-05-10 19:09:41,207 [WARNING] [urls:F8LmpN1c-iw:18] Failed (code 1).
2026-05-10 19:09:41,207 [INFO] [urls:F8LmpN1c-iw:18] Retrying in 5 seconds...
2026-05-10 19:09:46,208 [INFO] [urls:F8LmpN1c-iw:18] Attempt 4/5
2026-05-10 19:09:46,208 [INFO] RUN urls:F8LmpN1c-iw:18: C:\Tools\yt-dlp\yt-dlp.exe -g -f 18 https://www.youtube.com/watch?v=F8LmpN1c-iw
2026-05-10 19:09:48,764 [WARNING] [urls:F8LmpN1c-iw:18] Failed (code 1).
2026-05-10 19:09:48,764 [INFO] [urls:F8LmpN1c-iw:18] Retrying in 5 seconds...
2026-05-10 19:09:53,765 [INFO] [urls:F8LmpN1c-iw:18] Attempt 5/5
2026-05-10 19:09:53,765 [INFO] RUN urls:F8LmpN1c-iw:18: C:\Tools\yt-dlp\yt-dlp.exe -g -f 18 https://www.youtube.com/watch?v=F8LmpN1c-iw
2026-05-10 19:09:56,376 [WARNING] [urls:F8LmpN1c-iw:18] Failed (code 1).
2026-05-10 19:09:56,376 [ERROR] [urls:F8LmpN1c-iw:18] All 5 attempts failed.
2026-05-10 19:09:56,376 [WARNING] Format 18 failed for F8LmpN1c-iw
2026-05-10 19:09:56,376 [INFO] [urls:F8LmpN1c-iw:93] Attempt 1/5
2026-05-10 19:09:56,376 [INFO] RUN urls:F8LmpN1c-iw:93: C:\Tools\yt-dlp\yt-dlp.exe -g -f 93 https://www.youtube.com/watch?v=F8LmpN1c-iw
2026-05-10 19:09:59,135 [WARNING] [urls:F8LmpN1c-iw:93] Failed (code 1).
2026-05-10 19:09:59,135 [INFO] [urls:F8LmpN1c-iw:93] Retrying in 5 seconds...
2026-05-10 19:10:04,136 [INFO] [urls:F8LmpN1c-iw:93] Attempt 2/5
2026-05-10 19:10:04,136 [INFO] RUN urls:F8LmpN1c-iw:93: C:\Tools\yt-dlp\yt-dlp.exe -g -f 93 https://www.youtube.com/watch?v=F8LmpN1c-iw
2026-05-10 19:10:06,845 [WARNING] [urls:F8LmpN1c-iw:93] Failed (code 1).
2026-05-10 19:10:06,845 [INFO] [urls:F8LmpN1c-iw:93] Retrying in 5 seconds...
2026-05-10 19:10:11,846 [INFO] [urls:F8LmpN1c-iw:93] Attempt 3/5
2026-05-10 19:10:11,846 [INFO] RUN urls:F8LmpN1c-iw:93: C:\Tools\yt-dlp\yt-dlp.exe -g -f 93 https://www.youtube.com/watch?v=F8LmpN1c-iw
2026-05-10 19:10:14,552 [WARNING] [urls:F8LmpN1c-iw:93] Failed (code 1).
2026-05-10 19:10:14,552 [INFO] [urls:F8LmpN1c-iw:93] Retrying in 5 seconds...
2026-05-10 19:10:19,553 [INFO] [urls:F8LmpN1c-iw:93] Attempt 4/5
2026-05-10 19:10:19,553 [INFO] RUN urls:F8LmpN1c-iw:93: C:\Tools\yt-dlp\yt-dlp.exe -g -f 93 https://www.youtube.com/watch?v=F8LmpN1c-iw
2026-05-10 19:10:22,395 [WARNING] [urls:F8LmpN1c-iw:93] Failed (code 1).
2026-05-10 19:10:22,395 [INFO] [urls:F8LmpN1c-iw:93] Retrying in 5 seconds...
2026-05-10 19:10:27,397 [INFO] [urls:F8LmpN1c-iw:93] Attempt 5/5
2026-05-10 19:10:27,397 [INFO] RUN urls:F8LmpN1c-iw:93: C:\Tools\yt-dlp\yt-dlp.exe -g -f 93 https://www.youtube.com/watch?v=F8LmpN1c-iw
2026-05-10 19:10:29,983 [WARNING] [urls:F8LmpN1c-iw:93] Failed (code 1).
2026-05-10 19:10:29,984 [ERROR] [urls:F8LmpN1c-iw:93] All 5 attempts failed.
2026-05-10 19:10:29,984 [WARNING] Format 93 failed for F8LmpN1c-iw
2026-05-10 19:10:29,984 [INFO] [urls:F8LmpN1c-iw:92] Attempt 1/5
2026-05-10 19:10:29,984 [INFO] RUN urls:F8LmpN1c-iw:92: C:\Tools\yt-dlp\yt-dlp.exe -g -f 92 https://www.youtube.com/watch?v=F8LmpN1c-iw
2026-05-10 19:10:32,995 [WARNING] [urls:F8LmpN1c-iw:92] Failed (code 1).
2026-05-10 19:10:32,995 [INFO] [urls:F8LmpN1c-iw:92] Retrying in 5 seconds...
2026-05-10 19:10:37,995 [INFO] [urls:F8LmpN1c-iw:92] Attempt 2/5
2026-05-10 19:10:37,995 [INFO] RUN urls:F8LmpN1c-iw:92: C:\Tools\yt-dlp\yt-dlp.exe -g -f 92 https://www.youtube.com/watch?v=F8LmpN1c-iw
2026-05-10 19:10:40,801 [WARNING] [urls:F8LmpN1c-iw:92] Failed (code 1).
2026-05-10 19:10:40,802 [INFO] [urls:F8LmpN1c-iw:92] Retrying in 5 seconds...
2026-05-10 19:10:45,803 [INFO] [urls:F8LmpN1c-iw:92] Attempt 3/5
2026-05-10 19:10:45,803 [INFO] RUN urls:F8LmpN1c-iw:92: C:\Tools\yt-dlp\yt-dlp.exe -g -f 92 https://www.youtube.com/watch?v=F8LmpN1c-iw
2026-05-10 19:10:48,396 [WARNING] [urls:F8LmpN1c-iw:92] Failed (code 1).
2026-05-10 19:10:48,396 [INFO] [urls:F8LmpN1c-iw:92] Retrying in 5 seconds...
2026-05-10 19:10:53,397 [INFO] [urls:F8LmpN1c-iw:92] Attempt 4/5
2026-05-10 19:10:53,397 [INFO] RUN urls:F8LmpN1c-iw:92: C:\Tools\yt-dlp\yt-dlp.exe -g -f 92 https://www.youtube.com/watch?v=F8LmpN1c-iw
2026-05-10 19:10:56,210 [WARNING] [urls:F8LmpN1c-iw:92] Failed (code 1).
2026-05-10 19:10:56,210 [INFO] [urls:F8LmpN1c-iw:92] Retrying in 5 seconds...
2026-05-10 19:11:01,211 [INFO] [urls:F8LmpN1c-iw:92] Attempt 5/5
2026-05-10 19:11:01,211 [INFO] RUN urls:F8LmpN1c-iw:92: C:\Tools\yt-dlp\yt-dlp.exe -g -f 92 https://www.youtube.com/watch?v=F8LmpN1c-iw
2026-05-10 19:11:04,009 [WARNING] [urls:F8LmpN1c-iw:92] Failed (code 1).
2026-05-10 19:11:04,009 [ERROR] [urls:F8LmpN1c-iw:92] All 5 attempts failed.
2026-05-10 19:11:04,009 [WARNING] Format 92 failed for F8LmpN1c-iw
2026-05-10 19:11:04,009 [INFO] [urls:F8LmpN1c-iw:91] Attempt 1/5
2026-05-10 19:11:04,009 [INFO] RUN urls:F8LmpN1c-iw:91: C:\Tools\yt-dlp\yt-dlp.exe -g -f 91 https://www.youtube.com/watch?v=F8LmpN1c-iw
2026-05-10 19:11:06,868 [WARNING] [urls:F8LmpN1c-iw:91] Failed (code 1).
2026-05-10 19:11:06,868 [INFO] [urls:F8LmpN1c-iw:91] Retrying in 5 seconds...
2026-05-10 19:11:11,869 [INFO] [urls:F8LmpN1c-iw:91] Attempt 2/5
2026-05-10 19:11:11,869 [INFO] RUN urls:F8LmpN1c-iw:91: C:\Tools\yt-dlp\yt-dlp.exe -g -f 91 https://www.youtube.com/watch?v=F8LmpN1c-iw
2026-05-10 19:11:14,668 [WARNING] [urls:F8LmpN1c-iw:91] Failed (code 1).
2026-05-10 19:11:14,668 [INFO] [urls:F8LmpN1c-iw:91] Retrying in 5 seconds...
2026-05-10 19:11:19,669 [INFO] [urls:F8LmpN1c-iw:91] Attempt 3/5
2026-05-10 19:11:19,669 [INFO] RUN urls:F8LmpN1c-iw:91: C:\Tools\yt-dlp\yt-dlp.exe -g -f 91 https://www.youtube.com/watch?v=F8LmpN1c-iw
2026-05-10 19:11:22,506 [WARNING] [urls:F8LmpN1c-iw:91] Failed (code 1).
2026-05-10 19:11:22,506 [INFO] [urls:F8LmpN1c-iw:91] Retrying in 5 seconds...
2026-05-10 19:11:27,507 [INFO] [urls:F8LmpN1c-iw:91] Attempt 4/5
2026-05-10 19:11:27,507 [INFO] RUN urls:F8LmpN1c-iw:91: C:\Tools\yt-dlp\yt-dlp.exe -g -f 91 https://www.youtube.com/watch?v=F8LmpN1c-iw
2026-05-10 19:11:30,186 [WARNING] [urls:F8LmpN1c-iw:91] Failed (code 1).
2026-05-10 19:11:30,187 [INFO] [urls:F8LmpN1c-iw:91] Retrying in 5 seconds...
2026-05-10 19:11:35,188 [INFO] [urls:F8LmpN1c-iw:91] Attempt 5/5
2026-05-10 19:11:35,188 [INFO] RUN urls:F8LmpN1c-iw:91: C:\Tools\yt-dlp\yt-dlp.exe -g -f 91 https://www.youtube.com/watch?v=F8LmpN1c-iw
2026-05-10 19:11:37,834 [WARNING] [urls:F8LmpN1c-iw:91] Failed (code 1).
2026-05-10 19:11:37,834 [ERROR] [urls:F8LmpN1c-iw:91] All 5 attempts failed.
2026-05-10 19:11:37,834 [WARNING] Format 91 failed for F8LmpN1c-iw
2026-05-10 19:11:37,834 [INFO] [urls:F8LmpN1c-iw:best] Attempt 1/5
2026-05-10 19:11:37,834 [INFO] RUN urls:F8LmpN1c-iw:best: C:\Tools\yt-dlp\yt-dlp.exe -g -f best https://www.youtube.com/watch?v=F8LmpN1c-iw
2026-05-10 19:11:40,285 [WARNING] [urls:F8LmpN1c-iw:best] Failed (code 1).
2026-05-10 19:11:40,285 [INFO] [urls:F8LmpN1c-iw:best] Retrying in 5 seconds...
2026-05-10 19:11:45,286 [INFO] [urls:F8LmpN1c-iw:best] Attempt 2/5
2026-05-10 19:11:45,286 [INFO] RUN urls:F8LmpN1c-iw:best: C:\Tools\yt-dlp\yt-dlp.exe -g -f best https://www.youtube.com/watch?v=F8LmpN1c-iw
2026-05-10 19:11:48,029 [WARNING] [urls:F8LmpN1c-iw:best] Failed (code 1).
2026-05-10 19:11:48,029 [INFO] [urls:F8LmpN1c-iw:best] Retrying in 5 seconds...
2026-05-10 19:11:53,030 [INFO] [urls:F8LmpN1c-iw:best] Attempt 3/5
2026-05-10 19:11:53,030 [INFO] RUN urls:F8LmpN1c-iw:best: C:\Tools\yt-dlp\yt-dlp.exe -g -f best https://www.youtube.com/watch?v=F8LmpN1c-iw
2026-05-10 19:11:55,760 [WARNING] [urls:F8LmpN1c-iw:best] Failed (code 1).
2026-05-10 19:11:55,760 [INFO] [urls:F8LmpN1c-iw:best] Retrying in 5 seconds...
2026-05-10 19:12:00,761 [INFO] [urls:F8LmpN1c-iw:best] Attempt 4/5
2026-05-10 19:12:00,761 [INFO] RUN urls:F8LmpN1c-iw:best: C:\Tools\yt-dlp\yt-dlp.exe -g -f best https://www.youtube.com/watch?v=F8LmpN1c-iw
2026-05-10 19:12:03,613 [WARNING] [urls:F8LmpN1c-iw:best] Failed (code 1).
2026-05-10 19:12:03,613 [INFO] [urls:F8LmpN1c-iw:best] Retrying in 5 seconds...
2026-05-10 19:12:08,614 [INFO] [urls:F8LmpN1c-iw:best] Attempt 5/5
2026-05-10 19:12:08,614 [INFO] RUN urls:F8LmpN1c-iw:best: C:\Tools\yt-dlp\yt-dlp.exe -g -f best https://www.youtube.com/watch?v=F8LmpN1c-iw
2026-05-10 19:12:11,532 [WARNING] [urls:F8LmpN1c-iw:best] Failed (code 1).
2026-05-10 19:12:11,533 [ERROR] [urls:F8LmpN1c-iw:best] All 5 attempts failed.
2026-05-10 19:12:11,533 [WARNING] Format best failed for F8LmpN1c-iw
2026-05-10 19:12:11,533 [ERROR] All formats failed for F8LmpN1c-iw
2026-05-10 19:12:11,533 [ERROR] Failed to get URLs for F8LmpN1c-iw
2026-05-10 19:12:16,534 [INFO] Download attempt 4/5 for F8LmpN1c-iw
2026-05-10 19:12:16,534 [INFO] [urls:F8LmpN1c-iw:134+140] Attempt 1/5
2026-05-10 19:12:16,534 [INFO] RUN urls:F8LmpN1c-iw:134+140: C:\Tools\yt-dlp\yt-dlp.exe -g -f 134+140 https://www.youtube.com/watch?v=F8LmpN1c-iw
2026-05-10 19:12:19,265 [WARNING] [urls:F8LmpN1c-iw:134+140] Failed (code 1).
2026-05-10 19:12:19,265 [INFO] [urls:F8LmpN1c-iw:134+140] Retrying in 5 seconds...
2026-05-10 19:12:24,266 [INFO] [urls:F8LmpN1c-iw:134+140] Attempt 2/5
2026-05-10 19:12:24,266 [INFO] RUN urls:F8LmpN1c-iw:134+140: C:\Tools\yt-dlp\yt-dlp.exe -g -f 134+140 https://www.youtube.com/watch?v=F8LmpN1c-iw
2026-05-10 19:12:27,019 [WARNING] [urls:F8LmpN1c-iw:134+140] Failed (code 1).
2026-05-10 19:12:27,019 [INFO] [urls:F8LmpN1c-iw:134+140] Retrying in 5 seconds...
2026-05-10 19:12:32,020 [INFO] [urls:F8LmpN1c-iw:134+140] Attempt 3/5
2026-05-10 19:12:32,020 [INFO] RUN urls:F8LmpN1c-iw:134+140: C:\Tools\yt-dlp\yt-dlp.exe -g -f 134+140 https://www.youtube.com/watch?v=F8LmpN1c-iw
2026-05-10 19:12:34,722 [WARNING] [urls:F8LmpN1c-iw:134+140] Failed (code 1).
2026-05-10 19:12:34,724 [INFO] [urls:F8LmpN1c-iw:134+140] Retrying in 5 seconds...
2026-05-10 19:12:39,724 [INFO] [urls:F8LmpN1c-iw:134+140] Attempt 4/5
2026-05-10 19:12:39,724 [INFO] RUN urls:F8LmpN1c-iw:134+140: C:\Tools\yt-dlp\yt-dlp.exe -g -f 134+140 https://www.youtube.com/watch?v=F8LmpN1c-iw
2026-05-10 19:12:42,300 [WARNING] [urls:F8LmpN1c-iw:134+140] Failed (code 1).
2026-05-10 19:12:42,300 [INFO] [urls:F8LmpN1c-iw:134+140] Retrying in 5 seconds...
2026-05-10 19:12:47,301 [INFO] [urls:F8LmpN1c-iw:134+140] Attempt 5/5
2026-05-10 19:12:47,301 [INFO] RUN urls:F8LmpN1c-iw:134+140: C:\Tools\yt-dlp\yt-dlp.exe -g -f 134+140 https://www.youtube.com/watch?v=F8LmpN1c-iw
2026-05-10 19:12:49,834 [WARNING] [urls:F8LmpN1c-iw:134+140] Failed (code 1).
2026-05-10 19:12:49,834 [ERROR] [urls:F8LmpN1c-iw:134+140] All 5 attempts failed.
2026-05-10 19:12:49,835 [WARNING] Format 134+140 failed for F8LmpN1c-iw
2026-05-10 19:12:49,835 [INFO] [urls:F8LmpN1c-iw:18] Attempt 1/5
2026-05-10 19:12:49,835 [INFO] RUN urls:F8LmpN1c-iw:18: C:\Tools\yt-dlp\yt-dlp.exe -g -f 18 https://www.youtube.com/watch?v=F8LmpN1c-iw
2026-05-10 19:12:52,465 [WARNING] [urls:F8LmpN1c-iw:18] Failed (code 1).
2026-05-10 19:12:52,465 [INFO] [urls:F8LmpN1c-iw:18] Retrying in 5 seconds...
2026-05-10 19:12:57,465 [INFO] [urls:F8LmpN1c-iw:18] Attempt 2/5
2026-05-10 19:12:57,465 [INFO] RUN urls:F8LmpN1c-iw:18: C:\Tools\yt-dlp\yt-dlp.exe -g -f 18 https://www.youtube.com/watch?v=F8LmpN1c-iw
2026-05-10 19:13:00,145 [WARNING] [urls:F8LmpN1c-iw:18] Failed (code 1).
2026-05-10 19:13:00,145 [INFO] [urls:F8LmpN1c-iw:18] Retrying in 5 seconds...
2026-05-10 19:13:05,145 [INFO] [urls:F8LmpN1c-iw:18] Attempt 3/5
2026-05-10 19:13:05,145 [INFO] RUN urls:F8LmpN1c-iw:18: C:\Tools\yt-dlp\yt-dlp.exe -g -f 18 https://www.youtube.com/watch?v=F8LmpN1c-iw
2026-05-10 19:13:07,876 [WARNING] [urls:F8LmpN1c-iw:18] Failed (code 1).
2026-05-10 19:13:07,876 [INFO] [urls:F8LmpN1c-iw:18] Retrying in 5 seconds...
2026-05-10 19:13:12,877 [INFO] [urls:F8LmpN1c-iw:18] Attempt 4/5
2026-05-10 19:13:12,877 [INFO] RUN urls:F8LmpN1c-iw:18: C:\Tools\yt-dlp\yt-dlp.exe -g -f 18 https://www.youtube.com/watch?v=F8LmpN1c-iw
2026-05-10 19:13:15,366 [WARNING] [urls:F8LmpN1c-iw:18] Failed (code 1).
2026-05-10 19:13:15,366 [INFO] [urls:F8LmpN1c-iw:18] Retrying in 5 seconds...
2026-05-10 19:13:20,367 [INFO] [urls:F8LmpN1c-iw:18] Attempt 5/5
2026-05-10 19:13:20,367 [INFO] RUN urls:F8LmpN1c-iw:18: C:\Tools\yt-dlp\yt-dlp.exe -g -f 18 https://www.youtube.com/watch?v=F8LmpN1c-iw
2026-05-10 19:13:22,894 [WARNING] [urls:F8LmpN1c-iw:18] Failed (code 1).
2026-05-10 19:13:22,895 [ERROR] [urls:F8LmpN1c-iw:18] All 5 attempts failed.
2026-05-10 19:13:22,895 [WARNING] Format 18 failed for F8LmpN1c-iw
2026-05-10 19:13:22,895 [INFO] [urls:F8LmpN1c-iw:93] Attempt 1/5
2026-05-10 19:13:22,895 [INFO] RUN urls:F8LmpN1c-iw:93: C:\Tools\yt-dlp\yt-dlp.exe -g -f 93 https://www.youtube.com/watch?v=F8LmpN1c-iw
2026-05-10 19:13:25,615 [WARNING] [urls:F8LmpN1c-iw:93] Failed (code 1).
2026-05-10 19:13:25,616 [INFO] [urls:F8LmpN1c-iw:93] Retrying in 5 seconds...
2026-05-10 19:13:30,616 [INFO] [urls:F8LmpN1c-iw:93] Attempt 2/5
2026-05-10 19:13:30,616 [INFO] RUN urls:F8LmpN1c-iw:93: C:\Tools\yt-dlp\yt-dlp.exe -g -f 93 https://www.youtube.com/watch?v=F8LmpN1c-iw
2026-05-10 19:13:33,203 [WARNING] [urls:F8LmpN1c-iw:93] Failed (code 1).
2026-05-10 19:13:33,203 [INFO] [urls:F8LmpN1c-iw:93] Retrying in 5 seconds...
2026-05-10 19:13:38,204 [INFO] [urls:F8LmpN1c-iw:93] Attempt 3/5
2026-05-10 19:13:38,204 [INFO] RUN urls:F8LmpN1c-iw:93: C:\Tools\yt-dlp\yt-dlp.exe -g -f 93 https://www.youtube.com/watch?v=F8LmpN1c-iw
2026-05-10 19:13:41,170 [WARNING] [urls:F8LmpN1c-iw:93] Failed (code 1).
2026-05-10 19:13:41,170 [INFO] [urls:F8LmpN1c-iw:93] Retrying in 5 seconds...
2026-05-10 19:13:46,171 [INFO] [urls:F8LmpN1c-iw:93] Attempt 4/5
2026-05-10 19:13:46,171 [INFO] RUN urls:F8LmpN1c-iw:93: C:\Tools\yt-dlp\yt-dlp.exe -g -f 93 https://www.youtube.com/watch?v=F8LmpN1c-iw
2026-05-10 19:13:49,106 [WARNING] [urls:F8LmpN1c-iw:93] Failed (code 1).
2026-05-10 19:13:49,107 [INFO] [urls:F8LmpN1c-iw:93] Retrying in 5 seconds...
2026-05-10 19:13:54,108 [INFO] [urls:F8LmpN1c-iw:93] Attempt 5/5
2026-05-10 19:13:54,108 [INFO] RUN urls:F8LmpN1c-iw:93: C:\Tools\yt-dlp\yt-dlp.exe -g -f 93 https://www.youtube.com/watch?v=F8LmpN1c-iw
2026-05-10 19:13:56,984 [WARNING] [urls:F8LmpN1c-iw:93] Failed (code 1).
2026-05-10 19:13:56,984 [ERROR] [urls:F8LmpN1c-iw:93] All 5 attempts failed.
2026-05-10 19:13:56,984 [WARNING] Format 93 failed for F8LmpN1c-iw
2026-05-10 19:13:56,984 [INFO] [urls:F8LmpN1c-iw:92] Attempt 1/5
2026-05-10 19:13:56,984 [INFO] RUN urls:F8LmpN1c-iw:92: C:\Tools\yt-dlp\yt-dlp.exe -g -f 92 https://www.youtube.com/watch?v=F8LmpN1c-iw
2026-05-10 19:13:59,512 [WARNING] [urls:F8LmpN1c-iw:92] Failed (code 1).
2026-05-10 19:13:59,512 [INFO] [urls:F8LmpN1c-iw:92] Retrying in 5 seconds...
2026-05-10 19:14:04,514 [INFO] [urls:F8LmpN1c-iw:92] Attempt 2/5
2026-05-10 19:14:04,514 [INFO] RUN urls:F8LmpN1c-iw:92: C:\Tools\yt-dlp\yt-dlp.exe -g -f 92 https://www.youtube.com/watch?v=F8LmpN1c-iw
2026-05-10 19:14:07,199 [WARNING] [urls:F8LmpN1c-iw:92] Failed (code 1).
2026-05-10 19:14:07,199 [INFO] [urls:F8LmpN1c-iw:92] Retrying in 5 seconds...
2026-05-10 19:14:12,200 [INFO] [urls:F8LmpN1c-iw:92] Attempt 3/5
2026-05-10 19:14:12,200 [INFO] RUN urls:F8LmpN1c-iw:92: C:\Tools\yt-dlp\yt-dlp.exe -g -f 92 https://www.youtube.com/watch?v=F8LmpN1c-iw
2026-05-10 19:14:14,922 [WARNING] [urls:F8LmpN1c-iw:92] Failed (code 1).
2026-05-10 19:14:14,922 [INFO] [urls:F8LmpN1c-iw:92] Retrying in 5 seconds...
2026-05-10 19:14:19,922 [INFO] [urls:F8LmpN1c-iw:92] Attempt 4/5
2026-05-10 19:14:19,922 [INFO] RUN urls:F8LmpN1c-iw:92: C:\Tools\yt-dlp\yt-dlp.exe -g -f 92 https://www.youtube.com/watch?v=F8LmpN1c-iw
2026-05-10 19:14:22,935 [WARNING] [urls:F8LmpN1c-iw:92] Failed (code 1).
2026-05-10 19:14:22,935 [INFO] [urls:F8LmpN1c-iw:92] Retrying in 5 seconds...
2026-05-10 19:14:27,936 [INFO] [urls:F8LmpN1c-iw:92] Attempt 5/5
2026-05-10 19:14:27,936 [INFO] RUN urls:F8LmpN1c-iw:92: C:\Tools\yt-dlp\yt-dlp.exe -g -f 92 https://www.youtube.com/watch?v=F8LmpN1c-iw
2026-05-10 19:14:30,557 [WARNING] [urls:F8LmpN1c-iw:92] Failed (code 1).
2026-05-10 19:14:30,557 [ERROR] [urls:F8LmpN1c-iw:92] All 5 attempts failed.
2026-05-10 19:14:30,557 [WARNING] Format 92 failed for F8LmpN1c-iw
2026-05-10 19:14:30,557 [INFO] [urls:F8LmpN1c-iw:91] Attempt 1/5
2026-05-10 19:14:30,558 [INFO] RUN urls:F8LmpN1c-iw:91: C:\Tools\yt-dlp\yt-dlp.exe -g -f 91 https://www.youtube.com/watch?v=F8LmpN1c-iw
2026-05-10 19:14:33,340 [WARNING] [urls:F8LmpN1c-iw:91] Failed (code 1).
2026-05-10 19:14:33,340 [INFO] [urls:F8LmpN1c-iw:91] Retrying in 5 seconds...
2026-05-10 19:14:38,341 [INFO] [urls:F8LmpN1c-iw:91] Attempt 2/5
2026-05-10 19:14:38,341 [INFO] RUN urls:F8LmpN1c-iw:91: C:\Tools\yt-dlp\yt-dlp.exe -g -f 91 https://www.youtube.com/watch?v=F8LmpN1c-iw
2026-05-10 19:14:41,350 [WARNING] [urls:F8LmpN1c-iw:91] Failed (code 1).
2026-05-10 19:14:41,350 [INFO] [urls:F8LmpN1c-iw:91] Retrying in 5 seconds...
2026-05-10 19:14:46,350 [INFO] [urls:F8LmpN1c-iw:91] Attempt 3/5
2026-05-10 19:14:46,350 [INFO] RUN urls:F8LmpN1c-iw:91: C:\Tools\yt-dlp\yt-dlp.exe -g -f 91 https://www.youtube.com/watch?v=F8LmpN1c-iw
2026-05-10 19:14:49,360 [WARNING] [urls:F8LmpN1c-iw:91] Failed (code 1).
2026-05-10 19:14:49,360 [INFO] [urls:F8LmpN1c-iw:91] Retrying in 5 seconds...
2026-05-10 19:14:54,361 [INFO] [urls:F8LmpN1c-iw:91] Attempt 4/5
2026-05-10 19:14:54,361 [INFO] RUN urls:F8LmpN1c-iw:91: C:\Tools\yt-dlp\yt-dlp.exe -g -f 91 https://www.youtube.com/watch?v=F8LmpN1c-iw
2026-05-10 19:14:57,115 [WARNING] [urls:F8LmpN1c-iw:91] Failed (code 1).
2026-05-10 19:14:57,115 [INFO] [urls:F8LmpN1c-iw:91] Retrying in 5 seconds...
2026-05-10 19:15:02,115 [INFO] [urls:F8LmpN1c-iw:91] Attempt 5/5
2026-05-10 19:15:02,115 [INFO] RUN urls:F8LmpN1c-iw:91: C:\Tools\yt-dlp\yt-dlp.exe -g -f 91 https://www.youtube.com/watch?v=F8LmpN1c-iw
2026-05-10 19:15:06,820 [WARNING] [urls:F8LmpN1c-iw:91] Failed (code 1).
2026-05-10 19:15:06,820 [ERROR] [urls:F8LmpN1c-iw:91] All 5 attempts failed.
2026-05-10 19:15:06,820 [WARNING] Format 91 failed for F8LmpN1c-iw
2026-05-10 19:15:06,820 [INFO] [urls:F8LmpN1c-iw:best] Attempt 1/5
2026-05-10 19:15:06,820 [INFO] RUN urls:F8LmpN1c-iw:best: C:\Tools\yt-dlp\yt-dlp.exe -g -f best https://www.youtube.com/watch?v=F8LmpN1c-iw
2026-05-10 19:15:09,710 [INFO] Got URLs for F8LmpN1c-iw with format best
2026-05-10 19:15:09,710 [INFO] Starting ffmpeg for F8LmpN1c-iw: ffmpeg -y -loglevel error -progress pipe:2 -i https://rr1---sn-uxanug5-2xgd.googlevideo.com/videoplayback?expire=1778433309&ei=vWgAaoagEbei4t4P_ejMkQw&ip=2001%3A8003%3A917a%3A5600%3A913b%3A46e9%3A69bb%3Ae25&id=o-AAUKZufWF63-dIlt3Np8kJtxs0H1WjjLocQ5aI8sYVl_&itag=18&source=youtube&requiressl=yes&xpc=EgVo2aDSNQ%3D%3D&cps=430&met=1778411709%2C&mh=3P&mm=31%2C29&mn=sn-uxanug5-2xgd%2Csn-2ohxaj-5x&ms=au%2Crdu&mv=m&mvi=1&pcm2cms=yes&pl=39&rms=au%2Cau&initcwndbps=2058750&bui=AbKmrwqdbCBiH3qn2pwzUB4bp6xuiX5OD4vI6xiEwZg0AeSsgZtwRs5BEQnMTebB4NIbXMfosVNIOOL9&spc=96Xrv74zPKwpjDwT182wzCNCcqdksw-YHEIWzWPonT0fm7m4oomx&vprv=1&svpuc=1&mime=video%2Fmp4&rqh=1&gir=yes&clen=128540782&ratebypass=yes&dur=1899.345&lmt=1778372320124681&mt=1778411085&fvip=5&fexp=51565115%2C51565682&c=ANDROID_VR&txp=4538534&sparams=expire%2Cei%2Cip%2Cid%2Citag%2Csource%2Crequiressl%2Cxpc%2Cbui%2Cspc%2Cvprv%2Csvpuc%2Cmime%2Crqh%2Cgir%2Cclen%2Cratebypass%2Cdur%2Clmt&sig=AHEqNM4wRgIhAPslA-Ks0f3gRfStx_mm7UlgQtiAQg2ae7aeSQ3uv6qUAiEA-kUKpR73HOakdxdC_gW3e6GC6FLoi8TYeT1tc_Qfwig%3D&lsparams=cps%2Cmet%2Cmh%2Cmm%2Cmn%2Cms%2Cmv%2Cmvi%2Cpcm2cms%2Cpl%2Crms%2Cinitcwndbps&lsig=APaTxxMwRQIgSZvsrakdh8mpyMDuIYqh_XDVMFOxV9JEUWifxOClpKkCIQDhvO1raEeT0GihZJMA9aWaUnqG0d8d8nxEfpDtW8x_2g%3D%3D -c copy F8LmpN1c-iw.mp4
2026-05-10 19:15:52,786 [INFO] ffmpeg finished for F8LmpN1c-iw with code 0
2026-05-10 19:15:52,786 [INFO] [ffprobe:F8LmpN1c-iw.mp4] Attempt 1/5
2026-05-10 19:15:52,786 [INFO] RUN ffprobe:F8LmpN1c-iw.mp4: ffprobe -v error -show_entries format=duration -of default=noprint_wrappers=1:nokey=1 F8LmpN1c-iw.mp4
2026-05-10 19:15:52,830 [INFO] Validation OK for F8LmpN1c-iw.mp4 (size=129557501, duration=1899.35)
2026-05-10 19:15:52,830 [INFO] Moving F8LmpN1c-iw.mp4 -> failboat\I programmed Miis to BRUTALLY FIGHT.mp4
2026-05-10 19:15:52,832 [INFO] Download complete for F8LmpN1c-iw
2026-05-10 19:15:52,834 [INFO] Channel failboat cooling down for 30.0 seconds
2026-05-10 19:16:22,833 [INFO] Processing video aRpwo2_P3zQ (If you are ANNOYING, you are BANNED) from channel failboat
2026-05-10 19:16:22,833 [INFO] Starting download for aRpwo2_P3zQ (If you are ANNOYING, you are BANNED)
2026-05-10 19:16:22,835 [INFO] Download attempt 1/5 for aRpwo2_P3zQ
2026-05-10 19:16:22,835 [INFO] [urls:aRpwo2_P3zQ:134+140] Attempt 1/5
2026-05-10 19:16:22,835 [INFO] RUN urls:aRpwo2_P3zQ:134+140: C:\Tools\yt-dlp\yt-dlp.exe -g -f 134+140 https://www.youtube.com/watch?v=aRpwo2_P3zQ
2026-05-10 19:16:25,882 [INFO] Got URLs for aRpwo2_P3zQ with format 134+140
2026-05-10 19:16:25,882 [INFO] Starting ffmpeg for aRpwo2_P3zQ: ffmpeg -y -loglevel error -progress pipe:2 -i https://rr3---sn-uxanug5-2xgd.googlevideo.com/videoplayback?expire=1778433385&ei=CWkAaqyYIsPzssUP-pCYkQk&ip=2001%3A8003%3A917a%3A5600%3A913b%3A46e9%3A69bb%3Ae25&id=o-AKWkeyjrTRPAkQvMvdEGIb9zsDX4QdoUQyE4Go3DzHbe&itag=134&source=youtube&requiressl=yes&xpc=EgVo2aDSNQ%3D%3D&cps=171&met=1778411785%2C&mh=zd&mm=31%2C29&mn=sn-uxanug5-2xgd%2Csn-ntq7yney&ms=au%2Crdu&mv=m&mvi=3&pl=39&rms=au%2Cau&initcwndbps=2046250&bui=AbKmrwotEusphbarsaCmojNpytmM3v2pIDBNm7zNQ_BsCiCK92hFtTYElPf806Sy6HaZCw0Bca-CYjNk&spc=96Xrv-sXraR1kOiKPNbdBimMWfG9X37xLNT12U9lfJCx&vprv=1&svpuc=1&mime=video%2Fmp4&rqh=1&gir=yes&clen=64292067&dur=1521.533&lmt=1778348998969277&mt=1778411325&fvip=4&keepalive=yes&fexp=51565115%2C51565682&c=ANDROID_VR&txp=4532534&sparams=expire%2Cei%2Cip%2Cid%2Citag%2Csource%2Crequiressl%2Cxpc%2Cbui%2Cspc%2Cvprv%2Csvpuc%2Cmime%2Crqh%2Cgir%2Cclen%2Cdur%2Clmt&sig=AHEqNM4wRAIgKCL89YEcSMQ9gWzCm3Pwq-Ph8bbEhGCJVDDjVJLsI1YCIB9rOXobhhhNjeNEBo60tWbMP8vmKDHURNZvI3yGcxuk&lsparams=cps%2Cmet%2Cmh%2Cmm%2Cmn%2Cms%2Cmv%2Cmvi%2Cpl%2Crms%2Cinitcwndbps&lsig=APaTxxMwRgIhAMB_fLjqScghgKC5OjxKj2m-_OIcKaLKjpVsY34AECSyAiEA3Wb_yslYHl-XtIyJpl-voAb6cXVciEn-21KOV0BFOtY%3D -i https://rr3---sn-uxanug5-2xgd.googlevideo.com/videoplayback?expire=1778433385&ei=CWkAaqyYIsPzssUP-pCYkQk&ip=2001%3A8003%3A917a%3A5600%3A913b%3A46e9%3A69bb%3Ae25&id=o-AKWkeyjrTRPAkQvMvdEGIb9zsDX4QdoUQyE4Go3DzHbe&itag=140&source=youtube&requiressl=yes&xpc=EgVo2aDSNQ%3D%3D&cps=171&met=1778411785%2C&mh=zd&mm=31%2C29&mn=sn-uxanug5-2xgd%2Csn-ntq7yney&ms=au%2Crdu&mv=m&mvi=3&pl=39&rms=au%2Cau&initcwndbps=2046250&bui=AbKmrwotEusphbarsaCmojNpytmM3v2pIDBNm7zNQ_BsCiCK92hFtTYElPf806Sy6HaZCw0Bca-CYjNk&spc=96Xrv-sXraR1kOiKPNbdBimMWfG9X37xLNT12U9lfJCx&vprv=1&svpuc=1&mime=audio%2Fmp4&rqh=1&gir=yes&clen=24625530&dur=1521.557&lmt=1778346659295657&mt=1778411325&fvip=4&keepalive=yes&fexp=51565115%2C51565682&c=ANDROID_VR&txp=4532534&sparams=expire%2Cei%2Cip%2Cid%2Citag%2Csource%2Crequiressl%2Cxpc%2Cbui%2Cspc%2Cvprv%2Csvpuc%2Cmime%2Crqh%2Cgir%2Cclen%2Cdur%2Clmt&sig=AHEqNM4wRAIgLDZSh1TuvaOCFql5FZXd57Tj0mxaZt0Sk0svJ-4JMXsCIFx_f-JESV8bibXeUjtWZeI7jGDtTlGbtkuphqns9v7H&lsparams=cps%2Cmet%2Cmh%2Cmm%2Cmn%2Cms%2Cmv%2Cmvi%2Cpl%2Crms%2Cinitcwndbps&lsig=APaTxxMwRgIhAMB_fLjqScghgKC5OjxKj2m-_OIcKaLKjpVsY34AECSyAiEA3Wb_yslYHl-XtIyJpl-voAb6cXVciEn-21KOV0BFOtY%3D -c copy aRpwo2_P3zQ.mp4
2026-05-10 19:30:17,157 [INFO] ffmpeg finished for aRpwo2_P3zQ with code 0
2026-05-10 19:30:17,157 [INFO] [ffprobe:aRpwo2_P3zQ.mp4] Attempt 1/5
2026-05-10 19:30:17,157 [INFO] RUN ffprobe:aRpwo2_P3zQ.mp4: ffprobe -v error -show_entries format=duration -of default=noprint_wrappers=1:nokey=1 aRpwo2_P3zQ.mp4
2026-05-10 19:30:17,201 [INFO] Validation OK for aRpwo2_P3zQ.mp4 (size=89630896, duration=1521.56)
2026-05-10 19:30:17,202 [INFO] Moving aRpwo2_P3zQ.mp4 -> failboat\If you are ANNOYING, you are BANNED.mp4
2026-05-10 19:30:17,204 [INFO] Download complete for aRpwo2_P3zQ
2026-05-10 19:30:17,205 [INFO] Processing video PpejN5lBKSQ (This Is What Happens When a Psychopath Is Unleashed on Piracy - Windrose) from channel LetsGameItOut
2026-05-10 19:30:17,205 [INFO] Starting download for PpejN5lBKSQ (This Is What Happens When a Psychopath Is Unleashed on Piracy - Windrose)
2026-05-10 19:30:17,207 [INFO] Download attempt 1/5 for PpejN5lBKSQ
2026-05-10 19:30:17,207 [INFO] [urls:PpejN5lBKSQ:134+140] Attempt 1/5
2026-05-10 19:30:17,207 [INFO] RUN urls:PpejN5lBKSQ:134+140: C:\Tools\yt-dlp\yt-dlp.exe -g -f 134+140 https://www.youtube.com/watch?v=PpejN5lBKSQ
2026-05-10 19:30:20,097 [INFO] Got URLs for PpejN5lBKSQ with format 134+140
2026-05-10 19:30:20,097 [INFO] Starting ffmpeg for PpejN5lBKSQ: ffmpeg -y -loglevel error -progress pipe:2 -i https://rr3---sn-uxanug5-2xgd.googlevideo.com/videoplayback?expire=1778434219&ei=S2wAat7HLMKaz7sPwpXywA8&ip=2001%3A8003%3A917a%3A5600%3A913b%3A46e9%3A69bb%3Ae25&id=o-ALc0XFCNKHt5Mwzgflx1UcgZbzsIOXW9eBrvZG3TKtRK&itag=134&source=youtube&requiressl=yes&xpc=EgVo2aDSNQ%3D%3D&cps=689&met=1778412619%2C&mh=K7&mm=31%2C29&mn=sn-uxanug5-2xgd%2Csn-hxa7zn7s&ms=au%2Crdu&mv=m&mvi=3&pl=39&rms=au%2Cau&initcwndbps=2061250&bui=AbKmrwqJqXa7B8_uZISDmBfKLM4deriMP6WQlhk_Y2I_LADX2ql8bYNDJ2lS_RHugzgyUWCoSSMI7VBu&spc=96XrvxoKLBqesju7CIiUlHTQEXVThKpGln_9entJTq7C&vprv=1&svpuc=1&mime=video%2Fmp4&rqh=1&gir=yes&clen=106929861&dur=1574.699&lmt=1777536028489467&mt=1778412047&fvip=3&keepalive=yes&fexp=51565116%2C51565682&c=ANDROID_VR&txp=3309224&sparams=expire%2Cei%2Cip%2Cid%2Citag%2Csource%2Crequiressl%2Cxpc%2Cbui%2Cspc%2Cvprv%2Csvpuc%2Cmime%2Crqh%2Cgir%2Cclen%2Cdur%2Clmt&sig=AHEqNM4wRAIgJgwRVZyZpUJDzeXnPJbvlZNY5C86gskX2hdJKLRjjmACIFZ7nV4dAYF_dvbCobqtpQO9WYy0x0FgjLXtrTul3hth&lsparams=cps%2Cmet%2Cmh%2Cmm%2Cmn%2Cms%2Cmv%2Cmvi%2Cpl%2Crms%2Cinitcwndbps&lsig=APaTxxMwRgIhAL7rpiFqo_RVYoZ9zeRiBAfbhedoSiixPaWK3DjOR5hHAiEAsQrY1OGDR4KU5nnUo4ObtR-KzFZSdZMWveYOFiDlQSI%3D -i https://rr3---sn-uxanug5-2xgd.googlevideo.com/videoplayback?expire=1778434219&ei=S2wAat7HLMKaz7sPwpXywA8&ip=2001%3A8003%3A917a%3A5600%3A913b%3A46e9%3A69bb%3Ae25&id=o-ALc0XFCNKHt5Mwzgflx1UcgZbzsIOXW9eBrvZG3TKtRK&itag=140&source=youtube&requiressl=yes&xpc=EgVo2aDSNQ%3D%3D&cps=689&met=1778412619%2C&mh=K7&mm=31%2C29&mn=sn-uxanug5-2xgd%2Csn-hxa7zn7s&ms=au%2Crdu&mv=m&mvi=3&pl=39&rms=au%2Cau&initcwndbps=2061250&bui=AbKmrwqJqXa7B8_uZISDmBfKLM4deriMP6WQlhk_Y2I_LADX2ql8bYNDJ2lS_RHugzgyUWCoSSMI7VBu&spc=96XrvxoKLBqesju7CIiUlHTQEXVThKpGln_9entJTq7C&vprv=1&svpuc=1&mime=audio%2Fmp4&rqh=1&gir=yes&clen=25487261&dur=1574.777&lmt=1777535954488985&mt=1778412047&fvip=3&keepalive=yes&fexp=51565116%2C51565682&c=ANDROID_VR&txp=3308224&sparams=expire%2Cei%2Cip%2Cid%2Citag%2Csource%2Crequiressl%2Cxpc%2Cbui%2Cspc%2Cvprv%2Csvpuc%2Cmime%2Crqh%2Cgir%2Cclen%2Cdur%2Clmt&sig=AHEqNM4wRgIhAKq3IYK4yAz17t5eI-2qqOrgn4zcPYws7eN-DWMI1mVAAiEAoC63YVgBc-qzf0zkvKF2z2c9veIS-7p9NEw65zsyR6A%3D&lsparams=cps%2Cmet%2Cmh%2Cmm%2Cmn%2Cms%2Cmv%2Cmvi%2Cpl%2Crms%2Cinitcwndbps&lsig=APaTxxMwRgIhAL7rpiFqo_RVYoZ9zeRiBAfbhedoSiixPaWK3DjOR5hHAiEAsQrY1OGDR4KU5nnUo4ObtR-KzFZSdZMWveYOFiDlQSI%3D -c copy PpejN5lBKSQ.mp4
2026-05-10 19:44:01,591 [INFO] ffmpeg finished for PpejN5lBKSQ with code 0
2026-05-10 19:44:01,591 [INFO] [ffprobe:PpejN5lBKSQ.mp4] Attempt 1/5
2026-05-10 19:44:01,592 [INFO] RUN ffprobe:PpejN5lBKSQ.mp4: ffprobe -v error -show_entries format=duration -of default=noprint_wrappers=1:nokey=1 PpejN5lBKSQ.mp4
2026-05-10 19:44:01,635 [INFO] Validation OK for PpejN5lBKSQ.mp4 (size=133072517, duration=1574.78)
2026-05-10 19:44:01,636 [INFO] Moving PpejN5lBKSQ.mp4 -> LetsGameItOut\This Is What Happens When a Psychopath Is Unleashed on Piracy - Windrose.mp4
2026-05-10 19:44:01,638 [INFO] Download complete for PpejN5lBKSQ
2026-05-10 19:44:01,639 [INFO] Skipping already downloaded video Uj5RnygvoKk (I Brainwashed an Entire Village to Win the Game For Me - Soulmask 1.0 - Shifting Sands DLC)
2026-05-10 19:44:01,639 [INFO] Processing video uM7DOotzcPs (I Tricked The Internet With Fake AI Videos) from channel dandingles
2026-05-10 19:44:01,639 [INFO] Starting download for uM7DOotzcPs (I Tricked The Internet With Fake AI Videos)
2026-05-10 19:44:01,640 [INFO] Download attempt 1/5 for uM7DOotzcPs
2026-05-10 19:44:01,640 [INFO] [urls:uM7DOotzcPs:134+140] Attempt 1/5
2026-05-10 19:44:01,641 [INFO] RUN urls:uM7DOotzcPs:134+140: C:\Tools\yt-dlp\yt-dlp.exe -g -f 134+140 https://www.youtube.com/watch?v=uM7DOotzcPs
2026-05-10 19:44:04,645 [INFO] Got URLs for uM7DOotzcPs with format 134+140
2026-05-10 19:44:04,645 [INFO] Starting ffmpeg for uM7DOotzcPs: ffmpeg -y -loglevel error -progress pipe:2 -i https://rr3---sn-uxanug5-2xg6.googlevideo.com/videoplayback?expire=1778435044&ei=hG8AaoCEEYix3LUPrr_Y0Qs&ip=2001%3A8003%3A917a%3A5600%3A913b%3A46e9%3A69bb%3Ae25&id=o-AJQlgeGMTGstYUteCNfoi6HBokWEcVbSo82YiAdeRZ2g&itag=134&source=youtube&requiressl=yes&xpc=EgVo2aDSNQ%3D%3D&cps=598&met=1778413444%2C&mh=Cz&mm=31%2C29&mn=sn-uxanug5-2xg6%2Csn-ntq7ynle&ms=au%2Crdu&mv=m&mvi=3&pl=39&rms=au%2Cau&initcwndbps=1952500&bui=AbKmrwppiWV1579meTaHwnDFyA36BugU10dpRrYCWt4PjJzWg3fBny2kQjZlNr72aCCnaORY7CEwZHCU&spc=96Xrv7sHXvJU3qZieVzw-HoEKK6IP2ZqkuKl8jrCvd_N&vprv=1&svpuc=1&mime=video%2Fmp4&rqh=1&gir=yes&clen=22807912&dur=1108.199&lmt=1778385672591274&mt=1778413008&fvip=3&keepalive=yes&fexp=51565115%2C51565681&c=ANDROID_VR&txp=5532534&sparams=expire%2Cei%2Cip%2Cid%2Citag%2Csource%2Crequiressl%2Cxpc%2Cbui%2Cspc%2Cvprv%2Csvpuc%2Cmime%2Crqh%2Cgir%2Cclen%2Cdur%2Clmt&sig=AHEqNM4wRgIhAIcZp64RyxiKlxM1FRnxpdeOTW-J70yJUI-j9vKp0ptDAiEAlq__Lez2Krgp4KVdMJnMs99A0_1dHKGWwaelYRyZ_0M%3D&lsparams=cps%2Cmet%2Cmh%2Cmm%2Cmn%2Cms%2Cmv%2Cmvi%2Cpl%2Crms%2Cinitcwndbps&lsig=APaTxxMwRAIgKFiOAm9uv83BLWQ79DgJGtqOTnmvuU5PZ-vNOei7DaUCIFCC3b6o_UMIlSDhxRhsa0YEwzY44KetsUcmIGGhXACU -i https://rr3---sn-uxanug5-2xg6.googlevideo.com/videoplayback?expire=1778435044&ei=hG8AaoCEEYix3LUPrr_Y0Qs&ip=2001%3A8003%3A917a%3A5600%3A913b%3A46e9%3A69bb%3Ae25&id=o-AJQlgeGMTGstYUteCNfoi6HBokWEcVbSo82YiAdeRZ2g&itag=140&source=youtube&requiressl=yes&xpc=EgVo2aDSNQ%3D%3D&cps=598&met=1778413444%2C&mh=Cz&mm=31%2C29&mn=sn-uxanug5-2xg6%2Csn-ntq7ynle&ms=au%2Crdu&mv=m&mvi=3&pl=39&rms=au%2Cau&initcwndbps=1952500&bui=AbKmrwppiWV1579meTaHwnDFyA36BugU10dpRrYCWt4PjJzWg3fBny2kQjZlNr72aCCnaORY7CEwZHCU&spc=96Xrv7sHXvJU3qZieVzw-HoEKK6IP2ZqkuKl8jrCvd_N&vprv=1&svpuc=1&xtags=acont%3Doriginal%3Alang%3Den-US&mime=audio%2Fmp4&rqh=1&gir=yes&clen=17936836&dur=1108.265&lmt=1778370085657633&mt=1778413008&fvip=3&keepalive=yes&fexp=51565115%2C51565681&c=ANDROID_VR&txp=4432534&sparams=expire%2Cei%2Cip%2Cid%2Citag%2Csource%2Crequiressl%2Cxpc%2Cbui%2Cspc%2Cvprv%2Csvpuc%2Cxtags%2Cmime%2Crqh%2Cgir%2Cclen%2Cdur%2Clmt&sig=AHEqNM4wRQIgUMMetBa1RdEelg7EZ8jov2JjMAmIvrGFuiDaBf19__cCIQDmfAmUVRqQQvbm3kPwdDCHBBwmZtnep5SDLs1f8diXyA%3D%3D&lsparams=cps%2Cmet%2Cmh%2Cmm%2Cmn%2Cms%2Cmv%2Cmvi%2Cpl%2Crms%2Cinitcwndbps&lsig=APaTxxMwRAIgKFiOAm9uv83BLWQ79DgJGtqOTnmvuU5PZ-vNOei7DaUCIFCC3b6o_UMIlSDhxRhsa0YEwzY44KetsUcmIGGhXACU -c copy uM7DOotzcPs.mp4
2026-05-10 19:54:18,313 [INFO] ffmpeg finished for uM7DOotzcPs with code 0
2026-05-10 19:54:18,314 [INFO] [ffprobe:uM7DOotzcPs.mp4] Attempt 1/5
2026-05-10 19:54:18,314 [INFO] RUN ffprobe:uM7DOotzcPs.mp4: ffprobe -v error -show_entries format=duration -of default=noprint_wrappers=1:nokey=1 uM7DOotzcPs.mp4
2026-05-10 19:54:18,354 [INFO] Validation OK for uM7DOotzcPs.mp4 (size=41267671, duration=1108.27)
2026-05-10 19:54:18,355 [INFO] Moving uM7DOotzcPs.mp4 -> dandingles\I Tricked The Internet With Fake AI Videos.mp4
2026-05-10 19:54:18,358 [INFO] Download complete for uM7DOotzcPs
2026-05-10 19:54:18,359 [INFO] Skipping already downloaded video 5hVUPuuo2QM (ABUSING ChatGPT Image 2.0)
2026-05-10 19:54:18,360 [INFO] Processing video eFDqZN49hBk (SOAP KILLER) from channel markiplier
2026-05-10 19:54:18,360 [INFO] Starting download for eFDqZN49hBk (SOAP KILLER)
2026-05-10 19:54:18,361 [INFO] Download attempt 1/5 for eFDqZN49hBk
2026-05-10 19:54:18,361 [INFO] [urls:eFDqZN49hBk:134+140] Attempt 1/5
2026-05-10 19:54:18,361 [INFO] RUN urls:eFDqZN49hBk:134+140: C:\Tools\yt-dlp\yt-dlp.exe -g -f 134+140 https://www.youtube.com/watch?v=eFDqZN49hBk
2026-05-10 19:54:21,234 [INFO] Got URLs for eFDqZN49hBk with format 134+140
2026-05-10 19:54:21,235 [INFO] Starting ffmpeg for eFDqZN49hBk: ffmpeg -y -loglevel error -progress pipe:2 -i https://rr3---sn-uxanug5-2xg6.googlevideo.com/videoplayback?expire=1778435661&ei=7HEAarLzOO3lssUP-JHq0AI&ip=2001%3A8003%3A917a%3A5600%3A913b%3A46e9%3A69bb%3Ae25&id=o-AJkYWAogCgGGpop0o_KKdNGFwDHal_geDqwT5p1mq8Ei&itag=134&source=youtube&requiressl=yes&xpc=EgVo2aDSNQ%3D%3D&cps=578&met=1778414060%2C&mh=A_&mm=18%2C29&mn=sn-uxanug5-2xg6%2Csn-2ohxaj-5x&ms=aub%2Crdu&mv=m&mvi=3&pl=39&rms=aub%2Caub&initcwndbps=2067500&bui=AbKmrwriDF7zKy7dWDQRJV3dZ2B4IygcbvEnvsfMpsWuw4ciLHTvjKuvcdTvF1LlBJnTKG9YSp5OBzlA&spc=96Xrvy2VKIXLQU17XnBh3LnoK-WDokdhFcqSfWpTVIcB&vprv=1&svpuc=1&mime=video%2Fmp4&rqh=1&gir=yes&clen=70490701&dur=1462.633&lmt=1777358699105540&mt=1778413695&fvip=1&keepalive=yes&fexp=51565116%2C51565682&c=ANDROID_VR&txp=3309224&sparams=expire%2Cei%2Cip%2Cid%2Citag%2Csource%2Crequiressl%2Cxpc%2Cbui%2Cspc%2Cvprv%2Csvpuc%2Cmime%2Crqh%2Cgir%2Cclen%2Cdur%2Clmt&sig=AHEqNM4wRQIgck_9lQBSNs72XWMqaZNZtO7CV7tMZHiI1Q0NlxyBPNQCIQC3g40ibBKTvKiy5ZY37mer1L1AKGYKy4NPswrX0E8Ygg%3D%3D&lsparams=cps%2Cmet%2Cmh%2Cmm%2Cmn%2Cms%2Cmv%2Cmvi%2Cpl%2Crms%2Cinitcwndbps&lsig=APaTxxMwRQIgLIObAMU-8hbIYVMbPDiPzg5T5dS48I0V5xMU8LmOifwCIQDpwBLVxdLV_P68wTElv-tZGS4YhxmSgtOZ83uNh0Yhag%3D%3D -i https://rr3---sn-uxanug5-2xg6.googlevideo.com/videoplayback?expire=1778435661&ei=7HEAarLzOO3lssUP-JHq0AI&ip=2001%3A8003%3A917a%3A5600%3A913b%3A46e9%3A69bb%3Ae25&id=o-AJkYWAogCgGGpop0o_KKdNGFwDHal_geDqwT5p1mq8Ei&itag=140&source=youtube&requiressl=yes&xpc=EgVo2aDSNQ%3D%3D&cps=578&met=1778414060%2C&mh=A_&mm=18%2C29&mn=sn-uxanug5-2xg6%2Csn-2ohxaj-5x&ms=aub%2Crdu&mv=m&mvi=3&pl=39&rms=aub%2Caub&initcwndbps=2067500&bui=AbKmrwriDF7zKy7dWDQRJV3dZ2B4IygcbvEnvsfMpsWuw4ciLHTvjKuvcdTvF1LlBJnTKG9YSp5OBzlA&spc=96Xrvy2VKIXLQU17XnBh3LnoK-WDokdhFcqSfWpTVIcB&vprv=1&svpuc=1&mime=audio%2Fmp4&rqh=1&gir=yes&clen=23672517&dur=1462.671&lmt=1777358623721919&mt=1778413695&fvip=1&keepalive=yes&fexp=51565116%2C51565682&c=ANDROID_VR&txp=3308224&sparams=expire%2Cei%2Cip%2Cid%2Citag%2Csource%2Crequiressl%2Cxpc%2Cbui%2Cspc%2Cvprv%2Csvpuc%2Cmime%2Crqh%2Cgir%2Cclen%2Cdur%2Clmt&sig=AHEqNM4wRQIhALhvnKyDdgUqTDj0Q46326CCMZPJjZySYO0gXHgVcicwAiA2l6hUEMiAH8wQemTrkvI7FX8heW_wnMbs4p0GM6EMVg%3D%3D&lsparams=cps%2Cmet%2Cmh%2Cmm%2Cmn%2Cms%2Cmv%2Cmvi%2Cpl%2Crms%2Cinitcwndbps&lsig=APaTxxMwRQIgLIObAMU-8hbIYVMbPDiPzg5T5dS48I0V5xMU8LmOifwCIQDpwBLVxdLV_P68wTElv-tZGS4YhxmSgtOZ83uNh0Yhag%3D%3D -c copy eFDqZN49hBk.mp4
2026-05-10 20:07:55,014 [INFO] ffmpeg finished for eFDqZN49hBk with code 0
2026-05-10 20:07:55,014 [INFO] [ffprobe:eFDqZN49hBk.mp4] Attempt 1/5
2026-05-10 20:07:55,015 [INFO] RUN ffprobe:eFDqZN49hBk.mp4: ffprobe -v error -show_entries format=duration -of default=noprint_wrappers=1:nokey=1 eFDqZN49hBk.mp4
2026-05-10 20:07:55,058 [INFO] Validation OK for eFDqZN49hBk.mp4 (size=94705425, duration=1462.67)
2026-05-10 20:07:55,059 [INFO] Moving eFDqZN49hBk.mp4 -> markiplier\SOAP KILLER.mp4
2026-05-10 20:07:55,061 [INFO] Download complete for eFDqZN49hBk
2026-05-10 20:07:55,062 [INFO] Channel markiplier cooling down for 30.0 seconds
2026-05-10 20:08:25,062 [INFO] Processing video FxhIJPemAQE (APRIL FOOLS UPDATE | White Knuckle - Part 6) from channel markiplier
2026-05-10 20:08:25,062 [INFO] Starting download for FxhIJPemAQE (APRIL FOOLS UPDATE | White Knuckle - Part 6)
2026-05-10 20:08:25,064 [INFO] Download attempt 1/5 for FxhIJPemAQE
2026-05-10 20:08:25,064 [INFO] [urls:FxhIJPemAQE:134+140] Attempt 1/5
2026-05-10 20:08:25,064 [INFO] RUN urls:FxhIJPemAQE:134+140: C:\Tools\yt-dlp\yt-dlp.exe -g -f 134+140 https://www.youtube.com/watch?v=FxhIJPemAQE
2026-05-10 20:08:27,971 [INFO] Got URLs for FxhIJPemAQE with format 134+140
2026-05-10 20:08:27,971 [INFO] Starting ffmpeg for FxhIJPemAQE: ffmpeg -y -loglevel error -progress pipe:2 -i https://rr4---sn-uxanug5-2xg6.googlevideo.com/videoplayback?expire=1778436507&ei=O3UAarbbJYCQssUPq9-CoAs&ip=2001%3A8003%3A917a%3A5600%3A913b%3A46e9%3A69bb%3Ae25&id=o-AHtzTEIIXCCB2jZhLBozwFETQqF_wqlxIxLX8yxQqtkG&itag=134&source=youtube&requiressl=yes&xpc=EgVo2aDSNQ%3D%3D&cps=348&met=1778414907%2C&mh=7X&mm=31%2C29&mn=sn-uxanug5-2xg6%2Csn-ntqe6nes&ms=au%2Crdu&mv=m&mvi=4&pl=39&rms=au%2Cau&initcwndbps=1986250&bui=AbKmrwrsannyml9U5QmfJ80Pvz8bwOfWbI8kaeUOOZ51dCvZ-x9MfUFZkrQvnQVSqHhXBzPnu7u4HCSv&spc=96Xrv916HwdcvJjLn9j3BleNFm51rPZ9aEjrB25JkvfC&vprv=1&svpuc=1&mime=video%2Fmp4&rqh=1&gir=yes&clen=111455963&dur=2599.833&lmt=1776794279881713&mt=1778414447&fvip=5&keepalive=yes&fexp=51565116%2C51565682&c=ANDROID_VR&txp=3309224&sparams=expire%2Cei%2Cip%2Cid%2Citag%2Csource%2Crequiressl%2Cxpc%2Cbui%2Cspc%2Cvprv%2Csvpuc%2Cmime%2Crqh%2Cgir%2Cclen%2Cdur%2Clmt&sig=AHEqNM4wRAIgHfq6uOYGuSDmDg--QPh_hBwnpCWrRU3G2qsXHqW-41sCIGSIL5t90KjHBSQsBusb_sp66q1P5LAT3iZr1ZaF8nlw&lsparams=cps%2Cmet%2Cmh%2Cmm%2Cmn%2Cms%2Cmv%2Cmvi%2Cpl%2Crms%2Cinitcwndbps&lsig=APaTxxMwRgIhAKNu1DPMwl-sDF9MxwsP9Tuty0p9u6avxQ-iQ5TrRgC3AiEAwKlxKokrtuubjxpTnFh2mJ8hu9nug4nO61ii9Viqb1U%3D -i https://rr4---sn-uxanug5-2xg6.googlevideo.com/videoplayback?expire=1778436507&ei=O3UAarbbJYCQssUPq9-CoAs&ip=2001%3A8003%3A917a%3A5600%3A913b%3A46e9%3A69bb%3Ae25&id=o-AHtzTEIIXCCB2jZhLBozwFETQqF_wqlxIxLX8yxQqtkG&itag=140&source=youtube&requiressl=yes&xpc=EgVo2aDSNQ%3D%3D&cps=348&met=1778414907%2C&mh=7X&mm=31%2C29&mn=sn-uxanug5-2xg6%2Csn-ntqe6nes&ms=au%2Crdu&mv=m&mvi=4&pl=39&rms=au%2Cau&initcwndbps=1986250&bui=AbKmrwrsannyml9U5QmfJ80Pvz8bwOfWbI8kaeUOOZ51dCvZ-x9MfUFZkrQvnQVSqHhXBzPnu7u4HCSv&spc=96Xrv916HwdcvJjLn9j3BleNFm51rPZ9aEjrB25JkvfC&vprv=1&svpuc=1&mime=audio%2Fmp4&rqh=1&gir=yes&clen=42076797&dur=2599.868&lmt=1776794235795873&mt=1778414447&fvip=5&keepalive=yes&fexp=51565116%2C51565682&c=ANDROID_VR&txp=3308224&sparams=expire%2Cei%2Cip%2Cid%2Citag%2Csource%2Crequiressl%2Cxpc%2Cbui%2Cspc%2Cvprv%2Csvpuc%2Cmime%2Crqh%2Cgir%2Cclen%2Cdur%2Clmt&sig=AHEqNM4wRgIhAOx2ZXp4T_6-zNPw8iGJxVBlmFMWSYbNnnB3dZHG43BGAiEA8iczNLpcqgke8_TJHR1TyzIcT5W5kEWYYXZ5jMRdo3U%3D&lsparams=cps%2Cmet%2Cmh%2Cmm%2Cmn%2Cms%2Cmv%2Cmvi%2Cpl%2Crms%2Cinitcwndbps&lsig=APaTxxMwRgIhAKNu1DPMwl-sDF9MxwsP9Tuty0p9u6avxQ-iQ5TrRgC3AiEAwKlxKokrtuubjxpTnFh2mJ8hu9nug4nO61ii9Viqb1U%3D -c copy FxhIJPemAQE.mp4
2026-05-10 20:32:42,876 [INFO] ffmpeg finished for FxhIJPemAQE with code 0
2026-05-10 20:32:42,876 [INFO] [ffprobe:FxhIJPemAQE.mp4] Attempt 1/5
2026-05-10 20:32:42,876 [INFO] RUN ffprobe:FxhIJPemAQE.mp4: ffprobe -v error -show_entries format=duration -of default=noprint_wrappers=1:nokey=1 FxhIJPemAQE.mp4
2026-05-10 20:32:42,928 [INFO] Validation OK for FxhIJPemAQE.mp4 (size=154493459, duration=2599.87)
2026-05-10 20:32:42,929 [INFO] Moving FxhIJPemAQE.mp4 -> markiplier\APRIL FOOLS UPDATE  White Knuckle - Part 6.mp4
2026-05-10 20:32:42,932 [INFO] Download complete for FxhIJPemAQE
2026-05-10 20:32:42,933 [INFO] Processing video DFjDxuuwLok (Pokemon Nuzlocke but If They Faint, The Game Changes) from channel Fir
2026-05-10 20:32:42,933 [INFO] Starting download for DFjDxuuwLok (Pokemon Nuzlocke but If They Faint, The Game Changes)
2026-05-10 20:32:42,935 [INFO] Download attempt 1/5 for DFjDxuuwLok
2026-05-10 20:32:42,935 [INFO] [urls:DFjDxuuwLok:134+140] Attempt 1/5
2026-05-10 20:32:42,935 [INFO] RUN urls:DFjDxuuwLok:134+140: C:\Tools\yt-dlp\yt-dlp.exe -g -f 134+140 https://www.youtube.com/watch?v=DFjDxuuwLok
2026-05-10 20:32:46,120 [INFO] Got URLs for DFjDxuuwLok with format 134+140
2026-05-10 20:32:46,120 [INFO] Starting ffmpeg for DFjDxuuwLok: ffmpeg -y -loglevel error -progress pipe:2 -i https://rr2---sn-uxanug5-2xgd.googlevideo.com/videoplayback?expire=1778437965&ei=7XoAar32NIv3ssUPpqWT6A4&ip=2001%3A8003%3A917a%3A5600%3A913b%3A46e9%3A69bb%3Ae25&id=o-AMeO1TZnS0Q99L8sBldqpHozy7y9EqdOoacDu7Pjo7cg&itag=134&source=youtube&requiressl=yes&xpc=EgVo2aDSNQ%3D%3D&cps=216&met=1778416365%2C&mh=0i&mm=31%2C29&mn=sn-uxanug5-2xgd%2Csn-ntqe6n76&ms=au%2Crdu&mv=m&mvi=2&pl=39&rms=au%2Cau&initcwndbps=2025000&bui=AbKmrwpkNqjK5sOonMiH6Ra6A9CAFB6MspI6mXCiAoRNU4V2CH1wUupBwyyBNMUDCd35Gu-cGp_r7X71&spc=96Xrv9Myd2Jm04WEQEdwyI7KcHbDXGH7JE6eQEI79qr0&vprv=1&svpuc=1&mime=video%2Fmp4&rqh=1&gir=yes&clen=87726670&dur=6097.266&lmt=1777883257657084&mt=1778415892&fvip=3&keepalive=yes&fexp=51565115%2C51565681&c=ANDROID_VR&txp=4535534&sparams=expire%2Cei%2Cip%2Cid%2Citag%2Csource%2Crequiressl%2Cxpc%2Cbui%2Cspc%2Cvprv%2Csvpuc%2Cmime%2Crqh%2Cgir%2Cclen%2Cdur%2Clmt&sig=AHEqNM4wRAIgbE_ZCzvCbUks85TeHWTSGH1yb_J7trTo2Wppri_4JasCIAelr7il0bqiyniBY7CmACDwhGY6H4EoO7hobx6THww6&lsparams=cps%2Cmet%2Cmh%2Cmm%2Cmn%2Cms%2Cmv%2Cmvi%2Cpl%2Crms%2Cinitcwndbps&lsig=APaTxxMwRQIhALOKDWKVCBRCxnCPXCeeQucMYLCDDG3ShB_1qqsPGVANAiA_pdi7r_HdtmgLg5BUrM7ypCMkzaqcEqgvarmkW3sAIA%3D%3D -i https://rr2---sn-uxanug5-2xgd.googlevideo.com/videoplayback?expire=1778437965&ei=7XoAar32NIv3ssUPpqWT6A4&ip=2001%3A8003%3A917a%3A5600%3A913b%3A46e9%3A69bb%3Ae25&id=o-AMeO1TZnS0Q99L8sBldqpHozy7y9EqdOoacDu7Pjo7cg&itag=140&source=youtube&requiressl=yes&xpc=EgVo2aDSNQ%3D%3D&cps=216&met=1778416365%2C&mh=0i&mm=31%2C29&mn=sn-uxanug5-2xgd%2Csn-ntqe6n76&ms=au%2Crdu&mv=m&mvi=2&pl=39&rms=au%2Cau&initcwndbps=2025000&bui=AbKmrwpkNqjK5sOonMiH6Ra6A9CAFB6MspI6mXCiAoRNU4V2CH1wUupBwyyBNMUDCd35Gu-cGp_r7X71&spc=96Xrv9Myd2Jm04WEQEdwyI7KcHbDXGH7JE6eQEI79qr0&vprv=1&svpuc=1&mime=audio%2Fmp4&rqh=1&gir=yes&clen=98679612&dur=6097.350&lmt=1777878645424204&mt=1778415892&fvip=3&keepalive=yes&fexp=51565115%2C51565681&c=ANDROID_VR&txp=4532534&sparams=expire%2Cei%2Cip%2Cid%2Citag%2Csource%2Crequiressl%2Cxpc%2Cbui%2Cspc%2Cvprv%2Csvpuc%2Cmime%2Crqh%2Cgir%2Cclen%2Cdur%2Clmt&sig=AHEqNM4wRAIgELVIIhrLgftyILLcHKW22yHr0aAjONK8GI6lzvP-mWcCIFh0df6B78nKXHqZ4amuMe8YgVPYhR4ac6AvJXJj1bCk&lsparams=cps%2Cmet%2Cmh%2Cmm%2Cmn%2Cms%2Cmv%2Cmvi%2Cpl%2Crms%2Cinitcwndbps&lsig=APaTxxMwRQIhALOKDWKVCBRCxnCPXCeeQucMYLCDDG3ShB_1qqsPGVANAiA_pdi7r_HdtmgLg5BUrM7ypCMkzaqcEqgvarmkW3sAIA%3D%3D -c copy DFjDxuuwLok.mp4
2026-05-10 21:30:07,517 [INFO] ffmpeg finished for DFjDxuuwLok with code 0
2026-05-10 21:30:07,518 [INFO] [ffprobe:DFjDxuuwLok.mp4] Attempt 1/5
2026-05-10 21:30:07,518 [INFO] RUN ffprobe:DFjDxuuwLok.mp4: ffprobe -v error -show_entries format=duration -of default=noprint_wrappers=1:nokey=1 DFjDxuuwLok.mp4
2026-05-10 21:30:07,587 [INFO] Validation OK for DFjDxuuwLok.mp4 (size=189292605, duration=6097.35)
2026-05-10 21:30:07,588 [INFO] Moving DFjDxuuwLok.mp4 -> Fir\Pokemon Nuzlocke but If They Faint, The Game Changes.mp4
2026-05-10 21:30:07,590 [INFO] Download complete for DFjDxuuwLok
2026-05-10 21:30:07,591 [INFO] Skipping already downloaded video eEtIMzhJeYo (They Added Over 60 Types to Pokemon)
2026-05-10 21:30:07,591 [INFO] Skipping already downloaded video uydvCGStqEo (Can My Viewers Count to 10 Before I Beat Zelda?)
2026-05-10 21:30:07,591 [INFO] Skipping already downloaded video GjeuMXoa-7Y (Pokemon, but it has more rules than other YouTubers)
2026-05-10 21:30:07,591 [INFO] Processing video KMSZ4pqxdBI (DougDoug Added SOCIAL CREDIT To Mario Maker) from channel DougDougHaters
2026-05-10 21:30:07,592 [INFO] Starting download for KMSZ4pqxdBI (DougDoug Added SOCIAL CREDIT To Mario Maker)
2026-05-10 21:30:07,593 [INFO] Download attempt 1/5 for KMSZ4pqxdBI
2026-05-10 21:30:07,593 [INFO] [urls:KMSZ4pqxdBI:134+140] Attempt 1/5
2026-05-10 21:30:07,593 [INFO] RUN urls:KMSZ4pqxdBI:134+140: C:\Tools\yt-dlp\yt-dlp.exe -g -f 134+140 https://www.youtube.com/watch?v=KMSZ4pqxdBI
2026-05-10 21:30:10,217 [INFO] Got URLs for KMSZ4pqxdBI with format 134+140
2026-05-10 21:30:10,217 [INFO] Starting ffmpeg for KMSZ4pqxdBI: ffmpeg -y -loglevel error -progress pipe:2 -i https://rr5---sn-uxanug5-2xg6.googlevideo.com/videoplayback?expire=1778441410&ei=YogAaqj6BrzCssUPpfyOqAI&ip=2001%3A8003%3A917a%3A5600%3A913b%3A46e9%3A69bb%3Ae25&id=o-AGorKsCE5ztNfkIw_zO6c_r3o4Ue4QMzEGpzwa7BBIvv&itag=134&source=youtube&requiressl=yes&xpc=EgVo2aDSNQ%3D%3D&cps=292&met=1778419810%2C&mh=7a&mm=31%2C29&mn=sn-uxanug5-2xg6%2Csn-hxa7zn7s&ms=au%2Crdu&mv=m&mvi=5&pl=39&rms=au%2Cau&initcwndbps=2095000&bui=AbKmrwofP1MzgJWVkFKbGBIvzidgVDEfe6w4ZVE7p4DaIfvj0y6JfWEh0itMWEtasSTWZGcVVHzs9ddt&spc=96Xrv6dbLZTZw4cX9oRMNFyfJyuM83aCB9AfVNtiEmkW&vprv=1&svpuc=1&mime=video%2Fmp4&rqh=1&gir=yes&clen=59930314&dur=1829.861&lmt=1778349645319715&mt=1778419250&fvip=3&keepalive=yes&fexp=51565116%2C51565682&c=ANDROID_VR&txp=4432534&sparams=expire%2Cei%2Cip%2Cid%2Citag%2Csource%2Crequiressl%2Cxpc%2Cbui%2Cspc%2Cvprv%2Csvpuc%2Cmime%2Crqh%2Cgir%2Cclen%2Cdur%2Clmt&sig=AHEqNM4wRgIhAPstj3lhju_b_qsAQjGmrjf2XgHY2D78J1FCNHUKUWfCAiEA515K3Vgmc87ztokwq_DoyTdYT2gZtzUw7y820l-cAa4%3D&lsparams=cps%2Cmet%2Cmh%2Cmm%2Cmn%2Cms%2Cmv%2Cmvi%2Cpl%2Crms%2Cinitcwndbps&lsig=APaTxxMwRgIhAPbpNlaBIJNH6rW8wNH1uaWR1jMouU9hKWKVF_0QTBiiAiEA3FqKkf9-MT9cB1ggkQA27XcDkC6K135paRi8idsqVlU%3D -i https://rr5---sn-uxanug5-2xg6.googlevideo.com/videoplayback?expire=1778441410&ei=YogAaqj6BrzCssUPpfyOqAI&ip=2001%3A8003%3A917a%3A5600%3A913b%3A46e9%3A69bb%3Ae25&id=o-AGorKsCE5ztNfkIw_zO6c_r3o4Ue4QMzEGpzwa7BBIvv&itag=140&source=youtube&requiressl=yes&xpc=EgVo2aDSNQ%3D%3D&cps=292&met=1778419810%2C&mh=7a&mm=31%2C29&mn=sn-uxanug5-2xg6%2Csn-hxa7zn7s&ms=au%2Crdu&mv=m&mvi=5&pl=39&rms=au%2Cau&initcwndbps=2095000&bui=AbKmrwofP1MzgJWVkFKbGBIvzidgVDEfe6w4ZVE7p4DaIfvj0y6JfWEh0itMWEtasSTWZGcVVHzs9ddt&spc=96Xrv6dbLZTZw4cX9oRMNFyfJyuM83aCB9AfVNtiEmkW&vprv=1&svpuc=1&mime=audio%2Fmp4&rqh=1&gir=yes&clen=29616168&dur=1829.918&lmt=1778349783663159&mt=1778419250&fvip=3&keepalive=yes&fexp=51565116%2C51565682&c=ANDROID_VR&txp=4432534&sparams=expire%2Cei%2Cip%2Cid%2Citag%2Csource%2Crequiressl%2Cxpc%2Cbui%2Cspc%2Cvprv%2Csvpuc%2Cmime%2Crqh%2Cgir%2Cclen%2Cdur%2Clmt&sig=AHEqNM4wRQIgEmczmpTQvGOWWUt57irbikyRSgdVcBHwGeB6lp3FWf4CIQDcc34YsKPCztTaeJ4VvcPxHQWNkHJrg2e_hM7T0zVMYw%3D%3D&lsparams=cps%2Cmet%2Cmh%2Cmm%2Cmn%2Cms%2Cmv%2Cmvi%2Cpl%2Crms%2Cinitcwndbps&lsig=APaTxxMwRgIhAPbpNlaBIJNH6rW8wNH1uaWR1jMouU9hKWKVF_0QTBiiAiEA3FqKkf9-MT9cB1ggkQA27XcDkC6K135paRi8idsqVlU%3D -c copy KMSZ4pqxdBI.mp4
2026-05-10 21:34:13,409 [WARNING] Ctrl+C detected — graceful shutdown requested.
2026-05-10 21:34:13,411 [WARNING] Terminated ffmpeg for KMSZ4pqxdBI due to Ctrl+C.
2026-05-10 21:34:13,411 [ERROR] ffmpeg failed for KMSZ4pqxdBI on attempt 1
2026-05-10 21:34:13,411 [WARNING] Moving corrupted file KMSZ4pqxdBI.mp4 -> corrupted\KMSZ4pqxdBI.mp4
2026-05-10 21:34:18,412 [WARNING] Interrupted during download of KMSZ4pqxdBI — aborting safely.
2026-05-10 21:34:18,414 [INFO] Graceful exit requested before next video.
2026-05-10 21:34:18,414 [INFO] === EXIT ===
2026-05-19 19:39:47,331 [INFO] === START ===
2026-05-19 19:39:48,501 [INFO] yt-dlp.exe verified OK (size=18408128 bytes)
2026-05-19 19:39:48,510 [INFO] Found leftover file C:\YT\X3M-_xdfCaA.mp4 (id=X3M-_xdfCaA), validating...
2026-05-19 19:39:48,510 [INFO] [ffprobe:X3M-_xdfCaA.mp4] Attempt 1/5
2026-05-19 19:39:48,511 [INFO] RUN ffprobe:X3M-_xdfCaA.mp4: ffprobe -v error -show_entries format=duration -of default=noprint_wrappers=1:nokey=1 C:\YT\X3M-_xdfCaA.mp4
2026-05-19 19:39:48,947 [INFO] Validation OK for C:\YT\X3M-_xdfCaA.mp4 (size=2795282, duration=95.27)
2026-05-19 19:39:48,947 [INFO] Leftover file C:\YT\X3M-_xdfCaA.mp4 seems valid but unknown; leaving in place.
2026-05-19 19:39:48,947 [INFO] Clearing in_progress (KMSZ4pqxdBI) because temp file missing.
2026-05-19 19:39:48,949 [INFO] [playlist:https://www.youtube.com/@SMii7Yplus] Attempt 1/5
2026-05-19 19:39:48,949 [INFO] RUN playlist:https://www.youtube.com/@SMii7Yplus: C:\Tools\yt-dlp\yt-dlp.exe --dump-json --flat-playlist --extractor-args youtube:skip=dash https://www.youtube.com/@SMii7Yplus/videos
2026-05-19 19:39:59,357 [INFO] Channel https://www.youtube.com/@SMii7Yplus -> 2 videos
2026-05-19 19:39:59,357 [INFO] [playlist:https://www.youtube.com/@SMii7Y] Attempt 1/5
2026-05-19 19:39:59,357 [INFO] RUN playlist:https://www.youtube.com/@SMii7Y: C:\Tools\yt-dlp\yt-dlp.exe --dump-json --flat-playlist --extractor-args youtube:skip=dash https://www.youtube.com/@SMii7Y/videos
2026-05-19 19:40:25,384 [INFO] Channel https://www.youtube.com/@SMii7Y -> 2 videos
2026-05-19 19:40:25,385 [INFO] [playlist:https://www.youtube.com/@dougdougdoug] Attempt 1/5
2026-05-19 19:40:25,385 [INFO] RUN playlist:https://www.youtube.com/@dougdougdoug: C:\Tools\yt-dlp\yt-dlp.exe --dump-json --flat-playlist --extractor-args youtube:skip=dash https://www.youtube.com/@dougdougdoug/videos
2026-05-19 19:40:28,792 [INFO] Channel https://www.youtube.com/@dougdougdoug -> 2 videos
2026-05-19 19:40:28,792 [INFO] [playlist:https://www.youtube.com/@failboat] Attempt 1/5
2026-05-19 19:40:28,792 [INFO] RUN playlist:https://www.youtube.com/@failboat: C:\Tools\yt-dlp\yt-dlp.exe --dump-json --flat-playlist --extractor-args youtube:skip=dash https://www.youtube.com/@failboat/videos
2026-05-19 19:40:57,408 [INFO] Channel https://www.youtube.com/@failboat -> 2 videos
2026-05-19 19:40:57,408 [INFO] [playlist:https://www.youtube.com/@LetsGameItOut] Attempt 1/5
2026-05-19 19:40:57,408 [INFO] RUN playlist:https://www.youtube.com/@LetsGameItOut: C:\Tools\yt-dlp\yt-dlp.exe --dump-json --flat-playlist --extractor-args youtube:skip=dash https://www.youtube.com/@LetsGameItOut/videos
2026-05-19 19:41:10,369 [INFO] Channel https://www.youtube.com/@LetsGameItOut -> 2 videos
2026-05-19 19:41:10,369 [INFO] [playlist:https://www.youtube.com/@dandingles] Attempt 1/5
2026-05-19 19:41:10,370 [INFO] RUN playlist:https://www.youtube.com/@dandingles: C:\Tools\yt-dlp\yt-dlp.exe --dump-json --flat-playlist --extractor-args youtube:skip=dash https://www.youtube.com/@dandingles/videos
2026-05-19 19:41:13,427 [INFO] Channel https://www.youtube.com/@dandingles -> 2 videos
2026-05-19 19:41:13,427 [INFO] [playlist:https://www.youtube.com/@markiplier] Attempt 1/5
2026-05-19 19:41:13,428 [INFO] RUN playlist:https://www.youtube.com/@markiplier: C:\Tools\yt-dlp\yt-dlp.exe --dump-json --flat-playlist --extractor-args youtube:skip=dash https://www.youtube.com/@markiplier/videos
2026-05-19 19:42:43,309 [INFO] Channel https://www.youtube.com/@markiplier -> 2 videos
2026-05-19 19:42:43,309 [INFO] [playlist:https://www.youtube.com/@Fir] Attempt 1/5
2026-05-19 19:42:43,309 [INFO] RUN playlist:https://www.youtube.com/@Fir: C:\Tools\yt-dlp\yt-dlp.exe --dump-json --flat-playlist --extractor-args youtube:skip=dash https://www.youtube.com/@Fir/videos
2026-05-19 19:42:48,032 [INFO] Channel https://www.youtube.com/@Fir -> 2 videos
2026-05-19 19:42:48,032 [INFO] [playlist:https://www.youtube.com/@PointCrow] Attempt 1/5
2026-05-19 19:42:48,032 [INFO] RUN playlist:https://www.youtube.com/@PointCrow: C:\Tools\yt-dlp\yt-dlp.exe --dump-json --flat-playlist --extractor-args youtube:skip=dash https://www.youtube.com/@PointCrow/videos
2026-05-19 19:42:53,778 [INFO] Channel https://www.youtube.com/@PointCrow -> 2 videos
2026-05-19 19:42:53,778 [INFO] [playlist:https://www.youtube.com/@DougDougHaters] Attempt 1/5
2026-05-19 19:42:53,778 [INFO] RUN playlist:https://www.youtube.com/@DougDougHaters: C:\Tools\yt-dlp\yt-dlp.exe --dump-json --flat-playlist --extractor-args youtube:skip=dash https://www.youtube.com/@DougDougHaters/videos
2026-05-19 19:42:57,862 [INFO] Channel https://www.youtube.com/@DougDougHaters -> 2 videos
2026-05-19 19:42:57,864 [INFO] [playlist:https://www.youtube.com/@ElectroBOOM] Attempt 1/5
2026-05-19 19:42:57,864 [INFO] RUN playlist:https://www.youtube.com/@ElectroBOOM: C:\Tools\yt-dlp\yt-dlp.exe --dump-json --flat-playlist --extractor-args youtube:skip=dash https://www.youtube.com/@ElectroBOOM/videos
2026-05-19 19:43:04,526 [INFO] Channel https://www.youtube.com/@ElectroBOOM -> 2 videos
2026-05-19 19:43:04,526 [INFO] [playlist:https://www.youtube.com/@CrowPointExists] Attempt 1/5
2026-05-19 19:43:04,526 [INFO] RUN playlist:https://www.youtube.com/@CrowPointExists: C:\Tools\yt-dlp\yt-dlp.exe --dump-json --flat-playlist --extractor-args youtube:skip=dash https://www.youtube.com/@CrowPointExists/videos
2026-05-19 19:43:16,279 [INFO] Channel https://www.youtube.com/@CrowPointExists -> 2 videos
2026-05-19 19:43:16,279 [INFO] Queue size: 24
2026-05-19 19:43:16,279 [INFO] Processing video GGGILke4f-k (We Played The New Lethal Company Update) from channel SMii7Yplus
2026-05-19 19:43:16,280 [INFO] Starting download for GGGILke4f-k (We Played The New Lethal Company Update)
2026-05-19 19:43:16,281 [INFO] Download attempt 1/5 for GGGILke4f-k
2026-05-19 19:43:16,282 [INFO] [urls:GGGILke4f-k:134+140] Attempt 1/5
2026-05-19 19:43:16,282 [INFO] RUN urls:GGGILke4f-k:134+140: C:\Tools\yt-dlp\yt-dlp.exe -g -f 134+140 https://www.youtube.com/watch?v=GGGILke4f-k
2026-05-19 19:43:19,662 [INFO] Got URLs for GGGILke4f-k with format 134+140
2026-05-19 19:43:19,662 [INFO] Starting ffmpeg for GGGILke4f-k: ffmpeg -y -loglevel error -progress pipe:2 -i https://rr1---sn-uxanug5-2xgd.googlevideo.com/videoplayback?expire=1779212601&ei=2UwMavC6EufrssUPqIycuQs&ip=1.159.129.238&id=o-AE4z2l5ciOEJM_GlgNruaKtw0N1pIj-v_rHH_b3M7339&itag=134&source=youtube&requiressl=yes&xpc=EgVo2aDSNQ%3D%3D&cps=477&met=1779191001%2C&mh=vT&mm=31%2C29&mn=sn-uxanug5-2xgd%2Csn-2ohxaj-5x&ms=au%2Crdu&mv=m&mvi=1&pl=17&rms=au%2Cau&initcwndbps=1963750&bui=AbKmrwq0_LWHaKw-WEXSC-bg1LSlaANk6CCYbwC2zrwIghl-cuzulzkDPELf-4JYS8hx5UUbHAQ5arLJ&spc=96Xrvzlc43TADzR2s3f1rQaU8HQI9C0HUBakue5l8DL6&vprv=1&svpuc=1&mime=video%2Fmp4&rqh=1&gir=yes&clen=108487696&dur=2289.733&lmt=1778706486677555&mt=1779190631&fvip=5&keepalive=yes&fexp=51565116%2C51565682&c=ANDROID_VR&txp=3309224&sparams=expire%2Cei%2Cip%2Cid%2Citag%2Csource%2Crequiressl%2Cxpc%2Cbui%2Cspc%2Cvprv%2Csvpuc%2Cmime%2Crqh%2Cgir%2Cclen%2Cdur%2Clmt&sig=AHEqNM4wRgIhANddr71vfWXDdK4lhcOc299EoChgc1XuN_cQuQcXyIX2AiEA3vLCyJK19MA9_ONwF1iz_qbXlMN9gPFHRGb98RrqTbs%3D&lsparams=cps%2Cmet%2Cmh%2Cmm%2Cmn%2Cms%2Cmv%2Cmvi%2Cpl%2Crms%2Cinitcwndbps&lsig=APaTxxMwRQIhALa_0vKfXny2De3nqbdjIMMxc1SrSJEBP5HFlbCcEq4HAiBnW8CO69RI2xdxXb6cpsKmd2fF7uQnvcyzJWAoNXXm0g%3D%3D -i https://rr1---sn-uxanug5-2xgd.googlevideo.com/videoplayback?expire=1779212601&ei=2UwMavC6EufrssUPqIycuQs&ip=1.159.129.238&id=o-AE4z2l5ciOEJM_GlgNruaKtw0N1pIj-v_rHH_b3M7339&itag=140&source=youtube&requiressl=yes&xpc=EgVo2aDSNQ%3D%3D&cps=477&met=1779191001%2C&mh=vT&mm=31%2C29&mn=sn-uxanug5-2xgd%2Csn-2ohxaj-5x&ms=au%2Crdu&mv=m&mvi=1&pl=17&rms=au%2Cau&initcwndbps=1963750&bui=AbKmrwq0_LWHaKw-WEXSC-bg1LSlaANk6CCYbwC2zrwIghl-cuzulzkDPELf-4JYS8hx5UUbHAQ5arLJ&spc=96Xrvzlc43TADzR2s3f1rQaU8HQI9C0HUBakue5l8DL6&vprv=1&svpuc=1&mime=audio%2Fmp4&rqh=1&gir=yes&clen=37058255&dur=2289.766&lmt=1778706485056580&mt=1779190631&fvip=5&keepalive=yes&fexp=51565116%2C51565682&c=ANDROID_VR&txp=3308224&sparams=expire%2Cei%2Cip%2Cid%2Citag%2Csource%2Crequiressl%2Cxpc%2Cbui%2Cspc%2Cvprv%2Csvpuc%2Cmime%2Crqh%2Cgir%2Cclen%2Cdur%2Clmt&sig=AHEqNM4wRQIhAPjv3fVmCWjerFwnNhfbiV_R3oBJ_dwqDFO3DGewwovgAiByG9xKJ3az1Go97_zNcoYQmZR02NmN0GW8tfMMIPh5ww%3D%3D&lsparams=cps%2Cmet%2Cmh%2Cmm%2Cmn%2Cms%2Cmv%2Cmvi%2Cpl%2Crms%2Cinitcwndbps&lsig=APaTxxMwRQIhALa_0vKfXny2De3nqbdjIMMxc1SrSJEBP5HFlbCcEq4HAiBnW8CO69RI2xdxXb6cpsKmd2fF7uQnvcyzJWAoNXXm0g%3D%3D -c copy GGGILke4f-k.mp4
2026-05-19 20:06:21,072 [INFO] ffmpeg finished for GGGILke4f-k with code 0
2026-05-19 20:06:21,074 [INFO] [ffprobe:GGGILke4f-k.mp4] Attempt 1/5
2026-05-19 20:06:21,074 [INFO] RUN ffprobe:GGGILke4f-k.mp4: ffprobe -v error -show_entries format=duration -of default=noprint_wrappers=1:nokey=1 GGGILke4f-k.mp4
2026-05-19 20:06:21,120 [INFO] Validation OK for GGGILke4f-k.mp4 (size=146362898, duration=2289.77)
2026-05-19 20:06:21,121 [INFO] Moving GGGILke4f-k.mp4 -> SMii7Yplus\We Played The New Lethal Company Update.mp4
2026-05-19 20:06:21,123 [INFO] Download complete for GGGILke4f-k
2026-05-19 20:06:21,124 [INFO] Skipping already downloaded video l5ZTFlhvy4E (This Game Got Even More Terrifying)
2026-05-19 20:06:21,125 [INFO] Processing video v4Xfw1HT6ME (Teardown Added Multiplayer...) from channel SMii7Y
2026-05-19 20:06:21,125 [INFO] Starting download for v4Xfw1HT6ME (Teardown Added Multiplayer...)
2026-05-19 20:06:21,126 [INFO] Download attempt 1/5 for v4Xfw1HT6ME
2026-05-19 20:06:21,126 [INFO] [urls:v4Xfw1HT6ME:134+140] Attempt 1/5
2026-05-19 20:06:21,127 [INFO] RUN urls:v4Xfw1HT6ME:134+140: C:\Tools\yt-dlp\yt-dlp.exe -g -f 134+140 https://www.youtube.com/watch?v=v4Xfw1HT6ME
2026-05-19 20:06:25,281 [INFO] Got URLs for v4Xfw1HT6ME with format 134+140
2026-05-19 20:06:25,281 [INFO] Starting ffmpeg for v4Xfw1HT6ME: ffmpeg -y -loglevel error -progress pipe:2 -i https://rr5---sn-uxanug5-2xg6.googlevideo.com/videoplayback?expire=1779213986&ei=QlIMapHJNqmu9fwP49bYmAk&ip=1.159.129.238&id=o-ACS8AcbdD_Jw1NfLfz5s1v9TFT1TMR3d52T-RpIffiSZ&itag=134&source=youtube&requiressl=yes&xpc=EgVo2aDSNQ%3D%3D&cps=823&met=1779192386%2C&mh=Rp&mm=31%2C29&mn=sn-uxanug5-2xg6%2Csn-2ohxaj-5x&ms=au%2Crdu&mv=m&mvi=5&pcm2cms=yes&pl=17&rms=au%2Cau&initcwndbps=1895000&bui=AbKmrwolbEWdduuuCS1MwEcfyHkZWBSqnp2YyLXEvtDJlDJKMPaNR5diK1D8ag6YOrnd9-5G0Cs4fYwD&spc=96Xrv69r8IfTCcym3gQN7n19xFN4nwyYpN8ijPM0hBeO&vprv=1&svpuc=1&mime=video%2Fmp4&rqh=1&gir=yes&clen=45493389&dur=1290.966&lmt=1779068679539072&mt=1779191834&fvip=5&keepalive=yes&fexp=51565115%2C51565681&c=ANDROID_VR&txp=4532534&sparams=expire%2Cei%2Cip%2Cid%2Citag%2Csource%2Crequiressl%2Cxpc%2Cbui%2Cspc%2Cvprv%2Csvpuc%2Cmime%2Crqh%2Cgir%2Cclen%2Cdur%2Clmt&sig=AHEqNM4wRgIhALOSsbKQ66wbN8xcjNeGf8rJ9WP6oxg1krKzb7wzbwiqAiEA53kp91CPkY5omdynX47OLCrnE8e1gKktC_lUbMd6Z2w%3D&lsparams=cps%2Cmet%2Cmh%2Cmm%2Cmn%2Cms%2Cmv%2Cmvi%2Cpcm2cms%2Cpl%2Crms%2Cinitcwndbps&lsig=APaTxxMwRAIhAKDN6WjS0uOuxWYlOA_HQQNMZu4TFl9GdQP-8NWJCxZ0Ah99WHm7pIhTCXUi0izB4iTkEY9RVBGoLeJAH_e3SfK_ -i https://rr5---sn-uxanug5-2xg6.googlevideo.com/videoplayback?expire=1779213986&ei=QlIMapHJNqmu9fwP49bYmAk&ip=1.159.129.238&id=o-ACS8AcbdD_Jw1NfLfz5s1v9TFT1TMR3d52T-RpIffiSZ&itag=140&source=youtube&requiressl=yes&xpc=EgVo2aDSNQ%3D%3D&cps=823&met=1779192386%2C&mh=Rp&mm=31%2C29&mn=sn-uxanug5-2xg6%2Csn-2ohxaj-5x&ms=au%2Crdu&mv=m&mvi=5&pcm2cms=yes&pl=17&rms=au%2Cau&initcwndbps=1895000&bui=AbKmrwolbEWdduuuCS1MwEcfyHkZWBSqnp2YyLXEvtDJlDJKMPaNR5diK1D8ag6YOrnd9-5G0Cs4fYwD&spc=96Xrv69r8IfTCcym3gQN7n19xFN4nwyYpN8ijPM0hBeO&vprv=1&svpuc=1&mime=audio%2Fmp4&rqh=1&gir=yes&clen=20895213&dur=1291.052&lmt=1779068078732283&mt=1779191834&fvip=5&keepalive=yes&fexp=51565115%2C51565681&c=ANDROID_VR&txp=4532534&sparams=expire%2Cei%2Cip%2Cid%2Citag%2Csource%2Crequiressl%2Cxpc%2Cbui%2Cspc%2Cvprv%2Csvpuc%2Cmime%2Crqh%2Cgir%2Cclen%2Cdur%2Clmt&sig=AHEqNM4wRQIgLJuDaMEacxQOuzr5Fpm_RTJWi2R9pfwKlTsTC7nHXFcCIQCINNDwPZkaaJc4I_v95m6EBMP1cA4PZdsQBOnKhekyTw%3D%3D&lsparams=cps%2Cmet%2Cmh%2Cmm%2Cmn%2Cms%2Cmv%2Cmvi%2Cpcm2cms%2Cpl%2Crms%2Cinitcwndbps&lsig=APaTxxMwRAIhAKDN6WjS0uOuxWYlOA_HQQNMZu4TFl9GdQP-8NWJCxZ0Ah99WHm7pIhTCXUi0izB4iTkEY9RVBGoLeJAH_e3SfK_ -c copy v4Xfw1HT6ME.mp4
2026-05-19 20:18:22,179 [INFO] ffmpeg finished for v4Xfw1HT6ME with code 0
2026-05-19 20:18:22,179 [INFO] [ffprobe:v4Xfw1HT6ME.mp4] Attempt 1/5
2026-05-19 20:18:22,180 [INFO] RUN ffprobe:v4Xfw1HT6ME.mp4: ffprobe -v error -show_entries format=duration -of default=noprint_wrappers=1:nokey=1 v4Xfw1HT6ME.mp4
2026-05-19 20:18:22,220 [INFO] Validation OK for v4Xfw1HT6ME.mp4 (size=66291108, duration=1290.97)
2026-05-19 20:18:22,220 [INFO] Moving v4Xfw1HT6ME.mp4 -> SMii7Y\Teardown Added Multiplayer.mp4
2026-05-19 20:18:22,222 [INFO] Download complete for v4Xfw1HT6ME
2026-05-19 20:18:22,225 [INFO] Channel SMii7Y cooling down for 30.0 seconds
2026-05-19 20:18:52,223 [INFO] Processing video 8NCaEveCxJ8 (Our Airport Security Still Sucks...) from channel SMii7Y
2026-05-19 20:18:52,223 [INFO] Starting download for 8NCaEveCxJ8 (Our Airport Security Still Sucks...)
2026-05-19 20:18:52,224 [INFO] Download attempt 1/5 for 8NCaEveCxJ8
2026-05-19 20:18:52,224 [INFO] [urls:8NCaEveCxJ8:134+140] Attempt 1/5
2026-05-19 20:18:52,225 [INFO] RUN urls:8NCaEveCxJ8:134+140: C:\Tools\yt-dlp\yt-dlp.exe -g -f 134+140 https://www.youtube.com/watch?v=8NCaEveCxJ8
2026-05-19 20:18:55,380 [INFO] Got URLs for 8NCaEveCxJ8 with format 134+140
2026-05-19 20:18:55,380 [INFO] Starting ffmpeg for 8NCaEveCxJ8: ffmpeg -y -loglevel error -progress pipe:2 -i https://rr2---sn-uxanug5-2xgd.googlevideo.com/videoplayback?expire=1779214737&ei=MVUMat-yC63K1_oPx5DmyQg&ip=1.159.129.238&id=o-AJDkXb2oMfH-Q4v9G7z_VRvmNdF9iQjcQg8H1P2oKxPq&itag=134&source=youtube&requiressl=yes&xpc=EgVo2aDSNQ%3D%3D&cps=398&met=1779193137%2C&mh=Pu&mm=31%2C29&mn=sn-uxanug5-2xgd%2Csn-ntq7yned&ms=au%2Crdu&mv=m&mvi=2&pl=17&rms=au%2Cau&initcwndbps=1831250&bui=AbKmrwpefdnCdkVWfh9TWe-xZcwKc3-PGbew6lRqWIrk9jLZqLdbdfX8d1uyluxxfNOOqi9FwrDWI_Qy&spc=96Xrv4jb44k2LA-zXfvgKS8TvuwLMxpZkqK1_UT7UpRB&vprv=1&svpuc=1&mime=video%2Fmp4&rqh=1&gir=yes&clen=132336718&dur=2192.033&lmt=1778462576976300&mt=1779192801&fvip=3&keepalive=yes&fexp=51565116%2C51565682&c=ANDROID_VR&txp=3309224&sparams=expire%2Cei%2Cip%2Cid%2Citag%2Csource%2Crequiressl%2Cxpc%2Cbui%2Cspc%2Cvprv%2Csvpuc%2Cmime%2Crqh%2Cgir%2Cclen%2Cdur%2Clmt&sig=AHEqNM4wRQIgA-zJCPpEP_gBwq1QfAyV2zs1ydOcsGQR3IaAQlYXqCMCIQCb_zVw1aSlzzLfBRtWUzzq3VhZys73j6KGLpBux2A_nw%3D%3D&lsparams=cps%2Cmet%2Cmh%2Cmm%2Cmn%2Cms%2Cmv%2Cmvi%2Cpl%2Crms%2Cinitcwndbps&lsig=APaTxxMwRQIgflf6GcWUVEhcfrMMZjzCcofNfi1bVXsEc7WSdYlPsiYCIQCIW6qr_g5wQJbYSlsCqDlYCKwMZF3f4VSUdyhvvXVK-Q%3D%3D -i https://rr2---sn-uxanug5-2xgd.googlevideo.com/videoplayback?expire=1779214737&ei=MVUMat-yC63K1_oPx5DmyQg&ip=1.159.129.238&id=o-AJDkXb2oMfH-Q4v9G7z_VRvmNdF9iQjcQg8H1P2oKxPq&itag=140&source=youtube&requiressl=yes&xpc=EgVo2aDSNQ%3D%3D&cps=398&met=1779193137%2C&mh=Pu&mm=31%2C29&mn=sn-uxanug5-2xgd%2Csn-ntq7yned&ms=au%2Crdu&mv=m&mvi=2&pl=17&rms=au%2Cau&initcwndbps=1831250&bui=AbKmrwpefdnCdkVWfh9TWe-xZcwKc3-PGbew6lRqWIrk9jLZqLdbdfX8d1uyluxxfNOOqi9FwrDWI_Qy&spc=96Xrv4jb44k2LA-zXfvgKS8TvuwLMxpZkqK1_UT7UpRB&vprv=1&svpuc=1&mime=audio%2Fmp4&rqh=1&gir=yes&clen=35477226&dur=2192.079&lmt=1778462628165048&mt=1779192801&fvip=3&keepalive=yes&fexp=51565116%2C51565682&c=ANDROID_VR&txp=3308224&sparams=expire%2Cei%2Cip%2Cid%2Citag%2Csource%2Crequiressl%2Cxpc%2Cbui%2Cspc%2Cvprv%2Csvpuc%2Cmime%2Crqh%2Cgir%2Cclen%2Cdur%2Clmt&sig=AHEqNM4wRgIhALCoV1gu9Wu6I397UFL0B6f_ftQeRk4l-UyV2FHq9jdRAiEAiIwS462UPN_x6LSfgurp-Kp4AwwnbS35nci1FxC9Mx4%3D&lsparams=cps%2Cmet%2Cmh%2Cmm%2Cmn%2Cms%2Cmv%2Cmvi%2Cpl%2Crms%2Cinitcwndbps&lsig=APaTxxMwRQIgflf6GcWUVEhcfrMMZjzCcofNfi1bVXsEc7WSdYlPsiYCIQCIW6qr_g5wQJbYSlsCqDlYCKwMZF3f4VSUdyhvvXVK-Q%3D%3D -c copy 8NCaEveCxJ8.mp4
2026-05-19 20:38:17,764 [INFO] ffmpeg finished for 8NCaEveCxJ8 with code 0
2026-05-19 20:38:17,764 [INFO] [ffprobe:8NCaEveCxJ8.mp4] Attempt 1/5
2026-05-19 20:38:17,764 [INFO] RUN ffprobe:8NCaEveCxJ8.mp4: ffprobe -v error -show_entries format=duration -of default=noprint_wrappers=1:nokey=1 8NCaEveCxJ8.mp4
2026-05-19 20:38:17,808 [INFO] Validation OK for 8NCaEveCxJ8.mp4 (size=168677563, duration=2192.08)
2026-05-19 20:38:17,808 [INFO] Moving 8NCaEveCxJ8.mp4 -> SMii7Y\Our Airport Security Still Sucks.mp4
2026-05-19 20:38:17,810 [INFO] Download complete for 8NCaEveCxJ8
2026-05-19 20:38:17,811 [INFO] Skipping already downloaded video tZ4VB-NZVMM (If you are RICH, your message is BIGGER)
2026-05-19 20:38:17,812 [INFO] Processing video XfApxifKvMg (If you’re the 1000th Chatter, I’ll grant your wish) from channel dougdougdoug
2026-05-19 20:38:17,812 [INFO] Starting download for XfApxifKvMg (If you’re the 1000th Chatter, I’ll grant your wish)
2026-05-19 20:38:17,813 [INFO] Download attempt 1/5 for XfApxifKvMg
2026-05-19 20:38:17,813 [INFO] [urls:XfApxifKvMg:134+140] Attempt 1/5
2026-05-19 20:38:17,813 [INFO] RUN urls:XfApxifKvMg:134+140: C:\Tools\yt-dlp\yt-dlp.exe -g -f 134+140 https://www.youtube.com/watch?v=XfApxifKvMg
2026-05-19 20:38:21,876 [INFO] Got URLs for XfApxifKvMg with format 134+140
2026-05-19 20:38:21,876 [INFO] Starting ffmpeg for XfApxifKvMg: ffmpeg -y -loglevel error -progress pipe:2 -i https://rr3---sn-uxanug5-2xg6.googlevideo.com/videoplayback?expire=1779215903&ei=v1kMaqbqKdOOmNMPrOvkwQc&ip=1.159.129.238&id=o-AL_6ZDYUBRYow7IycC0V8nr0alFwG_ynQz1VJP9rQNxn&itag=134&source=youtube&requiressl=yes&xpc=EgVo2aDSNQ%3D%3D&cps=417&met=1779194303%2C&mh=-7&mm=31%2C29&mn=sn-uxanug5-2xg6%2Csn-ajhxac-5c&ms=au%2Crdu&mv=m&mvi=3&pcm2cms=yes&pl=17&rms=au%2Cau&initcwndbps=1835000&bui=AbKmrwpRjhLcj8wNhZFWZXEgwRf6n3Q2hkWzNIMYcjSi2k7AK-on886cNKZGNMexynFWA3ev0-apbMPZ&spc=96XrvyKFgxa5ULbi_5LU9DCgcYTCScFOtrRpYfO4A1MP&vprv=1&svpuc=1&mime=video%2Fmp4&rqh=1&gir=yes&clen=82635250&dur=1543.566&lmt=1777187262676847&mt=1779193995&fvip=5&keepalive=yes&fexp=51565116%2C51565681&c=ANDROID_VR&txp=3309224&sparams=expire%2Cei%2Cip%2Cid%2Citag%2Csource%2Crequiressl%2Cxpc%2Cbui%2Cspc%2Cvprv%2Csvpuc%2Cmime%2Crqh%2Cgir%2Cclen%2Cdur%2Clmt&sig=AHEqNM4wRQIhALc_Rk0P1PAMBeGwlM5NBti2AMeIv8OanU_zbVE4AzVvAiB4--B1mQcnbTSar6ddyBqatHMhA6FZ0AIHl5O-tHMppA%3D%3D&lsparams=cps%2Cmet%2Cmh%2Cmm%2Cmn%2Cms%2Cmv%2Cmvi%2Cpcm2cms%2Cpl%2Crms%2Cinitcwndbps&lsig=APaTxxMwRQIgK4abzjgGaZt5hGAlsDGMeie3Op_lPIvD9b9QGw90esACIQCbfDoW3pFfshR1daJbsMAimp0_-nnphtlaZT5431VnHw%3D%3D -i https://rr3---sn-uxanug5-2xg6.googlevideo.com/videoplayback?expire=1779215903&ei=v1kMaqbqKdOOmNMPrOvkwQc&ip=1.159.129.238&id=o-AL_6ZDYUBRYow7IycC0V8nr0alFwG_ynQz1VJP9rQNxn&itag=140&source=youtube&requiressl=yes&xpc=EgVo2aDSNQ%3D%3D&cps=417&met=1779194303%2C&mh=-7&mm=31%2C29&mn=sn-uxanug5-2xg6%2Csn-ajhxac-5c&ms=au%2Crdu&mv=m&mvi=3&pcm2cms=yes&pl=17&rms=au%2Cau&initcwndbps=1835000&bui=AbKmrwpRjhLcj8wNhZFWZXEgwRf6n3Q2hkWzNIMYcjSi2k7AK-on886cNKZGNMexynFWA3ev0-apbMPZ&spc=96XrvyKFgxa5ULbi_5LU9DCgcYTCScFOtrRpYfO4A1MP&vprv=1&svpuc=1&xtags=acont%3Doriginal%3Alang%3Den-US&mime=audio%2Fmp4&rqh=1&gir=yes&clen=24982129&dur=1543.592&lmt=1777198959853069&mt=1779193995&fvip=5&keepalive=yes&fexp=51565116%2C51565681&c=ANDROID_VR&txp=3308224&sparams=expire%2Cei%2Cip%2Cid%2Citag%2Csource%2Crequiressl%2Cxpc%2Cbui%2Cspc%2Cvprv%2Csvpuc%2Cxtags%2Cmime%2Crqh%2Cgir%2Cclen%2Cdur%2Clmt&sig=AHEqNM4wRQIgEiZWDA8jhvp1ix6w8o-uWEKcBYLNOLLpqWZR4JwKp8ICIQDBJiRX-NBA-x9W6diag2GJeC8jOJyAN2LD0KuToc26GA%3D%3D&lsparams=cps%2Cmet%2Cmh%2Cmm%2Cmn%2Cms%2Cmv%2Cmvi%2Cpcm2cms%2Cpl%2Crms%2Cinitcwndbps&lsig=APaTxxMwRQIgK4abzjgGaZt5hGAlsDGMeie3Op_lPIvD9b9QGw90esACIQCbfDoW3pFfshR1daJbsMAimp0_-nnphtlaZT5431VnHw%3D%3D -c copy XfApxifKvMg.mp4
2026-05-19 20:52:31,881 [INFO] ffmpeg finished for XfApxifKvMg with code 0
2026-05-19 20:52:31,881 [INFO] [ffprobe:XfApxifKvMg.mp4] Attempt 1/5
2026-05-19 20:52:31,882 [INFO] RUN ffprobe:XfApxifKvMg.mp4: ffprobe -v error -show_entries format=duration -of default=noprint_wrappers=1:nokey=1 XfApxifKvMg.mp4
2026-05-19 20:52:31,922 [INFO] Validation OK for XfApxifKvMg.mp4 (size=108191262, duration=1543.59)
2026-05-19 20:52:31,922 [INFO] Moving XfApxifKvMg.mp4 -> dougdougdoug\If you’re the 1000th Chatter, I’ll grant your wish.mp4
2026-05-19 20:52:31,924 [INFO] Download complete for XfApxifKvMg
2026-05-19 20:52:31,926 [INFO] Processing video C_DRPxaYR5w (I programmed EVERY SIN and FORCED us to do them (in Diablo 4)) from channel failboat
2026-05-19 20:52:31,926 [INFO] Starting download for C_DRPxaYR5w (I programmed EVERY SIN and FORCED us to do them (in Diablo 4))
2026-05-19 20:52:31,927 [INFO] Download attempt 1/5 for C_DRPxaYR5w
2026-05-19 20:52:31,927 [INFO] [urls:C_DRPxaYR5w:134+140] Attempt 1/5
2026-05-19 20:52:31,927 [INFO] RUN urls:C_DRPxaYR5w:134+140: C:\Tools\yt-dlp\yt-dlp.exe -g -f 134+140 https://www.youtube.com/watch?v=C_DRPxaYR5w
2026-05-19 20:52:35,056 [WARNING] [urls:C_DRPxaYR5w:134+140] Failed (code 1).
2026-05-19 20:52:35,056 [INFO] [urls:C_DRPxaYR5w:134+140] Retrying in 5 seconds...
2026-05-19 20:52:40,057 [INFO] [urls:C_DRPxaYR5w:134+140] Attempt 2/5
2026-05-19 20:52:40,057 [INFO] RUN urls:C_DRPxaYR5w:134+140: C:\Tools\yt-dlp\yt-dlp.exe -g -f 134+140 https://www.youtube.com/watch?v=C_DRPxaYR5w
2026-05-19 20:52:43,004 [INFO] Got URLs for C_DRPxaYR5w with format 134+140
2026-05-19 20:52:43,005 [INFO] Starting ffmpeg for C_DRPxaYR5w: ffmpeg -y -loglevel error -progress pipe:2 -i https://rr3---sn-uxanug5-2xg6.googlevideo.com/videoplayback?expire=1779216764&ei=HF0Map7DNZv1ssUP6Y3YqAE&ip=1.159.129.238&id=o-AOk78BHpA_fzmuS1mwl_n1TIDeXAdfTCv_7qEHn8UDNH&itag=134&source=youtube&requiressl=yes&xpc=EgVo2aDSNQ%3D%3D&cps=310&met=1779195164%2C&mh=T2&mm=31%2C29&mn=sn-uxanug5-2xg6%2Csn-ajhxac-5c&ms=au%2Crdu&mv=m&mvi=3&pcm2cms=yes&pl=17&rms=au%2Cau&initcwndbps=1841250&bui=AbKmrwpipP3buIrLyRMk0Q853tGoF3M3_O0ZZ9CcN2WCob8kM64jBu5Npo-XBKB-TeKT_gRur6vRqboN&spc=96Xrv-HLY4Odd64iGMinmEaUWCXD-ZiCH-IdmVYR2nL5&vprv=1&svpuc=1&mime=video%2Fmp4&rqh=1&gir=yes&clen=121099356&dur=1959.433&lmt=1778787912212506&mt=1779194720&fvip=3&keepalive=yes&fexp=51565115%2C51565681&c=ANDROID_VR&txp=3309224&sparams=expire%2Cei%2Cip%2Cid%2Citag%2Csource%2Crequiressl%2Cxpc%2Cbui%2Cspc%2Cvprv%2Csvpuc%2Cmime%2Crqh%2Cgir%2Cclen%2Cdur%2Clmt&sig=AHEqNM4wRgIhAKvNFXIjnJTMCu-oNw41J0-jrB5YXg_WzT3pxO1u3Qt8AiEAmLLGPDOA5RDZRkZFfsT-_rU17GJmkeN9L0Rd2G8D45E%3D&lsparams=cps%2Cmet%2Cmh%2Cmm%2Cmn%2Cms%2Cmv%2Cmvi%2Cpcm2cms%2Cpl%2Crms%2Cinitcwndbps&lsig=APaTxxMwRgIhANSB0NbhOeZA32vvU52LBI3K1GyUtT0r8CjSnMuCPa41AiEAvRaJrghlhgv5iHPIBPs-pG1i_6KmKgnb-jCcWw0G-5A%3D -i https://rr3---sn-uxanug5-2xg6.googlevideo.com/videoplayback?expire=1779216764&ei=HF0Map7DNZv1ssUP6Y3YqAE&ip=1.159.129.238&id=o-AOk78BHpA_fzmuS1mwl_n1TIDeXAdfTCv_7qEHn8UDNH&itag=140&source=youtube&requiressl=yes&xpc=EgVo2aDSNQ%3D%3D&cps=310&met=1779195164%2C&mh=T2&mm=31%2C29&mn=sn-uxanug5-2xg6%2Csn-ajhxac-5c&ms=au%2Crdu&mv=m&mvi=3&pcm2cms=yes&pl=17&rms=au%2Cau&initcwndbps=1841250&bui=AbKmrwpipP3buIrLyRMk0Q853tGoF3M3_O0ZZ9CcN2WCob8kM64jBu5Npo-XBKB-TeKT_gRur6vRqboN&spc=96Xrv-HLY4Odd64iGMinmEaUWCXD-ZiCH-IdmVYR2nL5&vprv=1&svpuc=1&mime=audio%2Fmp4&rqh=1&gir=yes&clen=31713215&dur=1959.485&lmt=1778787925926486&mt=1779194720&fvip=3&keepalive=yes&fexp=51565115%2C51565681&c=ANDROID_VR&txp=3308224&sparams=expire%2Cei%2Cip%2Cid%2Citag%2Csource%2Crequiressl%2Cxpc%2Cbui%2Cspc%2Cvprv%2Csvpuc%2Cmime%2Crqh%2Cgir%2Cclen%2Cdur%2Clmt&sig=AHEqNM4wRAIgOLxUtbum12CaKOv6Zku49Ga2iwAHkGMVKTmGUTm6AYQCIFfMqzRCg7aVEDSmLedo-BvOOTMn-NdXYFrKWZmNc6br&lsparams=cps%2Cmet%2Cmh%2Cmm%2Cmn%2Cms%2Cmv%2Cmvi%2Cpcm2cms%2Cpl%2Crms%2Cinitcwndbps&lsig=APaTxxMwRgIhANSB0NbhOeZA32vvU52LBI3K1GyUtT0r8CjSnMuCPa41AiEAvRaJrghlhgv5iHPIBPs-pG1i_6KmKgnb-jCcWw0G-5A%3D -c copy C_DRPxaYR5w.mp4
2026-05-19 21:10:25,792 [INFO] ffmpeg finished for C_DRPxaYR5w with code 0
2026-05-19 21:10:25,792 [INFO] [ffprobe:C_DRPxaYR5w.mp4] Attempt 1/5
2026-05-19 21:10:25,792 [INFO] RUN ffprobe:C_DRPxaYR5w.mp4: ffprobe -v error -show_entries format=duration -of default=noprint_wrappers=1:nokey=1 C_DRPxaYR5w.mp4
2026-05-19 21:10:25,838 [INFO] Validation OK for C_DRPxaYR5w.mp4 (size=153588034, duration=1959.49)
2026-05-19 21:10:25,838 [INFO] Moving C_DRPxaYR5w.mp4 -> failboat\I programmed EVERY SIN and FORCED us to do them (in Diablo 4).mp4
2026-05-19 21:10:25,841 [INFO] Download complete for C_DRPxaYR5w
2026-05-19 21:10:25,842 [INFO] Skipping already downloaded video F8LmpN1c-iw (I programmed Miis to BRUTALLY FIGHT)
2026-05-19 21:10:25,843 [INFO] Skipping already downloaded video PpejN5lBKSQ (This Is What Happens When a Psychopath Is Unleashed on Piracy - Windrose)
2026-05-19 21:10:25,843 [INFO] Skipping already downloaded video Uj5RnygvoKk (I Brainwashed an Entire Village to Win the Game For Me - Soulmask 1.0 - Shifting Sands DLC)
2026-05-19 21:10:25,843 [INFO] Skipping already downloaded video uM7DOotzcPs (I Tricked The Internet With Fake AI Videos)
2026-05-19 21:10:25,844 [INFO] Skipping already downloaded video 5hVUPuuo2QM (BREAKING ChatGPT’s New Image Generator)
2026-05-19 21:10:25,844 [INFO] Processing video U5Xpd8ja9bk (Where the hell is Iron Lung...?) from channel markiplier
2026-05-19 21:10:25,844 [INFO] Starting download for U5Xpd8ja9bk (Where the hell is Iron Lung...?)
2026-05-19 21:10:25,846 [INFO] Download attempt 1/5 for U5Xpd8ja9bk
2026-05-19 21:10:25,846 [INFO] [urls:U5Xpd8ja9bk:134+140] Attempt 1/5
2026-05-19 21:10:25,846 [INFO] RUN urls:U5Xpd8ja9bk:134+140: C:\Tools\yt-dlp\yt-dlp.exe -g -f 134+140 https://www.youtube.com/watch?v=U5Xpd8ja9bk
2026-05-19 21:10:29,032 [INFO] Got URLs for U5Xpd8ja9bk with format 134+140
2026-05-19 21:10:29,032 [INFO] Starting ffmpeg for U5Xpd8ja9bk: ffmpeg -y -loglevel error -progress pipe:2 -i https://rr2---sn-uxanug5-2xg6.googlevideo.com/videoplayback?expire=1779217831&ei=RmEMapWCO7zb4-EPhfP5kAw&ip=1.159.129.238&id=o-ALiSM5YfgSSgSEMPN6saL2USutIklCB_hYDG2EQaU1xi&itag=134&source=youtube&requiressl=yes&xpc=EgVo2aDSNQ%3D%3D&cps=800&met=1779196230%2C&mh=to&mm=31%2C29&mn=sn-uxanug5-2xg6%2Csn-ajhxac-5c&ms=au%2Crdu&mv=m&mvi=2&pcm2cms=yes&pl=17&rms=au%2Cau&initcwndbps=1895000&bui=AbKmrwos1IMTCFRcuAE7PG6-okz10GUrzvKY24GZtaO0Iy31b9QE9NDJ1iL-UzRgf6b9Q1ITaF0OcCwD&spc=96Xrv32kgV6_3k_2NNFCZlmz3YSV9DV3uznNKvGxLBDI&vprv=1&svpuc=1&mime=video%2Fmp4&rqh=1&gir=yes&clen=10415322&dur=557.733&lmt=1779080298398191&mt=1779195914&fvip=4&keepalive=yes&fexp=51565116%2C51565681&c=ANDROID_VR&txp=4532534&sparams=expire%2Cei%2Cip%2Cid%2Citag%2Csource%2Crequiressl%2Cxpc%2Cbui%2Cspc%2Cvprv%2Csvpuc%2Cmime%2Crqh%2Cgir%2Cclen%2Cdur%2Clmt&sig=AHEqNM4wRQIgf0h1CEa6j6b-RXhvs730eOi2GZWd5wEQxJgXCftcsLICIQC-M32oWNi5FQfkKayPXk4Cw3IOC4Niw5THIguSqIQN6A%3D%3D&lsparams=cps%2Cmet%2Cmh%2Cmm%2Cmn%2Cms%2Cmv%2Cmvi%2Cpcm2cms%2Cpl%2Crms%2Cinitcwndbps&lsig=APaTxxMwRAIgYyAdYJdsNlCFvBrhD4FXjX_AiRWuKQkxfR3_3Xefu1sCIEarPO1b2LMN2YpswACZTftysNAeB5KjmaMfyA5labtB -i https://rr2---sn-uxanug5-2xg6.googlevideo.com/videoplayback?expire=1779217831&ei=RmEMapWCO7zb4-EPhfP5kAw&ip=1.159.129.238&id=o-ALiSM5YfgSSgSEMPN6saL2USutIklCB_hYDG2EQaU1xi&itag=140&source=youtube&requiressl=yes&xpc=EgVo2aDSNQ%3D%3D&cps=800&met=1779196230%2C&mh=to&mm=31%2C29&mn=sn-uxanug5-2xg6%2Csn-ajhxac-5c&ms=au%2Crdu&mv=m&mvi=2&pcm2cms=yes&pl=17&rms=au%2Cau&initcwndbps=1895000&bui=AbKmrwos1IMTCFRcuAE7PG6-okz10GUrzvKY24GZtaO0Iy31b9QE9NDJ1iL-UzRgf6b9Q1ITaF0OcCwD&spc=96Xrv32kgV6_3k_2NNFCZlmz3YSV9DV3uznNKvGxLBDI&vprv=1&svpuc=1&mime=audio%2Fmp4&rqh=1&gir=yes&clen=9028350&dur=557.812&lmt=1779074429368057&mt=1779195914&fvip=4&keepalive=yes&fexp=51565116%2C51565681&c=ANDROID_VR&txp=4532534&sparams=expire%2Cei%2Cip%2Cid%2Citag%2Csource%2Crequiressl%2Cxpc%2Cbui%2Cspc%2Cvprv%2Csvpuc%2Cmime%2Crqh%2Cgir%2Cclen%2Cdur%2Clmt&sig=AHEqNM4wRAIgJiCy3HrthaJ5_S7-HnC3qs4h8z1kw907cq5Rgj-xbaQCIBp6M7klnYOgoiFZ1OILLw3a4Jmwlc0XKZghyKi97gtk&lsparams=cps%2Cmet%2Cmh%2Cmm%2Cmn%2Cms%2Cmv%2Cmvi%2Cpcm2cms%2Cpl%2Crms%2Cinitcwndbps&lsig=APaTxxMwRAIgYyAdYJdsNlCFvBrhD4FXjX_AiRWuKQkxfR3_3Xefu1sCIEarPO1b2LMN2YpswACZTftysNAeB5KjmaMfyA5labtB -c copy U5Xpd8ja9bk.mp4
2026-05-19 21:10:49,241 [INFO] ffmpeg finished for U5Xpd8ja9bk with code 0
2026-05-19 21:10:49,241 [INFO] [ffprobe:U5Xpd8ja9bk.mp4] Attempt 1/5
2026-05-19 21:10:49,241 [INFO] RUN ffprobe:U5Xpd8ja9bk.mp4: ffprobe -v error -show_entries format=duration -of default=noprint_wrappers=1:nokey=1 U5Xpd8ja9bk.mp4
2026-05-19 21:10:49,277 [INFO] Validation OK for U5Xpd8ja9bk.mp4 (size=19717231, duration=557.81)
2026-05-19 21:10:49,277 [INFO] Moving U5Xpd8ja9bk.mp4 -> markiplier\Where the hell is Iron Lung.mp4
2026-05-19 21:10:49,279 [INFO] Download complete for U5Xpd8ja9bk
2026-05-19 21:10:49,280 [INFO] Channel markiplier cooling down for 30.0 seconds
2026-05-19 21:11:19,280 [INFO] Processing video Dlvn-E1GiN0 (TRY NOT TO PANIC | Subnautica 2 - Part 2) from channel markiplier
2026-05-19 21:11:19,280 [INFO] Starting download for Dlvn-E1GiN0 (TRY NOT TO PANIC | Subnautica 2 - Part 2)
2026-05-19 21:11:19,281 [INFO] Download attempt 1/5 for Dlvn-E1GiN0
2026-05-19 21:11:19,282 [INFO] [urls:Dlvn-E1GiN0:134+140] Attempt 1/5
2026-05-19 21:11:19,282 [INFO] RUN urls:Dlvn-E1GiN0:134+140: C:\Tools\yt-dlp\yt-dlp.exe -g -f 134+140 https://www.youtube.com/watch?v=Dlvn-E1GiN0
2026-05-19 21:11:23,349 [INFO] Got URLs for Dlvn-E1GiN0 with format 134+140
2026-05-19 21:11:23,350 [INFO] Starting ffmpeg for Dlvn-E1GiN0: ffmpeg -y -loglevel error -progress pipe:2 -i https://rr4---sn-uxanug5-2xgd.googlevideo.com/videoplayback?expire=1779217885&ei=fWEMasrUEJXEg8UP88GriQo&ip=1.159.129.238&id=o-ADGvFnEob6wsHvBkIxw6Lkh4Y2fEb-vZCe0iiGy8lZLU&itag=134&source=youtube&requiressl=yes&xpc=EgVo2aDSNQ%3D%3D&cps=592&met=1779196285%2C&mh=JU&mm=31%2C29&mn=sn-uxanug5-2xgd%2Csn-ajhxac-5c&ms=au%2Crdu&mv=m&mvi=4&pl=17&rms=au%2Cau&initcwndbps=1960000&bui=AbKmrwpnuPkcaHF_HGqZ_YftjwbkUEd7_bHUNaZvCbks7RtojlhJGFlXB1Iw_MesOL1cTp02rNKGT-_E&spc=96Xrv7c3VzB7bqumYWHeNNjgzdCcKJRVPNKj5mR17IXK&vprv=1&svpuc=1&mime=video%2Fmp4&rqh=1&gir=yes&clen=112143756&dur=2736.766&lmt=1779154323833014&mt=1779195914&fvip=4&keepalive=yes&fexp=51565115%2C51565682&c=ANDROID_VR&txp=4532534&sparams=expire%2Cei%2Cip%2Cid%2Citag%2Csource%2Crequiressl%2Cxpc%2Cbui%2Cspc%2Cvprv%2Csvpuc%2Cmime%2Crqh%2Cgir%2Cclen%2Cdur%2Clmt&sig=AHEqNM4wRQIhAN7zrWKyiwdZChGYr0ITBnbYNWWxzr1eQu8Tjxoh_yPOAiA8xab7Ypi0wewpNA4_3d3NZgWExwRRIE-CNiYobDWBjA%3D%3D&lsparams=cps%2Cmet%2Cmh%2Cmm%2Cmn%2Cms%2Cmv%2Cmvi%2Cpl%2Crms%2Cinitcwndbps&lsig=APaTxxMwRQIhAPDxaTyhwhXGMOgdiu0PyXIx1brmOJ89FI-e7al_gu8uAiBZZdyyAhoKdRsmMXFawngL37Y1lRphJoss4d4Qh1evyw%3D%3D -i https://rr4---sn-uxanug5-2xgd.googlevideo.com/videoplayback?expire=1779217885&ei=fWEMasrUEJXEg8UP88GriQo&ip=1.159.129.238&id=o-ADGvFnEob6wsHvBkIxw6Lkh4Y2fEb-vZCe0iiGy8lZLU&itag=140&source=youtube&requiressl=yes&xpc=EgVo2aDSNQ%3D%3D&cps=592&met=1779196285%2C&mh=JU&mm=31%2C29&mn=sn-uxanug5-2xgd%2Csn-ajhxac-5c&ms=au%2Crdu&mv=m&mvi=4&pl=17&rms=au%2Cau&initcwndbps=1960000&bui=AbKmrwpnuPkcaHF_HGqZ_YftjwbkUEd7_bHUNaZvCbks7RtojlhJGFlXB1Iw_MesOL1cTp02rNKGT-_E&spc=96Xrv7c3VzB7bqumYWHeNNjgzdCcKJRVPNKj5mR17IXK&vprv=1&svpuc=1&xtags=acont%3Doriginal%3Alang%3Den-US&mime=audio%2Fmp4&rqh=1&gir=yes&clen=44293609&dur=2736.843&lmt=1779150025126893&mt=1779195914&fvip=4&keepalive=yes&fexp=51565115%2C51565682&c=ANDROID_VR&txp=4532534&sparams=expire%2Cei%2Cip%2Cid%2Citag%2Csource%2Crequiressl%2Cxpc%2Cbui%2Cspc%2Cvprv%2Csvpuc%2Cxtags%2Cmime%2Crqh%2Cgir%2Cclen%2Cdur%2Clmt&sig=AHEqNM4wRQIhALmtDF4yL495Bq41m4a7cK5acHDyInI4rT4WVJTHgaWiAiBfP9pJJg3OD7O5j0N5ZjauigNnRapfH8Sh0rvxVbDyDw%3D%3D&lsparams=cps%2Cmet%2Cmh%2Cmm%2Cmn%2Cms%2Cmv%2Cmvi%2Cpl%2Crms%2Cinitcwndbps&lsig=APaTxxMwRQIhAPDxaTyhwhXGMOgdiu0PyXIx1brmOJ89FI-e7al_gu8uAiBZZdyyAhoKdRsmMXFawngL37Y1lRphJoss4d4Qh1evyw%3D%3D -c copy Dlvn-E1GiN0.mp4
2026-05-19 21:37:12,702 [INFO] ffmpeg finished for Dlvn-E1GiN0 with code 0
2026-05-19 21:37:12,702 [INFO] [ffprobe:Dlvn-E1GiN0.mp4] Attempt 1/5
2026-05-19 21:37:12,703 [INFO] RUN ffprobe:Dlvn-E1GiN0.mp4: ffprobe -v error -show_entries format=duration -of default=noprint_wrappers=1:nokey=1 Dlvn-E1GiN0.mp4
2026-05-19 21:37:12,752 [INFO] Validation OK for Dlvn-E1GiN0.mp4 (size=156645587, duration=2736.77)
2026-05-19 21:37:12,752 [INFO] Moving Dlvn-E1GiN0.mp4 -> markiplier\TRY NOT TO PANIC  Subnautica 2 - Part 2.mp4
2026-05-19 21:37:12,755 [INFO] Download complete for Dlvn-E1GiN0
2026-05-19 21:37:12,756 [INFO] Processing video vB0Cjx0K2Uw (I 100% Pokemon Legends ZA, It was a Mistake) from channel Fir
2026-05-19 21:37:12,756 [INFO] Starting download for vB0Cjx0K2Uw (I 100% Pokemon Legends ZA, It was a Mistake)
2026-05-19 21:37:12,757 [INFO] Download attempt 1/5 for vB0Cjx0K2Uw
2026-05-19 21:37:12,758 [INFO] [urls:vB0Cjx0K2Uw:134+140] Attempt 1/5
2026-05-19 21:37:12,758 [INFO] RUN urls:vB0Cjx0K2Uw:134+140: C:\Tools\yt-dlp\yt-dlp.exe -g -f 134+140 https://www.youtube.com/watch?v=vB0Cjx0K2Uw
2026-05-19 21:37:16,260 [INFO] Got URLs for vB0Cjx0K2Uw with format 134+140
2026-05-19 21:37:16,260 [INFO] Starting ffmpeg for vB0Cjx0K2Uw: ffmpeg -y -loglevel error -progress pipe:2 -i https://rr4---sn-uxanug5-2xgd.googlevideo.com/videoplayback?expire=1779219437&ei=jWcMat6UMoSu9fwP-8fISQ&ip=1.159.129.238&id=o-AKRnfHYK0bFh-_B4nuoeBYcfk9kkxj_Al7jR0ylTO8dM&itag=134&source=youtube&requiressl=yes&xpc=EgVo2aDSNQ%3D%3D&cps=498&met=1779197837%2C&mh=0l&mm=31%2C29&mn=sn-uxanug5-2xgd%2Csn-ajhxac-5c&ms=au%2Crdu&mv=m&mvi=4&pl=17&rms=au%2Cau&initcwndbps=1932500&bui=AbKmrwpcSRhd1XN8u-e_MxxZExixYhcg9BiFaIYSCvKEaVZyh9GwWi_FCuFKn8Qw-wgD7fql9Ps0ZzYW&spc=96Xrv7hEdH6qQbIxBIpVtav6vVBxTLpHwHf6TrbaXuyW&vprv=1&svpuc=1&mime=video%2Fmp4&rqh=1&gir=yes&clen=449511585&dur=13413.665&lmt=1778319487706702&mt=1779197372&fvip=3&keepalive=yes&fexp=51565116%2C51565681&c=ANDROID_VR&txp=4532534&sparams=expire%2Cei%2Cip%2Cid%2Citag%2Csource%2Crequiressl%2Cxpc%2Cbui%2Cspc%2Cvprv%2Csvpuc%2Cmime%2Crqh%2Cgir%2Cclen%2Cdur%2Clmt&sig=AHEqNM4wRQIhAOkV7RNPTwlFC3owSumKSnhvoyeB1h2n_1I-F1-_O4qoAiAMUc_7rNHxu9gxCuHzbrpi2ktCHvIbnv7uHGhpGEYDcA%3D%3D&lsparams=cps%2Cmet%2Cmh%2Cmm%2Cmn%2Cms%2Cmv%2Cmvi%2Cpl%2Crms%2Cinitcwndbps&lsig=APaTxxMwRQIgZn833UixMqiRn4wx8jDUIdHtWfTShflhtUrCWbef1kACIQD20Kbx2OtjU05HvYrgiTKSvWO4cB-wdB-nnnhv9KpGpw%3D%3D -i https://rr4---sn-uxanug5-2xgd.googlevideo.com/videoplayback?expire=1779219437&ei=jWcMat6UMoSu9fwP-8fISQ&ip=1.159.129.238&id=o-AKRnfHYK0bFh-_B4nuoeBYcfk9kkxj_Al7jR0ylTO8dM&itag=140&source=youtube&requiressl=yes&xpc=EgVo2aDSNQ%3D%3D&cps=498&met=1779197837%2C&mh=0l&mm=31%2C29&mn=sn-uxanug5-2xgd%2Csn-ajhxac-5c&ms=au%2Crdu&mv=m&mvi=4&pl=17&rms=au%2Cau&initcwndbps=1932500&bui=AbKmrwpcSRhd1XN8u-e_MxxZExixYhcg9BiFaIYSCvKEaVZyh9GwWi_FCuFKn8Qw-wgD7fql9Ps0ZzYW&spc=96Xrv7hEdH6qQbIxBIpVtav6vVBxTLpHwHf6TrbaXuyW&vprv=1&svpuc=1&mime=audio%2Fmp4&rqh=1&gir=yes&clen=217087008&dur=13413.725&lmt=1778277110860945&mt=1779197372&fvip=3&keepalive=yes&fexp=51565116%2C51565681&c=ANDROID_VR&txp=4532534&sparams=expire%2Cei%2Cip%2Cid%2Citag%2Csource%2Crequiressl%2Cxpc%2Cbui%2Cspc%2Cvprv%2Csvpuc%2Cmime%2Crqh%2Cgir%2Cclen%2Cdur%2Clmt&sig=AHEqNM4wRQIgNWcGdovFyjYLMVzX3qDYabWg8rcGzhdSStzL2hFkWB0CIQCWnNGAdfi4dymGpmo6iAqMfYYJqnPGFTiewTb60iPiCQ%3D%3D&lsparams=cps%2Cmet%2Cmh%2Cmm%2Cmn%2Cms%2Cmv%2Cmvi%2Cpl%2Crms%2Cinitcwndbps&lsig=APaTxxMwRQIgZn833UixMqiRn4wx8jDUIdHtWfTShflhtUrCWbef1kACIQD20Kbx2OtjU05HvYrgiTKSvWO4cB-wdB-nnnhv9KpGpw%3D%3D -c copy vB0Cjx0K2Uw.mp4
2026-05-19 22:28:21,812 [WARNING] Ctrl+C detected — graceful shutdown requested.
2026-05-19 22:28:21,816 [WARNING] Terminated ffmpeg for vB0Cjx0K2Uw due to Ctrl+C.
2026-05-19 22:28:21,817 [ERROR] ffmpeg failed for vB0Cjx0K2Uw on attempt 1
2026-05-19 22:28:21,818 [WARNING] Moving corrupted file vB0Cjx0K2Uw.mp4 -> corrupted\vB0Cjx0K2Uw.mp4
2026-05-19 22:28:26,820 [WARNING] Interrupted during download of vB0Cjx0K2Uw — aborting safely.
2026-05-19 22:28:26,822 [INFO] Graceful exit requested before next video.
2026-05-19 22:28:26,822 [INFO] === EXIT ===
2026-06-04 21:24:34,301 [INFO] === START ===
2026-06-04 21:24:34,301 [ERROR] yt-dlp.exe missing at C:\Tools\yt-dlp\yt-dlp.exe
2026-06-04 21:24:34,302 [WARNING] Attempting to re-download yt-dlp.exe...
2026-06-04 21:24:38,477 [INFO] Downloaded new yt-dlp.exe (18448981 bytes)
2026-06-04 21:24:38,485 [INFO] Found leftover file C:\_UserFolders\YT\X3M-_xdfCaA.mp4 (id=X3M-_xdfCaA), validating...
2026-06-04 21:24:38,485 [INFO] [ffprobe:X3M-_xdfCaA.mp4] Attempt 1/5
2026-06-04 21:24:38,485 [INFO] RUN ffprobe:X3M-_xdfCaA.mp4: ffprobe -v error -show_entries format=duration -of default=noprint_wrappers=1:nokey=1 C:\_UserFolders\YT\X3M-_xdfCaA.mp4
2026-06-04 21:24:50,872 [INFO] === START ===
2026-06-04 21:24:52,069 [INFO] yt-dlp.exe verified OK (size=18448981 bytes)
2026-06-04 21:24:52,069 [INFO] Found leftover file C:\_UserFolders\YT\X3M-_xdfCaA.mp4 (id=X3M-_xdfCaA), validating...
2026-06-04 21:24:52,069 [INFO] [ffprobe:X3M-_xdfCaA.mp4] Attempt 1/5
2026-06-04 21:24:52,069 [INFO] RUN ffprobe:X3M-_xdfCaA.mp4: ffprobe -v error -show_entries format=duration -of default=noprint_wrappers=1:nokey=1 C:\_UserFolders\YT\X3M-_xdfCaA.mp4
2026-06-04 21:26:04,203 [INFO] === START ===
2026-06-04 21:26:05,247 [INFO] yt-dlp.exe verified OK (size=18448981 bytes)
2026-06-04 21:26:05,247 [INFO] Found leftover file C:\_UserFolders\YT\X3M-_xdfCaA.mp4 (id=X3M-_xdfCaA), validating...
2026-06-04 21:26:05,248 [INFO] [ffprobe:X3M-_xdfCaA.mp4] Attempt 1/5
2026-06-04 21:26:05,248 [INFO] RUN ffprobe:X3M-_xdfCaA.mp4: ffprobe -v error -show_entries format=duration -of default=noprint_wrappers=1:nokey=1 C:\_UserFolders\YT\X3M-_xdfCaA.mp4
2026-06-04 21:26:51,655 [INFO] === START ===
2026-06-04 21:26:52,707 [INFO] yt-dlp.exe verified OK (size=18448981 bytes)
2026-06-04 21:26:52,708 [INFO] Found leftover file C:\_UserFolders\YT\X3M-_xdfCaA.mp4 (id=X3M-_xdfCaA), validating...
2026-06-04 21:26:52,708 [INFO] [ffprobe:X3M-_xdfCaA.mp4] Attempt 1/5
2026-06-04 21:26:52,708 [INFO] RUN ffprobe:X3M-_xdfCaA.mp4: ffprobe -v error -show_entries format=duration -of default=noprint_wrappers=1:nokey=1 C:\_UserFolders\YT\X3M-_xdfCaA.mp4
2026-06-04 21:27:01,419 [INFO] === START ===
2026-06-04 21:27:02,467 [INFO] yt-dlp.exe verified OK (size=18448981 bytes)
2026-06-04 21:27:02,468 [INFO] Found leftover file C:\_UserFolders\YT\X3M-_xdfCaA.mp4 (id=X3M-_xdfCaA), validating...
2026-06-04 21:27:02,468 [INFO] [ffprobe:X3M-_xdfCaA.mp4] Attempt 1/5
2026-06-04 21:27:02,468 [INFO] RUN ffprobe:X3M-_xdfCaA.mp4: ffprobe -v error -show_entries format=duration -of default=noprint_wrappers=1:nokey=1 C:\_UserFolders\YT\X3M-_xdfCaA.mp4
2026-09-09 20:44:07,086 [INFO] === START ===
2026-09-09 20:44:07,087 [ERROR] yt-dlp.exe missing at C:\Tools\yt-dlp\yt-dlp.exe
2026-09-09 20:44:07,087 [WARNING] Attempting to re-download yt-dlp.exe...
2026-09-09 20:44:11,068 [INFO] Downloaded new yt-dlp.exe (17840399 bytes)
2026-09-09 20:44:11,069 [INFO] Found leftover file C:\_UserFolders\YT\X3M-_xdfCaA.mp4 (id=X3M-_xdfCaA), validating...
2026-09-09 20:44:11,070 [INFO] [ffprobe:X3M-_xdfCaA.mp4] Attempt 1/5
2026-09-09 20:44:11,070 [INFO] RUN ffprobe:X3M-_xdfCaA.mp4: ffprobe -v error -show_entries format=duration -of default=noprint_wrappers=1:nokey=1 C:\_UserFolders\YT\X3M-_xdfCaA.mp4
2026-09-09 20:44:13,299 [INFO] Validation OK for C:\_UserFolders\YT\X3M-_xdfCaA.mp4 (size=2795282, duration=95.27)
2026-09-09 20:44:13,299 [INFO] Leftover file C:\_UserFolders\YT\X3M-_xdfCaA.mp4 seems valid but unknown; leaving in place.
2026-09-09 20:44:13,299 [INFO] Clearing in_progress (vB0Cjx0K2Uw) because temp file missing.
2026-09-09 20:44:13,301 [INFO] [playlist:https://www.youtube.com/@SMii7Yplus] Attempt 1/5
2026-09-09 20:44:13,301 [INFO] RUN playlist:https://www.youtube.com/@SMii7Yplus: C:\Tools\yt-dlp\yt-dlp.exe --dump-json --flat-playlist --extractor-args youtube:skip=dash https://www.youtube.com/@SMii7Yplus/videos
2026-09-09 20:44:28,493 [WARNING] Ctrl+C detected — graceful shutdown requested.
2026-09-09 20:44:30,502 [WARNING] [playlist:https://www.youtube.com/@SMii7Yplus] Failed (code 1).
2026-09-09 20:44:30,502 [INFO] [playlist:https://www.youtube.com/@SMii7Yplus] Retrying in 5 seconds...
2026-09-09 20:44:35,503 [WARNING] [playlist:https://www.youtube.com/@SMii7Yplus] Aborting retries due to interrupt.
2026-09-09 20:44:35,503 [INFO] Channel https://www.youtube.com/@SMii7Yplus -> 0 videos
2026-09-09 20:44:35,503 [WARNING] [playlist:https://www.youtube.com/@SMii7Y] Aborting retries due to interrupt.
2026-09-09 20:44:35,503 [INFO] Channel https://www.youtube.com/@SMii7Y -> 0 videos
2026-09-09 20:44:35,503 [WARNING] [playlist:https://www.youtube.com/@dougdougdoug] Aborting retries due to interrupt.
2026-09-09 20:44:35,503 [INFO] Channel https://www.youtube.com/@dougdougdoug -> 0 videos
2026-09-09 20:44:35,504 [WARNING] [playlist:https://www.youtube.com/@failboat] Aborting retries due to interrupt.
2026-09-09 20:44:35,504 [INFO] Channel https://www.youtube.com/@failboat -> 0 videos
2026-09-09 20:44:35,504 [WARNING] [playlist:https://www.youtube.com/@LetsGameItOut] Aborting retries due to interrupt.
2026-09-09 20:44:35,504 [INFO] Channel https://www.youtube.com/@LetsGameItOut -> 0 videos
2026-09-09 20:44:35,504 [WARNING] [playlist:https://www.youtube.com/@dandingles] Aborting retries due to interrupt.
2026-09-09 20:44:35,505 [INFO] Channel https://www.youtube.com/@dandingles -> 0 videos
2026-09-09 20:44:35,505 [WARNING] [playlist:https://www.youtube.com/@markiplier] Aborting retries due to interrupt.
2026-09-09 20:44:35,505 [INFO] Channel https://www.youtube.com/@markiplier -> 0 videos
2026-09-09 20:44:35,505 [WARNING] [playlist:https://www.youtube.com/@Fir] Aborting retries due to interrupt.
2026-09-09 20:44:35,505 [INFO] Channel https://www.youtube.com/@Fir -> 0 videos
2026-09-09 20:44:35,505 [WARNING] [playlist:https://www.youtube.com/@PointCrow] Aborting retries due to interrupt.
2026-09-09 20:44:35,505 [INFO] Channel https://www.youtube.com/@PointCrow -> 0 videos
2026-09-09 20:44:35,505 [WARNING] [playlist:https://www.youtube.com/@DougDougHaters] Aborting retries due to interrupt.
2026-09-09 20:44:35,506 [INFO] Channel https://www.youtube.com/@DougDougHaters -> 0 videos
2026-09-09 20:44:35,506 [WARNING] [playlist:https://www.youtube.com/@ElectroBOOM] Aborting retries due to interrupt.
2026-09-09 20:44:35,506 [INFO] Channel https://www.youtube.com/@ElectroBOOM -> 0 videos
2026-09-09 20:44:35,506 [WARNING] [playlist:https://www.youtube.com/@CrowPointExists] Aborting retries due to interrupt.
2026-09-09 20:44:35,506 [INFO] Channel https://www.youtube.com/@CrowPointExists -> 0 videos
2026-09-09 20:44:35,506 [INFO] Queue size: 0
2026-09-09 20:44:35,506 [INFO] === EXIT ===
2026-09-09 20:44:39,188 [INFO] === START ===
2026-09-09 20:44:56,820 [INFO] yt-dlp.exe verified OK (size=17840399 bytes)
2026-09-09 20:44:56,821 [INFO] Found leftover file C:\_UserFolders\YT\X3M-_xdfCaA.mp4 (id=X3M-_xdfCaA), validating...
2026-09-09 20:44:56,821 [INFO] [ffprobe:X3M-_xdfCaA.mp4] Attempt 1/5
2026-09-09 20:44:56,821 [INFO] RUN ffprobe:X3M-_xdfCaA.mp4: ffprobe -v error -show_entries format=duration -of default=noprint_wrappers=1:nokey=1 C:\_UserFolders\YT\X3M-_xdfCaA.mp4
2026-09-09 20:44:56,869 [INFO] Validation OK for C:\_UserFolders\YT\X3M-_xdfCaA.mp4 (size=2795282, duration=95.27)
2026-09-09 20:44:56,870 [INFO] Leftover file C:\_UserFolders\YT\X3M-_xdfCaA.mp4 seems valid but unknown; leaving in place.
2026-09-09 20:44:56,870 [INFO] [playlist:https://www.youtube.com/@SMii7Yplus] Attempt 1/5
2026-09-09 20:44:56,870 [INFO] RUN playlist:https://www.youtube.com/@SMii7Yplus: C:\Tools\yt-dlp\yt-dlp.exe --dump-json --flat-playlist --extractor-args youtube:skip=dash https://www.youtube.com/@SMii7Yplus/videos
2026-09-09 20:45:13,560 [INFO] Channel https://www.youtube.com/@SMii7Yplus -> 2 videos
2026-09-09 20:45:13,560 [INFO] [playlist:https://www.youtube.com/@SMii7Y] Attempt 1/5
2026-09-09 20:45:13,561 [INFO] RUN playlist:https://www.youtube.com/@SMii7Y: C:\Tools\yt-dlp\yt-dlp.exe --dump-json --flat-playlist --extractor-args youtube:skip=dash https://www.youtube.com/@SMii7Y/videos
2026-09-09 20:45:39,998 [WARNING] Ctrl+C detected — graceful shutdown requested.
2026-09-09 20:45:40,550 [WARNING] [playlist:https://www.youtube.com/@SMii7Y] Failed (code 1).
2026-09-09 20:45:40,551 [INFO] [playlist:https://www.youtube.com/@SMii7Y] Retrying in 5 seconds...
2026-09-09 20:45:40,637 [WARNING] Ctrl+C detected — graceful shutdown requested.
2026-09-09 20:45:40,847 [WARNING] Ctrl+C detected — graceful shutdown requested.
2026-09-09 20:45:41,049 [WARNING] Ctrl+C detected — graceful shutdown requested.
2026-09-09 20:45:41,214 [WARNING] Ctrl+C detected — graceful shutdown requested.
2026-09-09 20:45:41,393 [WARNING] Ctrl+C detected — graceful shutdown requested.
2026-09-09 20:45:41,583 [WARNING] Ctrl+C detected — graceful shutdown requested.
2026-09-09 20:45:41,761 [WARNING] Ctrl+C detected — graceful shutdown requested.
2026-09-09 20:45:41,961 [WARNING] Ctrl+C detected — graceful shutdown requested.
2026-09-09 20:45:42,144 [WARNING] Ctrl+C detected — graceful shutdown requested.
2026-09-09 20:45:42,348 [WARNING] Ctrl+C detected — graceful shutdown requested.
2026-09-09 20:45:42,552 [WARNING] Ctrl+C detected — graceful shutdown requested.
2026-09-09 20:45:42,733 [WARNING] Ctrl+C detected — graceful shutdown requested.
2026-09-09 20:45:42,934 [WARNING] Ctrl+C detected — graceful shutdown requested.
2026-09-09 20:45:43,115 [WARNING] Ctrl+C detected — graceful shutdown requested.
2026-09-09 20:45:43,340 [WARNING] Ctrl+C detected — graceful shutdown requested.
2026-09-09 20:45:43,558 [WARNING] Ctrl+C detected — graceful shutdown requested.
2026-09-09 20:45:43,780 [WARNING] Ctrl+C detected — graceful shutdown requested.
2026-09-09 20:45:43,976 [WARNING] Ctrl+C detected — graceful shutdown requested.
2026-09-09 20:45:44,174 [WARNING] Ctrl+C detected — graceful shutdown requested.
2026-09-09 20:45:44,366 [WARNING] Ctrl+C detected — graceful shutdown requested.
2026-09-09 20:45:44,551 [WARNING] Ctrl+C detected — graceful shutdown requested.
2026-09-09 20:45:44,747 [WARNING] Ctrl+C detected — graceful shutdown requested.
2026-09-09 20:45:44,935 [WARNING] Ctrl+C detected — graceful shutdown requested.
2026-09-09 20:45:45,139 [WARNING] Ctrl+C detected — graceful shutdown requested.
2026-09-09 20:45:45,551 [WARNING] [playlist:https://www.youtube.com/@SMii7Y] Aborting retries due to interrupt.
2026-09-09 20:45:45,551 [INFO] Channel https://www.youtube.com/@SMii7Y -> 0 videos
2026-09-09 20:45:45,551 [WARNING] [playlist:https://www.youtube.com/@dougdougdoug] Aborting retries due to interrupt.
2026-09-09 20:45:45,551 [INFO] Channel https://www.youtube.com/@dougdougdoug -> 0 videos
2026-09-09 20:45:45,551 [WARNING] [playlist:https://www.youtube.com/@failboat] Aborting retries due to interrupt.
2026-09-09 20:45:45,552 [INFO] Channel https://www.youtube.com/@failboat -> 0 videos
2026-09-09 20:45:45,552 [WARNING] [playlist:https://www.youtube.com/@LetsGameItOut] Aborting retries due to interrupt.
2026-09-09 20:45:45,552 [INFO] Channel https://www.youtube.com/@LetsGameItOut -> 0 videos
2026-09-09 20:45:45,552 [WARNING] [playlist:https://www.youtube.com/@dandingles] Aborting retries due to interrupt.
2026-09-09 20:45:45,552 [INFO] Channel https://www.youtube.com/@dandingles -> 0 videos
2026-09-09 20:45:45,552 [WARNING] [playlist:https://www.youtube.com/@markiplier] Aborting retries due to interrupt.
2026-09-09 20:45:45,552 [INFO] Channel https://www.youtube.com/@markiplier -> 0 videos
2026-09-09 20:45:45,552 [WARNING] [playlist:https://www.youtube.com/@Fir] Aborting retries due to interrupt.
2026-09-09 20:45:45,552 [INFO] Channel https://www.youtube.com/@Fir -> 0 videos
2026-09-09 20:45:45,553 [WARNING] [playlist:https://www.youtube.com/@PointCrow] Aborting retries due to interrupt.
2026-09-09 20:45:45,553 [INFO] Channel https://www.youtube.com/@PointCrow -> 0 videos
2026-09-09 20:45:45,553 [WARNING] [playlist:https://www.youtube.com/@DougDougHaters] Aborting retries due to interrupt.
2026-09-09 20:45:45,553 [INFO] Channel https://www.youtube.com/@DougDougHaters -> 0 videos
2026-09-09 20:45:45,553 [WARNING] [playlist:https://www.youtube.com/@ElectroBOOM] Aborting retries due to interrupt.
2026-09-09 20:45:45,553 [INFO] Channel https://www.youtube.com/@ElectroBOOM -> 0 videos
2026-09-09 20:45:45,553 [WARNING] [playlist:https://www.youtube.com/@CrowPointExists] Aborting retries due to interrupt.
2026-09-09 20:45:45,553 [INFO] Channel https://www.youtube.com/@CrowPointExists -> 0 videos
2026-09-09 20:45:45,553 [INFO] Queue size: 2
2026-09-09 20:45:45,554 [INFO] Graceful exit requested before next video.
2026-09-09 20:45:45,554 [INFO] === EXIT ===
2026-09-09 20:45:51,509 [INFO] === START ===
2026-09-09 20:45:52,666 [INFO] yt-dlp.exe verified OK (size=17840399 bytes)
2026-09-09 20:45:52,667 [INFO] Found leftover file C:\_UserFolders\YT\X3M-_xdfCaA.mp4 (id=X3M-_xdfCaA), validating...
2026-09-09 20:45:52,667 [INFO] [ffprobe:X3M-_xdfCaA.mp4] Attempt 1/5
2026-09-09 20:45:52,667 [INFO] RUN ffprobe:X3M-_xdfCaA.mp4: ffprobe -v error -show_entries format=duration -of default=noprint_wrappers=1:nokey=1 C:\_UserFolders\YT\X3M-_xdfCaA.mp4
2026-09-09 20:45:52,706 [INFO] Validation OK for C:\_UserFolders\YT\X3M-_xdfCaA.mp4 (size=2795282, duration=95.27)
2026-09-09 20:45:52,706 [INFO] Leftover file C:\_UserFolders\YT\X3M-_xdfCaA.mp4 seems valid but unknown; leaving in place.
2026-09-09 20:45:52,706 [INFO] [playlist:https://www.youtube.com/@SMii7Yplus] Attempt 1/5
2026-09-09 20:45:52,707 [INFO] RUN playlist:https://www.youtube.com/@SMii7Yplus: C:\Tools\yt-dlp\yt-dlp.exe --dump-json --flat-playlist --extractor-args youtube:skip=dash https://www.youtube.com/@SMii7Yplus/videos
2026-09-09 20:46:02,152 [INFO] Channel https://www.youtube.com/@SMii7Yplus -> 2 videos
2026-09-09 20:46:02,152 [INFO] [playlist:https://www.youtube.com/@SMii7Y] Attempt 1/5
2026-09-09 20:46:02,152 [INFO] RUN playlist:https://www.youtube.com/@SMii7Y: C:\Tools\yt-dlp\yt-dlp.exe --dump-json --flat-playlist --extractor-args youtube:skip=dash https://www.youtube.com/@SMii7Y/videos
2026-09-09 20:46:28,218 [INFO] Channel https://www.youtube.com/@SMii7Y -> 2 videos
2026-09-09 20:46:28,218 [INFO] [playlist:https://www.youtube.com/@dougdougdoug] Attempt 1/5
2026-09-09 20:46:28,218 [INFO] RUN playlist:https://www.youtube.com/@dougdougdoug: C:\Tools\yt-dlp\yt-dlp.exe --dump-json --flat-playlist --extractor-args youtube:skip=dash https://www.youtube.com/@dougdougdoug/videos
2026-09-09 20:46:33,256 [INFO] Channel https://www.youtube.com/@dougdougdoug -> 2 videos
2026-09-09 20:46:33,257 [INFO] [playlist:https://www.youtube.com/@failboat] Attempt 1/5
2026-09-09 20:46:33,257 [INFO] RUN playlist:https://www.youtube.com/@failboat: C:\Tools\yt-dlp\yt-dlp.exe --dump-json --flat-playlist --extractor-args youtube:skip=dash https://www.youtube.com/@failboat/videos
2026-09-09 20:47:03,803 [INFO] Channel https://www.youtube.com/@failboat -> 2 videos
2026-09-09 20:47:03,803 [INFO] [playlist:https://www.youtube.com/@LetsGameItOut] Attempt 1/5
2026-09-09 20:47:03,803 [INFO] RUN playlist:https://www.youtube.com/@LetsGameItOut: C:\Tools\yt-dlp\yt-dlp.exe --dump-json --flat-playlist --extractor-args youtube:skip=dash https://www.youtube.com/@LetsGameItOut/videos
2026-09-09 20:47:20,377 [INFO] Channel https://www.youtube.com/@LetsGameItOut -> 2 videos
2026-09-09 20:47:20,377 [INFO] [playlist:https://www.youtube.com/@dandingles] Attempt 1/5
2026-09-09 20:47:20,377 [INFO] RUN playlist:https://www.youtube.com/@dandingles: C:\Tools\yt-dlp\yt-dlp.exe --dump-json --flat-playlist --extractor-args youtube:skip=dash https://www.youtube.com/@dandingles/videos
2026-09-09 20:47:24,231 [INFO] Channel https://www.youtube.com/@dandingles -> 2 videos
2026-09-09 20:47:24,231 [INFO] [playlist:https://www.youtube.com/@markiplier] Attempt 1/5
2026-09-09 20:47:24,231 [INFO] RUN playlist:https://www.youtube.com/@markiplier: C:\Tools\yt-dlp\yt-dlp.exe --dump-json --flat-playlist --extractor-args youtube:skip=dash https://www.youtube.com/@markiplier/videos
